/*
Navicat MySQL Data Transfer

Source Server         : gspel
Source Server Version : 50718
Source Host           : gspel.toosa.id:3306
Source Database       : gspel1

Target Server Type    : MYSQL
Target Server Version : 50718
File Encoding         : 65001

Date: 2017-11-19 07:41:37
*/

SET FOREIGN_KEY_CHECKS=0;

-- ----------------------------
-- Table structure for admin_groups
-- ----------------------------
DROP TABLE IF EXISTS `admin_groups`;
CREATE TABLE `admin_groups` (
  `id` mediumint(8) unsigned NOT NULL AUTO_INCREMENT,
  `name` varchar(20) NOT NULL,
  `description` varchar(100) NOT NULL,
  PRIMARY KEY (`id`)
) ENGINE=InnoDB AUTO_INCREMENT=16 DEFAULT CHARSET=utf8;

-- ----------------------------
-- Records of admin_groups
-- ----------------------------
INSERT INTO `admin_groups` VALUES ('1', 'webmaster', 'Webmaster');
INSERT INTO `admin_groups` VALUES ('2', 'admin', 'Administrator');
INSERT INTO `admin_groups` VALUES ('3', 'manager', 'Manager');
INSERT INTO `admin_groups` VALUES ('4', 'staff', 'Staff');
INSERT INTO `admin_groups` VALUES ('5', 'applicant', 'Pendaftar/Pelatih');
INSERT INTO `admin_groups` VALUES ('7', 'branch manager', 'Branch Manager');
INSERT INTO `admin_groups` VALUES ('8', 'branch executive', 'Branch Executive');
INSERT INTO `admin_groups` VALUES ('9', 'state officer', 'State Officer');
INSERT INTO `admin_groups` VALUES ('10', 'ppkl_officer', 'PPKL Officer');
INSERT INTO `admin_groups` VALUES ('11', 'trainer', 'pengajar');
INSERT INTO `admin_groups` VALUES ('13', 'pelatih officer', 'Pelatih Officer');
INSERT INTO `admin_groups` VALUES ('14', 'finance officer', 'Finance Officer');
INSERT INTO `admin_groups` VALUES ('15', 'HR Officer', 'HR Officer');

-- ----------------------------
-- Table structure for admin_login_attempts
-- ----------------------------
DROP TABLE IF EXISTS `admin_login_attempts`;
CREATE TABLE `admin_login_attempts` (
  `id` int(11) unsigned NOT NULL AUTO_INCREMENT,
  `ip_address` varchar(15) NOT NULL,
  `login` varchar(100) NOT NULL,
  `time` int(11) unsigned DEFAULT NULL,
  PRIMARY KEY (`id`)
) ENGINE=InnoDB DEFAULT CHARSET=utf8;

-- ----------------------------
-- Records of admin_login_attempts
-- ----------------------------

-- ----------------------------
-- Table structure for admin_users
-- ----------------------------
DROP TABLE IF EXISTS `admin_users`;
CREATE TABLE `admin_users` (
  `id` int(11) unsigned NOT NULL AUTO_INCREMENT,
  `id_staff` int(11) DEFAULT NULL,
  `ip_address` varchar(15) NOT NULL,
  `username` varchar(100) DEFAULT NULL,
  `password` varchar(255) NOT NULL,
  `salt` varchar(255) DEFAULT NULL,
  `email` varchar(100) DEFAULT NULL,
  `activation_code` varchar(40) DEFAULT NULL,
  `forgotten_password_code` varchar(40) DEFAULT NULL,
  `forgotten_password_time` int(11) unsigned DEFAULT NULL,
  `remember_code` varchar(40) DEFAULT NULL,
  `created_on` int(11) unsigned NOT NULL,
  `last_login` int(11) unsigned DEFAULT NULL,
  `active` tinyint(1) unsigned DEFAULT NULL,
  `first_name` varchar(50) DEFAULT NULL,
  `last_name` varchar(50) DEFAULT NULL,
  `giatmara_id` varchar(50) DEFAULT NULL,
  PRIMARY KEY (`id`),
  UNIQUE KEY `id_staff` (`id_staff`),
  CONSTRAINT `admin_users_ibfk_1` FOREIGN KEY (`id_staff`) REFERENCES `staff` (`id`)
) ENGINE=InnoDB AUTO_INCREMENT=89 DEFAULT CHARSET=utf8;

-- ----------------------------
-- Records of admin_users
-- ----------------------------
INSERT INTO `admin_users` VALUES ('1', null, '127.0.0.1', 'webmaster', '$2y$08$/X5gzWjesYi78GqeAv5tA.dVGBVP7C1e1PzqnYCVe5s1qhlDIPPES', null, null, null, null, null, 'knMgxpcG0rNd/DmcQAx6o.', '1451900190', '1510112756', '1', 'Webmaster', '', null);
INSERT INTO `admin_users` VALUES ('2', null, '127.0.0.1', 'admin', '$2y$08$kzgsqvDuIHniB3uxrQd81eueQgo5xAPOLJYIlo1l3xWLab5Zd1Uwu', null, null, null, null, null, null, '1451900228', '1511043232', '1', 'Admin', null, null);
INSERT INTO `admin_users` VALUES ('3', null, '127.0.0.1', 'manager', '$2y$08$snzIJdFXvg/rSHe0SndIAuvZyjktkjUxBXkrrGdkPy1K6r5r/dMLa', null, null, null, null, null, null, '1451900430', '1502805823', '1', 'Manager', '', null);
INSERT INTO `admin_users` VALUES ('4', null, '127.0.0.1', 'staff', '$2y$08$NigAXjN23CRKllqe3KmjYuWXD5iSRPY812SijlhGeKfkrMKde9da6', null, null, null, null, null, null, '1451900439', '1504580540', '1', 'Staff', '', null);
INSERT INTO `admin_users` VALUES ('5', null, '::1', 'trainner', '$2y$08$2M1A2Jr7RS/VzpyF0POjVOi4RYqa.3IHIrG8YMhaOOvRpQOXB/OGi', null, null, null, null, null, null, '1501475673', '1501534220', '1', 'test', 'giatmara', null);
INSERT INTO `admin_users` VALUES ('6', null, '127.0.0.1', 'trainer1', '', null, null, null, null, null, null, '1501559568', '1501625725', '1', 'trainer1', 'trainer1', null);
INSERT INTO `admin_users` VALUES ('7', '5', '127.0.0.1', 'branchm1', '$2y$08$4x3ziZcJSaWIryLD8Y/o0eeNsXVmZHQ8AZCNMwFn2ApO2cTrwb1lS', null, null, null, null, null, '9AAO0.qYC69cyTxRRfaZne', '1501559687', '1511046069', '1', 'branchm1', 'branchm1', '3');
INSERT INTO `admin_users` VALUES ('8', '6', '127.0.0.1', 'branche1', '$2y$08$y21Wl7iUZ5uIw81NbXWHf.boj7OCnF2tOg5.k9KO2mZl.14.6y97G', null, null, null, null, null, 'o.xFqnAP7mXN4gXrnXMAV.', '1501559759', '1511043294', '1', 'branche1', 'branche1', null);
INSERT INTO `admin_users` VALUES ('9', '9', '127.0.0.1', 'stateo1', '$2y$08$oLDy6ToqWD5vyYG5ZMCqdO46IH5Ne95hPpBz5.XE1c9X7MICnonE.', null, null, null, null, null, 'NcTm9TV6zmXYFLNMen3SMe', '1501559783', '1509092647', '1', 'stateo1', 'stateo1', '10');
INSERT INTO `admin_users` VALUES ('10', '11', '127.0.0.1', 'ppklo1', '$2y$08$4EKzdiOQ4GJz5WnCYuSyhuaVJhxvXuzFMqojs/V0RZPAGcJvBP9ja', null, null, null, null, null, 'eLxXb72y5cXGSZZLj/ibq.', '1501559804', '1510899948', '1', 'ppklo1', 'ppklo1', '10');
INSERT INTO `admin_users` VALUES ('11', null, '127.0.0.1', 'trainer2', '$2y$08$Yzti52LnMWTHRsRbTNEYWuTF3AmjZGi8H/EXD9VRGZir0ZQir19Oq', null, null, null, null, null, null, '1501560553', null, '1', 'trainer2', 'trainer2', null);
INSERT INTO `admin_users` VALUES ('12', null, '127.0.0.1', 'trainer3', '$2y$08$57nEYyXG7Kny90Xyw3mQxOaDGZ3bmP0ufRQeZdirqCZJn.tBul7Y6', null, null, null, null, null, null, '1501560567', '1502805851', '1', 'trainer3', 'trainer3', null);
INSERT INTO `admin_users` VALUES ('13', null, '127.0.0.1', 'trainer4', '$2y$08$8rOgb3VAyJMuAot1QSahKe0AjVcM5Um/5EuuUmtFWXC9XGnxvnAl.', null, null, null, null, null, null, '1501560580', '1511001199', '1', 'trainer4', 'trainer4', null);
INSERT INTO `admin_users` VALUES ('14', null, '127.0.0.1', 'trainer5', '$2y$08$qR0ng.iQyNh8Sc3ig3AgluCJkb2wmc/7tWcb687IKwMBrmkmZxwkW', null, null, null, null, null, null, '1501560593', null, '1', 'trainer5', 'trainer5', null);
INSERT INTO `admin_users` VALUES ('15', '10', '127.0.0.1', 'branchm2', '$2y$08$.qMeHf6FAHJGoR.p84..9ubA464FP9MyoNIrGCOB6mghuSP00Nti2', null, null, null, null, null, 'LtyBZ2Zh5oWU3qdy5LXW3.', '1501560694', '1508208867', '1', 'branchm2', 'branchm2', '10');
INSERT INTO `admin_users` VALUES ('16', null, '127.0.0.1', 'branchm3', '$2y$08$cF4E0OJ4oVbHcn8MuPQTEeicOgsfrSjwvupnEVyfYCtrWLiC3ZOwC', null, null, null, null, null, null, '1501560708', '1508114120', '1', 'branchm3', 'branchm3', '135');
INSERT INTO `admin_users` VALUES ('17', '12', '127.0.0.1', 'branchm4', '$2y$08$X8j0qRmKy7utPy4QBGM8buhpPww8AJeuN1syQ/DwuyKmVPUfMtASy', null, null, null, null, null, null, '1501560774', '1510628180', '1', 'branchm4', 'branchm4', '18');
INSERT INTO `admin_users` VALUES ('18', null, '127.0.0.1', 'branchm5', '$2y$08$9YiIw65n/pIBJx67EAK.Xe7WMw6QrmsSyoLLNAkfRUFdI7K.i7q9e', null, null, null, null, null, null, '1501560793', null, '1', 'branchm5', 'branchm5', null);
INSERT INTO `admin_users` VALUES ('19', null, '127.0.0.1', 'branche2', '$2y$08$YyxwWUw.Ffh.xWjAcjh79.903Ns.QuO7uQL2oFgcX0kGGjHArbM8u', null, null, null, null, null, null, '1501560853', '1506573964', '1', 'branche2', 'branche2', null);
INSERT INTO `admin_users` VALUES ('20', null, '127.0.0.1', 'branche3', '$2y$08$6pHOnFTqCQzYNWu/Xuw71O0nrx23yoop6KTh.KeuajnGYyOGIJyEW', null, null, null, null, null, null, '1501561626', null, '1', 'branche3', 'branche3', null);
INSERT INTO `admin_users` VALUES ('21', null, '127.0.0.1', 'branche4', '$2y$08$vp0NX8TFKyAxwjIHmbFPGOLFfw33w0CjWwS0CppoKZMjNj5y.JSIS', null, null, null, null, null, null, '1501561640', null, '1', 'branche4', 'branche4', null);
INSERT INTO `admin_users` VALUES ('22', null, '127.0.0.1', 'branche5', '$2y$08$x0ijZvzPZ99Rh8G.nZYdTeUNdxhKaXXy0uvJzgK56EoggQrlSkoI2', null, null, null, null, null, null, '1501561662', '1508744258', '1', 'branche5', 'branche5', null);
INSERT INTO `admin_users` VALUES ('23', null, '127.0.0.1', 'stateo2', '$2y$08$r2rHTQ7CXmGZb0HfOqjf1ugR76Zv794U3PqIKy2acfYn.kxD2o.WO', null, null, null, null, null, null, '1501561742', null, '1', 'stateo2', 'stateo2', '135');
INSERT INTO `admin_users` VALUES ('24', null, '127.0.0.1', 'stateo3', '$2y$08$hbGKZonjggo9mOCtT3W41uzkwqGKhef0KZ4lSIsvCg1NMGJU04Aaa', null, null, null, null, null, null, '1501561761', null, '1', 'stateo3', 'stateo3', null);
INSERT INTO `admin_users` VALUES ('25', null, '127.0.0.1', 'stateo4', '$2y$08$KUruscMfprT.304tm.BotuSniHo7r/CITkFw0grxVrcSKeenc2F4G', null, null, null, null, null, null, '1501561774', null, '1', 'stateo4', 'stateo4', null);
INSERT INTO `admin_users` VALUES ('26', null, '127.0.0.1', 'stateo5', '$2y$08$E9tJwSRZHhqzwaggENci2eCvOXQZNHvpymPMcoch2q5ZmYh97TclK', null, null, null, null, null, null, '1501561807', null, '1', 'stateo5', 'stateo5', null);
INSERT INTO `admin_users` VALUES ('27', null, '127.0.0.1', 'ppklo2', '$2y$08$bb5x8oKhxM/3xb8MXTBlYOoJCetR48g85vlf35DwGTx3pXvl8DYH6', null, null, null, null, null, null, '1501561824', null, '1', 'ppklo2', 'ppklo2', null);
INSERT INTO `admin_users` VALUES ('28', null, '127.0.0.1', 'ppklo3', '$2y$08$TT3aSWtOtQ.NZqSlZ/Qr2eIk9Wm4cTz6VBe.ik4F2VubGroy2/tA.', null, null, null, null, null, null, '1501561836', null, '1', 'ppklo3', 'ppklo3', null);
INSERT INTO `admin_users` VALUES ('29', null, '127.0.0.1', 'ppklo4', '$2y$08$Tocf7IrXdKQRgDVshH9KcOYN7rIKrnrY0HXrtwdkHju0RaCQn0Nom', null, null, null, null, null, null, '1501561848', null, '1', 'ppklo4', 'ppklo4', null);
INSERT INTO `admin_users` VALUES ('30', null, '127.0.0.1', 'ppklo5', '$2y$08$6PhX.TOt.dGaTfYfXS2ZJ.rXQtxLX0ciCbzh52EOIV7gzr2gnEez6', null, null, null, null, null, null, '1501561861', null, '1', 'ppklo5', 'ppklo5', null);
INSERT INTO `admin_users` VALUES ('31', '7', '::1', 'trainergspel', '$2y$08$ZghGg5Ep1kznVooO364HBOQ3zoBP.VUkfZ.CKPplmeAfDCIcuPxqm', null, null, null, null, null, '4Nj5SBq4RjOsceMSg9Xr8.', '1501630747', '1509452842', '1', 'trainergspel', 'trainergspel', '135');
INSERT INTO `admin_users` VALUES ('32', null, '::1', 'coba', '$2y$08$EjxxmR4r5u99ZFi7dE7omuY9UKIRT6i0f5hfNCdQko20n1khfnkWS', null, null, null, null, null, null, '1502000103', null, '1', 'coba', 'coba', '5');
INSERT INTO `admin_users` VALUES ('33', null, '175.139.164.129', 'azmihadi', '$2y$08$gFYhv/al/UJR5Fa7j2fvJuDx3JeT2e9x8nZbHJCufQuFqs9dMHN9y', null, null, null, null, null, null, '1504428264', '1504431097', '1', 'Azmi Hadi X', null, '263');
INSERT INTO `admin_users` VALUES ('34', null, '175.136.77.252', 'branchhm4', '$2y$08$BgBZr/5FfaVpSYEU0Vor4.KtwSY70kwh.Mo2UUp.MhPwAstuvWvL.', null, null, null, null, null, null, '1504596609', null, '1', 'Branch Manager', 'Kangan', '17');
INSERT INTO `admin_users` VALUES ('35', '49', '175.136.65.106', 'gspelkw', '$2y$08$qyQCv0l0/81bKDXr/B0eluhd.ZNO6sRIGjXo7iYxWzLMmpoO6gpZi', null, null, null, null, null, 'TNbTo8xlV.Uec6j2Z.bn4.', '1504657660', '1510693706', '1', 'Finance Officer 1', 'gspelkw', '3');
INSERT INTO `admin_users` VALUES ('36', '13', '0', 'tp1', '$2y$08$aCmjh.5NgULRsejfoRr2XeD5tjl.GBuLyAzqGOEWYO4dAQ6vmSzQS', null, null, null, null, null, null, '0', '1507637756', '1', 'TP 1', null, null);
INSERT INTO `admin_users` VALUES ('37', '14', '0', 'tp2', '$2y$08$aCmjh.5NgULRsejfoRr2XeD5tjl.GBuLyAzqGOEWYO4dAQ6vmSzQS', null, null, null, null, null, null, '0', '1508231464', '1', 'TP2', null, null);
INSERT INTO `admin_users` VALUES ('38', '15', '0', 'tp3', '$2y$08$Pb1sYtsOYm0zazReGAj8Jef595HVJMLpIyQPAzD6rn7L.d7/lcm0K', null, null, null, null, null, null, '0', '1511002012', '1', 'TP 3', null, null);
INSERT INTO `admin_users` VALUES ('39', '16', '0', 'tp4', '$2y$08$FPEB7HGOVWEQ/8l3AofiOeme5UhBtXhjoOBgLFEbKTk.Dle.Rv8EO', null, null, null, null, null, null, '0', '1511002030', '1', 'TP 4', null, null);
INSERT INTO `admin_users` VALUES ('40', '17', '0', 'tp5', '$2y$08$aCmjh.5NgULRsejfoRr2XeD5tjl.GBuLyAzqGOEWYO4dAQ6vmSzQS', null, null, null, null, null, null, '0', '1506583856', '1', 'TP 5', null, null);
INSERT INTO `admin_users` VALUES ('41', '18', '0', 'tp6', '$2y$08$aCmjh.5NgULRsejfoRr2XeD5tjl.GBuLyAzqGOEWYO4dAQ6vmSzQS', null, null, null, null, null, null, '0', '1507955565', '1', 'TP 6', null, null);
INSERT INTO `admin_users` VALUES ('42', '19', '0', 'tp7', '$2y$08$aCmjh.5NgULRsejfoRr2XeD5tjl.GBuLyAzqGOEWYO4dAQ6vmSzQS', null, null, null, null, null, null, '0', '1508849045', '1', 'TP 7', null, null);
INSERT INTO `admin_users` VALUES ('43', '20', '0', 'tp8', '$2y$08$aCmjh.5NgULRsejfoRr2XeD5tjl.GBuLyAzqGOEWYO4dAQ6vmSzQS', null, null, null, null, null, null, '0', '1508849068', '1', 'TP 8', null, null);
INSERT INTO `admin_users` VALUES ('44', '21', '0', 'tp9', '$2y$08$aCmjh.5NgULRsejfoRr2XeD5tjl.GBuLyAzqGOEWYO4dAQ6vmSzQS', null, null, null, null, null, null, '0', '1508817543', '1', 'TP 9', null, null);
INSERT INTO `admin_users` VALUES ('45', '22', '0', 'tp10', '$2y$08$aCmjh.5NgULRsejfoRr2XeD5tjl.GBuLyAzqGOEWYO4dAQ6vmSzQS', null, null, null, null, null, null, '0', '1510822368', '1', 'TP 10', null, null);
INSERT INTO `admin_users` VALUES ('46', '23', '0', 'tp11', '$2y$08$aCmjh.5NgULRsejfoRr2XeD5tjl.GBuLyAzqGOEWYO4dAQ6vmSzQS', null, null, null, null, null, null, '0', '1507955591', '1', 'TP 11', null, null);
INSERT INTO `admin_users` VALUES ('47', '24', '0', 'tp12', '$2y$08$aCmjh.5NgULRsejfoRr2XeD5tjl.GBuLyAzqGOEWYO4dAQ6vmSzQS', null, null, null, null, null, null, '0', '1507955605', '1', 'TP 12', null, null);
INSERT INTO `admin_users` VALUES ('48', '25', '0', 'tp13', '$2y$08$aCmjh.5NgULRsejfoRr2XeD5tjl.GBuLyAzqGOEWYO4dAQ6vmSzQS', null, null, null, null, null, null, '0', '1508850058', '1', 'TP 13', null, null);
INSERT INTO `admin_users` VALUES ('49', '26', '0', 'tp14', '$2y$08$aCmjh.5NgULRsejfoRr2XeD5tjl.GBuLyAzqGOEWYO4dAQ6vmSzQS', null, null, null, null, null, null, '0', '1509073460', '1', 'TP 14', null, null);
INSERT INTO `admin_users` VALUES ('50', '27', '0', 'tp15', '$2y$08$aCmjh.5NgULRsejfoRr2XeD5tjl.GBuLyAzqGOEWYO4dAQ6vmSzQS', null, null, null, null, null, 'AK5.BWVhFsR/1lIZPqrlfe', '0', '1509073483', '1', 'TP 15', null, null);
INSERT INTO `admin_users` VALUES ('51', '28', '0', 'pengurus1', '$2y$08$aCmjh.5NgULRsejfoRr2XeD5tjl.GBuLyAzqGOEWYO4dAQ6vmSzQS', null, null, null, null, null, 'wZiuPAk.28rpHo0IuviYou', '0', '1508820695', '1', 'PGM 1', null, null);
INSERT INTO `admin_users` VALUES ('52', '29', '0', 'pengurus2', '$2y$08$aCmjh.5NgULRsejfoRr2XeD5tjl.GBuLyAzqGOEWYO4dAQ6vmSzQS', null, null, null, null, null, null, '0', '1507096946', '1', 'PGM 2', null, null);
INSERT INTO `admin_users` VALUES ('53', '30', '0', 'pengurus3', '$2y$08$aCmjh.5NgULRsejfoRr2XeD5tjl.GBuLyAzqGOEWYO4dAQ6vmSzQS', null, null, null, null, null, null, '0', '1506578159', '1', 'PGM 3', null, null);
INSERT INTO `admin_users` VALUES ('54', '31', '0', 'pengurus4', '$2y$08$aCmjh.5NgULRsejfoRr2XeD5tjl.GBuLyAzqGOEWYO4dAQ6vmSzQS', null, null, null, null, null, null, '0', '1507128778', '1', 'PGM 4', null, null);
INSERT INTO `admin_users` VALUES ('55', '32', '0', 'pengurus5', '$2y$08$aCmjh.5NgULRsejfoRr2XeD5tjl.GBuLyAzqGOEWYO4dAQ6vmSzQS', null, null, null, null, null, null, '0', '1507505834', '1', 'POKOK SENA', '', null);
INSERT INTO `admin_users` VALUES ('56', '33', '0', 'pengurus6', '$2y$08$aCmjh.5NgULRsejfoRr2XeD5tjl.GBuLyAzqGOEWYO4dAQ6vmSzQS', null, null, null, null, null, null, '0', '1508849384', '1', 'PGM 6', null, null);
INSERT INTO `admin_users` VALUES ('57', '34', '0', 'pengurus7', '$2y$08$aCmjh.5NgULRsejfoRr2XeD5tjl.GBuLyAzqGOEWYO4dAQ6vmSzQS', null, null, null, null, null, null, '0', '1505445012', '1', 'PGM 7', null, null);
INSERT INTO `admin_users` VALUES ('58', '35', '0', 'pengurus8', '$2y$08$aCmjh.5NgULRsejfoRr2XeD5tjl.GBuLyAzqGOEWYO4dAQ6vmSzQS', null, null, null, null, null, null, '0', '1505445056', '1', 'PGM 8', null, null);
INSERT INTO `admin_users` VALUES ('59', '36', '0', 'pengurus9', '$2y$08$aCmjh.5NgULRsejfoRr2XeD5tjl.GBuLyAzqGOEWYO4dAQ6vmSzQS', null, null, null, null, null, 'yP0ROwTqoiR12PLNP92AYu', '0', '1510908488', '1', 'PGM 9', null, null);
INSERT INTO `admin_users` VALUES ('60', '37', '0', 'pengurus10', '$2y$08$aCmjh.5NgULRsejfoRr2XeD5tjl.GBuLyAzqGOEWYO4dAQ6vmSzQS', null, null, null, null, null, null, '0', '1508852203', '1', 'PGM 10', null, null);
INSERT INTO `admin_users` VALUES ('61', '38', '0', 'pengurus11', '$2y$08$aCmjh.5NgULRsejfoRr2XeD5tjl.GBuLyAzqGOEWYO4dAQ6vmSzQS', null, null, null, null, null, null, '0', '1508640673', '1', 'PGM 11', null, null);
INSERT INTO `admin_users` VALUES ('62', '39', '0', 'pengurus12', '$2y$08$aCmjh.5NgULRsejfoRr2XeD5tjl.GBuLyAzqGOEWYO4dAQ6vmSzQS', null, null, null, null, null, null, '0', '1505445570', '1', 'PGM 12', null, null);
INSERT INTO `admin_users` VALUES ('63', '40', '0', 'pengurus13', '$2y$08$aCmjh.5NgULRsejfoRr2XeD5tjl.GBuLyAzqGOEWYO4dAQ6vmSzQS', null, null, null, null, null, null, '0', '1505705172', '1', 'PGM 13', null, null);
INSERT INTO `admin_users` VALUES ('64', '41', '0', 'pengurus14', '$2y$08$aCmjh.5NgULRsejfoRr2XeD5tjl.GBuLyAzqGOEWYO4dAQ6vmSzQS', null, null, null, null, null, 'JJQLvj/fQDqeGx4Uh6YXO.', '0', '1510908500', '1', 'PGM 14', null, null);
INSERT INTO `admin_users` VALUES ('65', '42', '0', 'pengurus15', '$2y$08$aCmjh.5NgULRsejfoRr2XeD5tjl.GBuLyAzqGOEWYO4dAQ6vmSzQS', null, null, null, null, null, null, '0', '1508849969', '1', 'PGM 15', null, null);
INSERT INTO `admin_users` VALUES ('66', '43', '0', 'pgn_johor', '$2y$08$aCmjh.5NgULRsejfoRr2XeD5tjl.GBuLyAzqGOEWYO4dAQ6vmSzQS', null, null, null, null, null, null, '0', '1506586556', '1', 'PGN Johor', null, null);
INSERT INTO `admin_users` VALUES ('67', '44', '0', 'pgn_kedah', '$2y$08$aCmjh.5NgULRsejfoRr2XeD5tjl.GBuLyAzqGOEWYO4dAQ6vmSzQS', null, null, null, null, null, null, '0', '1506585535', '1', 'PGN Kedah', null, null);
INSERT INTO `admin_users` VALUES ('68', '45', '0', 'pgn_kelantan', '$2y$08$aCmjh.5NgULRsejfoRr2XeD5tjl.GBuLyAzqGOEWYO4dAQ6vmSzQS', null, null, null, null, null, null, '0', '1510040178', '1', 'PGN Kelantan', null, null);
INSERT INTO `admin_users` VALUES ('69', '46', '0', 'peu_jasin', '$2y$08$aCmjh.5NgULRsejfoRr2XeD5tjl.GBuLyAzqGOEWYO4dAQ6vmSzQS', null, null, null, null, null, null, '0', '1510676355', '1', 'PEU Jasin', null, null);
INSERT INTO `admin_users` VALUES ('70', '47', '0', 'pgn_n9', '$2y$08$aCmjh.5NgULRsejfoRr2XeD5tjl.GBuLyAzqGOEWYO4dAQ6vmSzQS', null, null, null, null, null, null, '0', '1504845511', '1', 'PGN Negeri Sembilan', null, null);
INSERT INTO `admin_users` VALUES ('71', '2', '36.84.13.230', 'pelofficer1', '$2y$08$K4hxBkcXGXW6ySN7NCSqyuZ2AECTpOTHCe6XMudmylOphr/fqbXOi', null, null, null, null, null, 'EihHHWqGspRiSO5WPnaoG.', '1506312884', '1509023661', '1', 'Pelatih Officer 1', null, '1');
INSERT INTO `admin_users` VALUES ('72', '48', '36.71.177.170', 'pelofficer2', '$2y$08$OAGLbmAnSrt3hnBkPxHqHeSv.GABCOuuIFrYtg080ZZAlq03qARSO', null, null, null, null, null, null, '1506461080', '1510678473', '1', 'Pelatih Officer 2', null, '1');
INSERT INTO `admin_users` VALUES ('73', '50', '0', 'branche2', '$2y$08$aCmjh.5NgULRsejfoRr2XeD5tjl.GBuLyAzqGOEWYO4dAQ6vmSzQS', null, null, null, null, null, null, '0', '1507090458', '1', 'Branch Exec Jasin', null, null);
INSERT INTO `admin_users` VALUES ('74', null, '61.94.222.16', 'pelofficersena', '$2y$08$TCp/7Wic1AeViwfZk.wFmOVh7Ib1pI.0oP6X1cccyVU6IchRVvDvO', null, null, null, null, null, null, '1507128384', null, '1', 'Pelatih Officer Sena', '-', '34');
INSERT INTO `admin_users` VALUES ('75', '51', '10.0.1.1', '730709085756', '$2y$08$hd6SnFMSG7YVA44pfCV4EOpbRW8SFhmOO6IOBbYFzprfjYqwLeM3K', null, null, null, null, null, null, '0', '1509094211', '1', 'NAIDA ROWANI BINTI ABDUL AZIZ', null, null);
INSERT INTO `admin_users` VALUES ('76', '64', '10.0.1.1', '791029025599', '$2y$08$ONHUp/iE8bs3ASk3Fr7sS.mYGRRwcCwmLO17uikbgf5kDX5DO/wTe', null, null, null, null, null, 'ajGd2Vr8kEQXXL/qGQwXwe', '0', '1509501371', '1', 'KHAIROL BIN OTHMAN', null, null);
INSERT INTO `admin_users` VALUES ('77', '66', '10.0.1.1', '780202125566', '$2y$08$JitqvWYyXlz9Pq5cF.tmBebLvg.4ELyIe9RZaz0wqV6VnxBzm3U7m', null, null, null, null, null, null, '0', '1509503737', '1', 'ROSTINA BINTI HUSSAIN', null, null);
INSERT INTO `admin_users` VALUES ('78', '68', '10.0.1.1', '810721105393', '$2y$08$fXA37/QeYFb/O4vduf6gFe86rceI/akjKz/ydCfvRZrMk0q3ay8o.', null, null, null, null, null, null, '0', '1509503992', '1', 'MOHD JAMIL BIN ABD WAHAB', null, null);
INSERT INTO `admin_users` VALUES ('79', '63', '10.0.1.1', '761107075202', '$2y$08$ETruwW4lofn0c7vZRLokvu5aM1t/J.Ies0DG8cAJ7jbNOgOUdpTcS', null, null, null, null, null, 'ddZtPgEcWKq.5eC0sBuTPO', '0', '1509596425', '1', 'MASLINDA BINTI OMAR', null, null);
INSERT INTO `admin_users` VALUES ('80', '65', '10.0.1.1', '820515115071', '$2y$08$txkkTOwP7qmiNpPWn0FBCu9zY0Gri1n7lflODnLcIyDx9Iyh8oJ16', null, null, null, null, null, 'p6Bvx8TKEzf4GfyXpUoaEe', '0', '1509867223', '1', 'MOHD HARMIZI BIN HAZMI', null, null);
INSERT INTO `admin_users` VALUES ('81', '67', '10.0.1.1', '811229085380', '$2y$08$jii4ZngNOraZVltqHIC.beJAgOCIisIdnubBOkuSxyES1dON/Y1tC', null, null, null, null, null, null, '0', '1510202015', '1', 'SYAKIRAH BINTI SHAKER', null, null);
INSERT INTO `admin_users` VALUES ('82', '70', '10.0.1.1', '730523145765', '$2y$08$a/KP1wk8g.23t2OFE8KJn.SZKZtrS/Yl3AHCJALmvTmIRFYW8s0bO', null, null, null, null, null, null, '0', '1510541253', '1', 'MOHD ZUHAIMI BIN MOHD SALLEH', null, null);
INSERT INTO `admin_users` VALUES ('83', null, '10.0.1.1', '780929025195', '$2y$08$G4r5GYw8.FMDwet/JZMuq.ZokuFbNmGJmHzMPN2GF6lvRgfJFsL1G', null, null, null, null, null, null, '0', '1509528429', '1', 'MASNUR SHUHADA BIN MOHAMAD SHARAFUDDIN', null, null);
INSERT INTO `admin_users` VALUES ('84', null, '10.0.1.1', '820530145252', '$2y$08$YJ1NussYonnW71IiUk4IAuks/S6.GGz1ce.XoDTtiwfGJbe/950PC', null, null, null, null, null, null, '0', '1509524634', '1', 'NORHAMIZAN BINTI ABU KHIR', null, null);
INSERT INTO `admin_users` VALUES ('85', '69', '10.0.1.1', '670821025137', '$2y$08$2Tzouj4fmcyX7QmK2rF9MeEt0XFnvihHsXEvq3L1fs1Mi98P4X3yK', null, null, null, null, null, null, '0', '1510902375', '1', 'ROSMAN BIN IBRAHIM', null, null);
INSERT INTO `admin_users` VALUES ('86', '71', '10.0.1.1', '800831115227', '$2y$08$sG2B9AiaeoD7IERYKEsYDeXz7oqBJGpPaqWdE1VgYTftUsVA6K.Xm', null, null, null, null, null, null, '0', '1509595691', '1', 'AHMAD ZAIDI BIN OTHMAN', null, null);
INSERT INTO `admin_users` VALUES ('87', null, '10.0.1.1', '830825145697', '$2y$08$CxTOoHoC4tgq33CIPMTD8.oDAJ/BDUrdGfOxBsLhmCBaf0le0lJ2i', null, null, null, null, null, null, '0', '1509328601', '1', 'AMINNOOR RASYID BIN MARMIN', null, null);
INSERT INTO `admin_users` VALUES ('88', null, '10.0.1.1', '610620026446', '$2y$08$PxZf1PEDAHMEZLr3utlRI.iIp5Gtyk76n42PHeNYCy3gMqBr8UdUy', null, null, null, null, null, 'SVXhWNfM/peGw/E61Ju/cu', '0', '1509064798', '1', 'SITI ROHAYA BINTI AB HAMID', null, null);

-- ----------------------------
-- Table structure for admin_users_groups
-- ----------------------------
DROP TABLE IF EXISTS `admin_users_groups`;
CREATE TABLE `admin_users_groups` (
  `id` int(11) unsigned NOT NULL AUTO_INCREMENT,
  `user_id` int(11) unsigned NOT NULL,
  `group_id` mediumint(8) unsigned NOT NULL,
  PRIMARY KEY (`id`),
  KEY `user_id` (`user_id`),
  KEY `group_id` (`group_id`),
  CONSTRAINT `admin_users_groups_ibfk_1` FOREIGN KEY (`user_id`) REFERENCES `admin_users` (`id`),
  CONSTRAINT `admin_users_groups_ibfk_2` FOREIGN KEY (`group_id`) REFERENCES `admin_groups` (`id`)
) ENGINE=InnoDB AUTO_INCREMENT=108 DEFAULT CHARSET=utf8;

-- ----------------------------
-- Records of admin_users_groups
-- ----------------------------
INSERT INTO `admin_users_groups` VALUES ('1', '1', '1');
INSERT INTO `admin_users_groups` VALUES ('2', '2', '2');
INSERT INTO `admin_users_groups` VALUES ('3', '3', '3');
INSERT INTO `admin_users_groups` VALUES ('4', '4', '4');
INSERT INTO `admin_users_groups` VALUES ('5', '5', '3');
INSERT INTO `admin_users_groups` VALUES ('7', '7', '7');
INSERT INTO `admin_users_groups` VALUES ('8', '8', '8');
INSERT INTO `admin_users_groups` VALUES ('9', '9', '9');
INSERT INTO `admin_users_groups` VALUES ('10', '10', '10');
INSERT INTO `admin_users_groups` VALUES ('15', '15', '7');
INSERT INTO `admin_users_groups` VALUES ('16', '16', '7');
INSERT INTO `admin_users_groups` VALUES ('17', '17', '7');
INSERT INTO `admin_users_groups` VALUES ('18', '18', '7');
INSERT INTO `admin_users_groups` VALUES ('19', '19', '8');
INSERT INTO `admin_users_groups` VALUES ('20', '20', '8');
INSERT INTO `admin_users_groups` VALUES ('21', '21', '8');
INSERT INTO `admin_users_groups` VALUES ('22', '22', '8');
INSERT INTO `admin_users_groups` VALUES ('23', '23', '9');
INSERT INTO `admin_users_groups` VALUES ('24', '24', '9');
INSERT INTO `admin_users_groups` VALUES ('25', '25', '9');
INSERT INTO `admin_users_groups` VALUES ('26', '26', '9');
INSERT INTO `admin_users_groups` VALUES ('27', '27', '10');
INSERT INTO `admin_users_groups` VALUES ('28', '28', '10');
INSERT INTO `admin_users_groups` VALUES ('29', '29', '10');
INSERT INTO `admin_users_groups` VALUES ('30', '30', '10');
INSERT INTO `admin_users_groups` VALUES ('31', '31', '11');
INSERT INTO `admin_users_groups` VALUES ('32', '32', '11');
INSERT INTO `admin_users_groups` VALUES ('34', '11', '11');
INSERT INTO `admin_users_groups` VALUES ('35', '33', '11');
INSERT INTO `admin_users_groups` VALUES ('36', '34', '7');
INSERT INTO `admin_users_groups` VALUES ('37', '35', '14');
INSERT INTO `admin_users_groups` VALUES ('38', '36', '11');
INSERT INTO `admin_users_groups` VALUES ('39', '37', '11');
INSERT INTO `admin_users_groups` VALUES ('40', '38', '11');
INSERT INTO `admin_users_groups` VALUES ('41', '39', '11');
INSERT INTO `admin_users_groups` VALUES ('42', '40', '11');
INSERT INTO `admin_users_groups` VALUES ('43', '41', '11');
INSERT INTO `admin_users_groups` VALUES ('44', '42', '11');
INSERT INTO `admin_users_groups` VALUES ('45', '43', '11');
INSERT INTO `admin_users_groups` VALUES ('46', '44', '11');
INSERT INTO `admin_users_groups` VALUES ('47', '45', '11');
INSERT INTO `admin_users_groups` VALUES ('48', '46', '11');
INSERT INTO `admin_users_groups` VALUES ('49', '47', '11');
INSERT INTO `admin_users_groups` VALUES ('50', '48', '11');
INSERT INTO `admin_users_groups` VALUES ('51', '49', '11');
INSERT INTO `admin_users_groups` VALUES ('52', '50', '11');
INSERT INTO `admin_users_groups` VALUES ('53', '51', '7');
INSERT INTO `admin_users_groups` VALUES ('54', '52', '7');
INSERT INTO `admin_users_groups` VALUES ('55', '53', '7');
INSERT INTO `admin_users_groups` VALUES ('56', '54', '7');
INSERT INTO `admin_users_groups` VALUES ('57', '55', '7');
INSERT INTO `admin_users_groups` VALUES ('58', '56', '7');
INSERT INTO `admin_users_groups` VALUES ('59', '57', '7');
INSERT INTO `admin_users_groups` VALUES ('60', '58', '7');
INSERT INTO `admin_users_groups` VALUES ('61', '59', '7');
INSERT INTO `admin_users_groups` VALUES ('62', '60', '7');
INSERT INTO `admin_users_groups` VALUES ('63', '61', '7');
INSERT INTO `admin_users_groups` VALUES ('64', '62', '7');
INSERT INTO `admin_users_groups` VALUES ('65', '63', '7');
INSERT INTO `admin_users_groups` VALUES ('66', '64', '7');
INSERT INTO `admin_users_groups` VALUES ('67', '65', '7');
INSERT INTO `admin_users_groups` VALUES ('68', '66', '9');
INSERT INTO `admin_users_groups` VALUES ('69', '67', '9');
INSERT INTO `admin_users_groups` VALUES ('70', '68', '9');
INSERT INTO `admin_users_groups` VALUES ('72', '70', '9');
INSERT INTO `admin_users_groups` VALUES ('73', '71', '13');
INSERT INTO `admin_users_groups` VALUES ('74', '72', '13');
INSERT INTO `admin_users_groups` VALUES ('75', '73', '8');
INSERT INTO `admin_users_groups` VALUES ('76', '74', '13');
INSERT INTO `admin_users_groups` VALUES ('77', '75', '8');
INSERT INTO `admin_users_groups` VALUES ('78', '79', '8');
INSERT INTO `admin_users_groups` VALUES ('79', '76', '11');
INSERT INTO `admin_users_groups` VALUES ('80', '80', '11');
INSERT INTO `admin_users_groups` VALUES ('81', '77', '7');
INSERT INTO `admin_users_groups` VALUES ('82', '81', '7');
INSERT INTO `admin_users_groups` VALUES ('83', '78', '9');
INSERT INTO `admin_users_groups` VALUES ('85', '82', '13');
INSERT INTO `admin_users_groups` VALUES ('86', '86', '13');
INSERT INTO `admin_users_groups` VALUES ('87', '83', '10');
INSERT INTO `admin_users_groups` VALUES ('88', '87', '10');
INSERT INTO `admin_users_groups` VALUES ('89', '84', '14');
INSERT INTO `admin_users_groups` VALUES ('90', '88', '14');
INSERT INTO `admin_users_groups` VALUES ('94', '75', '7');
INSERT INTO `admin_users_groups` VALUES ('95', '69', '8');
INSERT INTO `admin_users_groups` VALUES ('100', '75', '11');
INSERT INTO `admin_users_groups` VALUES ('101', '77', '8');
INSERT INTO `admin_users_groups` VALUES ('103', '76', '8');
INSERT INTO `admin_users_groups` VALUES ('106', '85', '7');

-- ----------------------------
-- Table structure for alumni
-- ----------------------------
DROP TABLE IF EXISTS `alumni`;
CREATE TABLE `alumni` (
  `id` int(10) NOT NULL AUTO_INCREMENT,
  `id_pelatih` int(10) NOT NULL,
  `gambar` varchar(250) COLLATE utf8mb4_unicode_ci NOT NULL,
  `alamat` varchar(250) COLLATE utf8mb4_unicode_ci NOT NULL,
  `no_tel_r` varchar(20) COLLATE utf8mb4_unicode_ci NOT NULL,
  `no_tel_p` varchar(20) COLLATE utf8mb4_unicode_ci NOT NULL,
  `no_tel_b` varchar(20) COLLATE utf8mb4_unicode_ci NOT NULL,
  `emel` varchar(250) COLLATE utf8mb4_unicode_ci NOT NULL,
  `tidak_bekerja` int(2) NOT NULL,
  `pengakuan` int(2) NOT NULL,
  `tarikh_kemaskini` datetime NOT NULL,
  `no_alumni` varchar(100) COLLATE utf8mb4_unicode_ci NOT NULL,
  `disahkan_oleh` int(10) NOT NULL,
  `disahkan_pada` datetime NOT NULL,
  PRIMARY KEY (`id`),
  KEY `id_pelatih` (`id_pelatih`),
  CONSTRAINT `alumni_ibfk_1` FOREIGN KEY (`id_pelatih`) REFERENCES `pelatih` (`id_pelatih`)
) ENGINE=InnoDB DEFAULT CHARSET=utf8mb4 COLLATE=utf8mb4_unicode_ci;

-- ----------------------------
-- Records of alumni
-- ----------------------------

-- ----------------------------
-- Table structure for alumni_belajar
-- ----------------------------
DROP TABLE IF EXISTS `alumni_belajar`;
CREATE TABLE `alumni_belajar` (
  `id` int(10) NOT NULL AUTO_INCREMENT,
  `id_pelatih` int(10) NOT NULL,
  `nama_institusi` varchar(250) COLLATE utf8mb4_unicode_ci NOT NULL,
  `nama_bidang` varchar(250) COLLATE utf8mb4_unicode_ci NOT NULL,
  `tahun_mula` varchar(4) COLLATE utf8mb4_unicode_ci NOT NULL,
  `tahun_tamat` varchar(4) COLLATE utf8mb4_unicode_ci NOT NULL,
  `terkini` int(2) NOT NULL,
  PRIMARY KEY (`id`)
) ENGINE=InnoDB DEFAULT CHARSET=utf8mb4 COLLATE=utf8mb4_unicode_ci;

-- ----------------------------
-- Records of alumni_belajar
-- ----------------------------

-- ----------------------------
-- Table structure for alumni_kerja
-- ----------------------------
DROP TABLE IF EXISTS `alumni_kerja`;
CREATE TABLE `alumni_kerja` (
  `id` int(10) NOT NULL AUTO_INCREMENT,
  `id_pelatih` int(10) NOT NULL,
  `bekerja_dalam_bidang` int(1) DEFAULT NULL,
  `jawatan` varchar(250) COLLATE utf8mb4_unicode_ci NOT NULL,
  `nama_majikan` varchar(250) COLLATE utf8mb4_unicode_ci NOT NULL,
  `alamat_majikan` varchar(250) COLLATE utf8mb4_unicode_ci NOT NULL,
  `tarikh_muka` date NOT NULL,
  `tarikh_tamat` date NOT NULL,
  `id_pendapatan` int(10) NOT NULL,
  `terkini` int(2) NOT NULL,
  PRIMARY KEY (`id`)
) ENGINE=InnoDB DEFAULT CHARSET=utf8mb4 COLLATE=utf8mb4_unicode_ci;

-- ----------------------------
-- Records of alumni_kerja
-- ----------------------------

-- ----------------------------
-- Table structure for alumni_usahawan
-- ----------------------------
DROP TABLE IF EXISTS `alumni_usahawan`;
CREATE TABLE `alumni_usahawan` (
  `id` int(10) NOT NULL AUTO_INCREMENT,
  `id_pelatih` int(10) NOT NULL,
  `perniagaan_dalam_bidang` int(1) DEFAULT NULL,
  `nama_perniagaan` varchar(250) COLLATE utf8mb4_unicode_ci NOT NULL,
  `alamat_perniagaan` varchar(250) COLLATE utf8mb4_unicode_ci NOT NULL,
  `tarikh_mula` date NOT NULL,
  `tarikh_tamat` date NOT NULL,
  `id_pendapatan` int(10) NOT NULL,
  `terkini` int(2) NOT NULL,
  PRIMARY KEY (`id`)
) ENGINE=InnoDB DEFAULT CHARSET=utf8mb4 COLLATE=utf8mb4_unicode_ci;

-- ----------------------------
-- Records of alumni_usahawan
-- ----------------------------

-- ----------------------------
-- Table structure for api_access
-- ----------------------------
DROP TABLE IF EXISTS `api_access`;
CREATE TABLE `api_access` (
  `id` int(11) unsigned NOT NULL AUTO_INCREMENT,
  `key` varchar(40) NOT NULL DEFAULT '',
  `controller` varchar(50) NOT NULL DEFAULT '',
  `date_created` datetime DEFAULT NULL,
  `date_modified` timestamp NOT NULL DEFAULT CURRENT_TIMESTAMP ON UPDATE CURRENT_TIMESTAMP,
  PRIMARY KEY (`id`)
) ENGINE=InnoDB DEFAULT CHARSET=utf8;

-- ----------------------------
-- Records of api_access
-- ----------------------------

-- ----------------------------
-- Table structure for api_keys
-- ----------------------------
DROP TABLE IF EXISTS `api_keys`;
CREATE TABLE `api_keys` (
  `id` int(11) NOT NULL AUTO_INCREMENT,
  `user_id` int(11) NOT NULL,
  `key` varchar(40) NOT NULL,
  `level` int(2) NOT NULL,
  `ignore_limits` tinyint(1) NOT NULL DEFAULT '0',
  `is_private_key` tinyint(1) NOT NULL DEFAULT '0',
  `ip_addresses` text,
  `date_created` int(11) NOT NULL,
  PRIMARY KEY (`id`)
) ENGINE=InnoDB AUTO_INCREMENT=2 DEFAULT CHARSET=utf8;

-- ----------------------------
-- Records of api_keys
-- ----------------------------
INSERT INTO `api_keys` VALUES ('1', '0', 'anonymous', '1', '1', '0', null, '1463388382');

-- ----------------------------
-- Table structure for api_limits
-- ----------------------------
DROP TABLE IF EXISTS `api_limits`;
CREATE TABLE `api_limits` (
  `id` int(11) NOT NULL AUTO_INCREMENT,
  `uri` varchar(255) NOT NULL,
  `count` int(10) NOT NULL,
  `hour_started` int(11) NOT NULL,
  `api_key` varchar(40) NOT NULL,
  PRIMARY KEY (`id`)
) ENGINE=InnoDB DEFAULT CHARSET=utf8;

-- ----------------------------
-- Records of api_limits
-- ----------------------------

-- ----------------------------
-- Table structure for api_logs
-- ----------------------------
DROP TABLE IF EXISTS `api_logs`;
CREATE TABLE `api_logs` (
  `id` int(11) NOT NULL AUTO_INCREMENT,
  `uri` varchar(255) NOT NULL,
  `method` varchar(6) NOT NULL,
  `params` text,
  `api_key` varchar(40) NOT NULL,
  `ip_address` varchar(45) NOT NULL,
  `time` int(11) NOT NULL,
  `rtime` float DEFAULT NULL,
  `authorized` varchar(1) NOT NULL,
  `response_code` smallint(3) DEFAULT '0',
  PRIMARY KEY (`id`)
) ENGINE=InnoDB DEFAULT CHARSET=utf8;

-- ----------------------------
-- Records of api_logs
-- ----------------------------

-- ----------------------------
-- Table structure for blog_categories
-- ----------------------------
DROP TABLE IF EXISTS `blog_categories`;
CREATE TABLE `blog_categories` (
  `id` int(11) NOT NULL AUTO_INCREMENT,
  `pos` int(11) NOT NULL DEFAULT '0',
  `title` varchar(100) COLLATE utf8_unicode_ci NOT NULL,
  PRIMARY KEY (`id`)
) ENGINE=InnoDB AUTO_INCREMENT=4 DEFAULT CHARSET=utf8 COLLATE=utf8_unicode_ci;

-- ----------------------------
-- Records of blog_categories
-- ----------------------------
INSERT INTO `blog_categories` VALUES ('1', '1', 'Category 1');
INSERT INTO `blog_categories` VALUES ('2', '2', 'Category 2');
INSERT INTO `blog_categories` VALUES ('3', '3', 'Category 3');

-- ----------------------------
-- Table structure for blog_posts
-- ----------------------------
DROP TABLE IF EXISTS `blog_posts`;
CREATE TABLE `blog_posts` (
  `id` int(11) NOT NULL AUTO_INCREMENT,
  `category_id` int(11) NOT NULL DEFAULT '1',
  `author_id` int(11) NOT NULL,
  `title` varchar(300) COLLATE utf8_unicode_ci NOT NULL,
  `image_url` varchar(300) COLLATE utf8_unicode_ci NOT NULL,
  `content_brief` text COLLATE utf8_unicode_ci NOT NULL,
  `content` text COLLATE utf8_unicode_ci NOT NULL,
  `publish_time` timestamp NOT NULL DEFAULT CURRENT_TIMESTAMP,
  `status` enum('draft','active','hidden') COLLATE utf8_unicode_ci NOT NULL DEFAULT 'draft',
  PRIMARY KEY (`id`)
) ENGINE=InnoDB AUTO_INCREMENT=2 DEFAULT CHARSET=utf8 COLLATE=utf8_unicode_ci;

-- ----------------------------
-- Records of blog_posts
-- ----------------------------
INSERT INTO `blog_posts` VALUES ('1', '1', '2', 'Blog Post 1', '', '<p>\r\n	Blog Post 1 Content Brief</p>\r\n', '<p>\r\n	Blog Post 1 Content</p>\r\n', '2015-09-26 00:00:00', 'active');

-- ----------------------------
-- Table structure for blog_posts_tags
-- ----------------------------
DROP TABLE IF EXISTS `blog_posts_tags`;
CREATE TABLE `blog_posts_tags` (
  `id` int(11) NOT NULL AUTO_INCREMENT,
  `post_id` int(11) NOT NULL,
  `tag_id` int(11) NOT NULL,
  PRIMARY KEY (`id`)
) ENGINE=InnoDB AUTO_INCREMENT=4 DEFAULT CHARSET=utf8 COLLATE=utf8_unicode_ci;

-- ----------------------------
-- Records of blog_posts_tags
-- ----------------------------
INSERT INTO `blog_posts_tags` VALUES ('1', '1', '2');
INSERT INTO `blog_posts_tags` VALUES ('2', '1', '1');
INSERT INTO `blog_posts_tags` VALUES ('3', '1', '3');

-- ----------------------------
-- Table structure for blog_tags
-- ----------------------------
DROP TABLE IF EXISTS `blog_tags`;
CREATE TABLE `blog_tags` (
  `id` int(11) NOT NULL AUTO_INCREMENT,
  `title` varchar(100) COLLATE utf8_unicode_ci NOT NULL,
  PRIMARY KEY (`id`)
) ENGINE=InnoDB AUTO_INCREMENT=4 DEFAULT CHARSET=utf8 COLLATE=utf8_unicode_ci;

-- ----------------------------
-- Records of blog_tags
-- ----------------------------
INSERT INTO `blog_tags` VALUES ('1', 'Tag 1');
INSERT INTO `blog_tags` VALUES ('2', 'Tag 2');
INSERT INTO `blog_tags` VALUES ('3', 'Tag 3');

-- ----------------------------
-- Table structure for ci_sessions
-- ----------------------------
DROP TABLE IF EXISTS `ci_sessions`;
CREATE TABLE `ci_sessions` (
  `id` varchar(128) COLLATE utf8mb4_unicode_ci NOT NULL,
  `ip_address` varchar(45) COLLATE utf8mb4_unicode_ci NOT NULL,
  `timestamp` int(10) unsigned NOT NULL DEFAULT '0',
  `data` blob NOT NULL,
  PRIMARY KEY (`id`),
  KEY `ci_sessions_timestamp` (`timestamp`)
) ENGINE=InnoDB DEFAULT CHARSET=utf8mb4 COLLATE=utf8mb4_unicode_ci;

-- ----------------------------
-- Records of ci_sessions
-- ----------------------------
INSERT INTO `ci_sessions` VALUES ('01tih9d9hn84bs3p619smo6soaat6goi', '111.94.164.173', '1501998510', 0x5F5F63695F6C6173745F726567656E65726174657C693A313530313939383531303B);
INSERT INTO `ci_sessions` VALUES ('0dcgqh6cor0708kogrr1senemgebaigl', '162.158.255.160', '1504422001', 0x5F5F63695F6C6173745F726567656E65726174657C693A313530343432323030313B);
INSERT INTO `ci_sessions` VALUES ('0du4k45pkvuvfd8aocmldpehvlqfp306', '::1', '1506228640', 0x5F5F63695F6C6173745F726567656E65726174657C693A313530363232383531363B6964656E746974797C733A383A226272616E63686D31223B757365726E616D657C733A383A226272616E63686D31223B656D61696C7C4E3B757365725F69647C733A313A2237223B6F6C645F6C6173745F6C6F67696E7C733A31303A2231353036323233323239223B);
INSERT INTO `ci_sessions` VALUES ('0f8dkpihrc3s5audm57pfjmmbfk0eltv', '127.0.0.1', '1506236080', 0x5F5F63695F6C6173745F726567656E65726174657C693A313530363233363038303B6964656E746974797C733A353A2261646D696E223B757365726E616D657C733A353A2261646D696E223B656D61696C7C4E3B757365725F69647C733A313A2232223B6F6C645F6C6173745F6C6F67696E7C733A31303A2231353036323234393833223B);
INSERT INTO `ci_sessions` VALUES ('0ksgbnl24jg7pgnedc625cc4mnbh2npr', '127.0.0.1', '1506180504', 0x5F5F63695F6C6173745F726567656E65726174657C693A313530363138303530343B);
INSERT INTO `ci_sessions` VALUES ('0l311l8261so91q2ip3g2an4mf31cmei', '162.158.79.155', '1504422007', 0x5F5F63695F6C6173745F726567656E65726174657C693A313530343432323030373B);
INSERT INTO `ci_sessions` VALUES ('0nt6lsgkg0utcek6g5u5dgepq4o4q3em', '110.138.46.222', '1499936454', 0x5F5F63695F6C6173745F726567656E65726174657C693A313439393933363435343B);
INSERT INTO `ci_sessions` VALUES ('0v4edl6f8cvtje4viefcd8prp0ti8dna', '::1', '1506228051', 0x5F5F63695F6C6173745F726567656E65726174657C693A313530363232383035313B);
INSERT INTO `ci_sessions` VALUES ('103m35tado2lhffteqmhfa83viq3lisf', '::1', '1506243476', 0x5F5F63695F6C6173745F726567656E65726174657C693A313530363234333437363B);
INSERT INTO `ci_sessions` VALUES ('10oht75d5svjhl5orq897t1q3q1cnsvf', '172.68.65.84', '1501998170', 0x5F5F63695F6C6173745F726567656E65726174657C693A313530313939383137303B);
INSERT INTO `ci_sessions` VALUES ('11lhimit96r2b8k4lmsvj5vfjr91iqln', '::1', '1506251471', 0x5F5F63695F6C6173745F726567656E65726174657C693A313530363235313437313B);
INSERT INTO `ci_sessions` VALUES ('182qvdps4k5pl8fcof0ti5pf8909eg1i', '::1', '1506250754', 0x5F5F63695F6C6173745F726567656E65726174657C693A313530363235303431383B6964656E746974797C733A383A226272616E63686D31223B757365726E616D657C733A383A226272616E63686D31223B656D61696C7C4E3B757365725F69647C733A313A2237223B6F6C645F6C6173745F6C6F67696E7C733A31303A2231353036323330393535223B);
INSERT INTO `ci_sessions` VALUES ('1b1bjgq4i7nqe0oc15gjttkelojlambt', '::1', '1506258372', 0x5F5F63695F6C6173745F726567656E65726174657C693A313530363235383337323B69645F7065726D6F686F6E616E7C733A333A22323934223B);
INSERT INTO `ci_sessions` VALUES ('1beblho91euq0iviv96gck14hk5b42jd', '162.158.79.107', '1504422015', 0x5F5F63695F6C6173745F726567656E65726174657C693A313530343432323031353B);
INSERT INTO `ci_sessions` VALUES ('1ggqlq9uc7kmqdj53silolr9fq5o2q60', '112.215.154.205', '1499956556', 0x5F5F63695F6C6173745F726567656E65726174657C693A313439393935363531353B);
INSERT INTO `ci_sessions` VALUES ('1njibvfbqn0mh062h6qkkfkarjp8sgur', '::1', '1500097691', 0x5F5F63695F6C6173745F726567656E65726174657C693A313530303039373639303B);
INSERT INTO `ci_sessions` VALUES ('1r5mp4kokpt2hs4hdlibi76k6vknj3m0', '162.158.79.203', '1502602960', 0x5F5F63695F6C6173745F726567656E65726174657C693A313530323630323936303B);
INSERT INTO `ci_sessions` VALUES ('249o8nf2q74h70643rj9kovo59gfavb8', '172.68.65.156', '1501998159', 0x5F5F63695F6C6173745F726567656E65726174657C693A313530313939383135393B);
INSERT INTO `ci_sessions` VALUES ('251dvk5mnt1pa238bmc0p9sf42imodmk', '120.188.78.175', '1501223263', 0x5F5F63695F6C6173745F726567656E65726174657C693A313530313232333236333B);
INSERT INTO `ci_sessions` VALUES ('253883cla6jdkktv6lm79gfk4pku47dg', '162.158.79.65', '1502602975', 0x5F5F63695F6C6173745F726567656E65726174657C693A313530323630323937353B);
INSERT INTO `ci_sessions` VALUES ('25cuqvoukm7gs9m0n7jr5gkmj3pa1vph', '162.158.79.107', '1503207776', 0x5F5F63695F6C6173745F726567656E65726174657C693A313530333230373737363B);
INSERT INTO `ci_sessions` VALUES ('28f2v0fuq7r09k8utk9lk49ugdpcgi43', '::1', '1506246123', 0x5F5F63695F6C6173745F726567656E65726174657C693A313530363234363132333B6964656E746974797C733A31323A22747261696E6572677370656C223B757365726E616D657C733A31323A22747261696E6572677370656C223B656D61696C7C4E3B757365725F69647C733A323A223331223B6F6C645F6C6173745F6C6F67696E7C733A31303A2231353036323435313833223B);
INSERT INTO `ci_sessions` VALUES ('29pvc4veiortvu67o3qdqmq0armbhmhm', '127.0.0.1', '1506235635', 0x5F5F63695F6C6173745F726567656E65726174657C693A313530363233353633353B6964656E746974797C733A353A2261646D696E223B757365726E616D657C733A353A2261646D696E223B656D61696C7C4E3B757365725F69647C733A313A2232223B6F6C645F6C6173745F6C6F67696E7C733A31303A2231353036323234393833223B);
INSERT INTO `ci_sessions` VALUES ('29racfqjvn3mkmvqant0nenidhmqtrp5', '127.0.0.1', '1506227384', 0x5F5F63695F6C6173745F726567656E65726174657C693A313530363232373338343B6964656E746974797C733A353A2261646D696E223B757365726E616D657C733A353A2261646D696E223B656D61696C7C4E3B757365725F69647C733A313A2232223B6F6C645F6C6173745F6C6F67696E7C733A31303A2231353036323232373334223B);
INSERT INTO `ci_sessions` VALUES ('2a1bbeqk9ojp353i4p1t8kjs1br0f2rm', '127.0.0.1', '1506176386', 0x5F5F63695F6C6173745F726567656E65726174657C693A313530363137363338363B6964656E746974797C733A353A2261646D696E223B757365726E616D657C733A353A2261646D696E223B656D61696C7C4E3B757365725F69647C733A313A2232223B6F6C645F6C6173745F6C6F67696E7C733A31303A2231353036313332353336223B);
INSERT INTO `ci_sessions` VALUES ('2cdtdq2mdd78j9g33ljogl1q9qg1mhfe', '127.0.0.1', '1499921551', 0x5F5F63695F6C6173745F726567656E65726174657C693A313439393932313535303B);
INSERT INTO `ci_sessions` VALUES ('2duvnqeu7t99bprn4l6mu5827cm0kqm1', '127.0.0.1', '1506227386', 0x5F5F63695F6C6173745F726567656E65726174657C693A313530363232373338363B);
INSERT INTO `ci_sessions` VALUES ('2f7adnthkbtmct7a0tefg3c0msir3feg', '162.158.79.29', '1502602979', 0x5F5F63695F6C6173745F726567656E65726174657C693A313530323630323937393B);
INSERT INTO `ci_sessions` VALUES ('2fttubmf61r4642tbiu9vr7n85tp4k8g', '162.158.78.106', '1502602964', 0x5F5F63695F6C6173745F726567656E65726174657C693A313530323630323936343B);
INSERT INTO `ci_sessions` VALUES ('2ikjolv8on23j19g130ebch1ggqlacp6', '162.158.79.59', '1502602972', 0x5F5F63695F6C6173745F726567656E65726174657C693A313530323630323937323B);
INSERT INTO `ci_sessions` VALUES ('2l2h8bvqr4mmp89iu4lkpcm86sk57ies', '162.158.78.106', '1504422005', 0x5F5F63695F6C6173745F726567656E65726174657C693A313530343432323030353B);
INSERT INTO `ci_sessions` VALUES ('2o4cc8hp48436q5oaimn6s9oc2b3sugt', '162.158.79.161', '1501998169', 0x5F5F63695F6C6173745F726567656E65726174657C693A313530313939383136393B);
INSERT INTO `ci_sessions` VALUES ('2ob94583r6hqqodfjnprnhc97fbm8e3i', '108.162.245.250', '1503207761', 0x5F5F63695F6C6173745F726567656E65726174657C693A313530333230373736313B);
INSERT INTO `ci_sessions` VALUES ('2pr5r75c033euvr21un5lk7hen40vumh', '162.158.79.107', '1502602974', 0x5F5F63695F6C6173745F726567656E65726174657C693A313530323630323937343B);
INSERT INTO `ci_sessions` VALUES ('2qok09rn7u0loqs1vkq7ht82ge2tim0k', '127.0.0.1', '1506225741', 0x5F5F63695F6C6173745F726567656E65726174657C693A313530363232353734313B6964656E746974797C733A353A2261646D696E223B757365726E616D657C733A353A2261646D696E223B656D61696C7C4E3B757365725F69647C733A313A2232223B6F6C645F6C6173745F6C6F67696E7C733A31303A2231353036323232373334223B);
INSERT INTO `ci_sessions` VALUES ('2tcqnau8c9i9fbp1ntocmb8ibvba9h8b', '162.158.78.76', '1501998175', 0x5F5F63695F6C6173745F726567656E65726174657C693A313530313939383137353B);
INSERT INTO `ci_sessions` VALUES ('2ua07b80jvu7ftauold2l1f2rc3i43c8', '::1', '1506243860', 0x5F5F63695F6C6173745F726567656E65726174657C693A313530363234333836303B6964656E746974797C733A353A2261646D696E223B757365726E616D657C733A353A2261646D696E223B656D61696C7C4E3B757365725F69647C733A313A2232223B6F6C645F6C6173745F6C6F67696E7C733A31303A2231353036323237373637223B);
INSERT INTO `ci_sessions` VALUES ('2uolchnusj7fp5pg31ecen0sb53068ku', '127.0.0.1', '1506244084', 0x5F5F63695F6C6173745F726567656E65726174657C693A313530363234343037363B);
INSERT INTO `ci_sessions` VALUES ('32gj1a3sir4b5cqohs6982utsqidms4b', '::1', '1506251876', 0x5F5F63695F6C6173745F726567656E65726174657C693A313530363235313738383B6964656E746974797C733A383A226272616E63686D31223B757365726E616D657C733A383A226272616E63686D31223B656D61696C7C4E3B757365725F69647C733A313A2237223B6F6C645F6C6173745F6C6F67696E7C733A31303A2231353036323330393535223B);
INSERT INTO `ci_sessions` VALUES ('3ajqu8ukbcl3rnttse0b26av1kdadb3c', '127.0.0.1', '1506250304', 0x5F5F63695F6C6173745F726567656E65726174657C693A313530363235303330343B6964656E746974797C733A353A2261646D696E223B757365726E616D657C733A353A2261646D696E223B656D61696C7C4E3B757365725F69647C733A313A2232223B6F6C645F6C6173745F6C6F67696E7C733A31303A2231353036323234393833223B);
INSERT INTO `ci_sessions` VALUES ('3e2osa1uth7vje2dm749mhilvlqkrm6e', '162.158.79.209', '1503207764', 0x5F5F63695F6C6173745F726567656E65726174657C693A313530333230373736343B);
INSERT INTO `ci_sessions` VALUES ('3fv76v0mu6nic3p6t04013g92g1cpoin', '162.158.79.71', '1508164082', 0x5F5F63695F6C6173745F726567656E65726174657C693A313530383136343038323B);
INSERT INTO `ci_sessions` VALUES ('3j382ls4lod6a6danb4kvgdq9dgetip9', '::1', '1499769810', 0x5F5F63695F6C6173745F726567656E65726174657C693A313439393736393531383B);
INSERT INTO `ci_sessions` VALUES ('3nq2keeodei1bhf7skis1gaid2h0idup', '127.0.0.1', '1506236765', 0x5F5F63695F6C6173745F726567656E65726174657C693A313530363233363736353B6964656E746974797C733A353A2261646D696E223B757365726E616D657C733A353A2261646D696E223B656D61696C7C4E3B757365725F69647C733A313A2232223B6F6C645F6C6173745F6C6F67696E7C733A31303A2231353036323234393833223B);
INSERT INTO `ci_sessions` VALUES ('3nq7ma9fv7nkfhaloh9h32kq2pnkuiek', '::1', '1506256103', 0x5F5F63695F6C6173745F726567656E65726174657C693A313530363235363130333B6964656E746974797C733A353A2261646D696E223B757365726E616D657C733A353A2261646D696E223B656D61696C7C4E3B757365725F69647C733A313A2232223B6F6C645F6C6173745F6C6F67696E7C733A31303A2231353036323237373637223B);
INSERT INTO `ci_sessions` VALUES ('3r57v72faubohpb240h5np8i6vahtmnd', '162.158.79.107', '1503207768', 0x5F5F63695F6C6173745F726567656E65726174657C693A313530333230373736383B);
INSERT INTO `ci_sessions` VALUES ('3v4nm77s1glhkb7oqsnkfnfjkh9brodn', '127.0.0.1', '1506181562', 0x5F5F63695F6C6173745F726567656E65726174657C693A313530363138313536323B);
INSERT INTO `ci_sessions` VALUES ('3v50gu7p7iqtksq2pq9qbcs3020gj75a', '162.158.79.23', '1503812577', 0x5F5F63695F6C6173745F726567656E65726174657C693A313530333831323537373B);
INSERT INTO `ci_sessions` VALUES ('43c0cu02ikmlp2enuf1iusuces57nomp', '127.0.0.1', '1506254931', 0x5F5F63695F6C6173745F726567656E65726174657C693A313530363235343639343B6964656E746974797C733A383A226272616E63686D31223B757365726E616D657C733A383A226272616E63686D31223B656D61696C7C4E3B757365725F69647C733A313A2237223B6F6C645F6C6173745F6C6F67696E7C733A31303A2231353036323437353336223B);
INSERT INTO `ci_sessions` VALUES ('43cn3nl969vln3h25jpoaasdci71tmkq', '127.0.0.1', '1499774314', 0x5F5F63695F6C6173745F726567656E65726174657C693A313439393737343239383B);
INSERT INTO `ci_sessions` VALUES ('455leb3cet38sbvo2be1jj89fjn2r28i', '162.158.79.161', '1503812580', 0x5F5F63695F6C6173745F726567656E65726174657C693A313530333831323538303B);
INSERT INTO `ci_sessions` VALUES ('4658ud9g56faimdraia5h4drgm3109p8', '127.0.0.1', '1506245595', 0x5F5F63695F6C6173745F726567656E65726174657C693A313530363234353539353B6964656E746974797C733A353A2261646D696E223B757365726E616D657C733A353A2261646D696E223B656D61696C7C4E3B757365725F69647C733A313A2232223B6F6C645F6C6173745F6C6F67696E7C733A31303A2231353036323234393833223B);
INSERT INTO `ci_sessions` VALUES ('4adqorek2om2g9g28snbuiv1ga5ov8tn', '36.84.13.168', '1500026692', 0x5F5F63695F6C6173745F726567656E65726174657C693A313530303032363638393B6964656E746974797C733A393A227765626D6173746572223B757365726E616D657C733A393A227765626D6173746572223B656D61696C7C4E3B757365725F69647C733A313A2231223B6F6C645F6C6173745F6C6F67696E7C733A31303A2231353030303235383432223B73797374656D5F6D657373616765737C613A323A7B733A373A2273756363657373223B613A313A7B693A303B733A32393A223C703E4C6F6767656420496E205375636365737366756C6C793C2F703E223B7D733A353A226572726F72223B613A303A7B7D7D5F5F63695F766172737C613A313A7B733A31353A2273797374656D5F6D65737361676573223B733A333A226F6C64223B7D);
INSERT INTO `ci_sessions` VALUES ('4bsao2kha35eofg0rnlulbp6l3rd9emp', '::1', '1506230698', 0x5F5F63695F6C6173745F726567656E65726174657C693A313530363233303639383B);
INSERT INTO `ci_sessions` VALUES ('4cbmdkb5o86f9e6qld1f16dmjko5lp5p', '172.68.65.84', '1501998160', 0x5F5F63695F6C6173745F726567656E65726174657C693A313530313939383136303B);
INSERT INTO `ci_sessions` VALUES ('4e8jr2sn051osqemvsij2hsjcdeq2j83', '180.252.103.168', '1499826816', 0x5F5F63695F6C6173745F726567656E65726174657C693A313439393832363831363B);
INSERT INTO `ci_sessions` VALUES ('4hja37hpaherbc8ehf23b1scv620lcev', '162.158.79.107', '1503812582', 0x5F5F63695F6C6173745F726567656E65726174657C693A313530333831323538323B);
INSERT INTO `ci_sessions` VALUES ('4hjd17p4et7l01r4pajjung9mn1qfm6p', '::1', '1506246784', 0x5F5F63695F6C6173745F726567656E65726174657C693A313530363234363738343B6964656E746974797C733A31323A22747261696E6572677370656C223B757365726E616D657C733A31323A22747261696E6572677370656C223B656D61696C7C4E3B757365725F69647C733A323A223331223B6F6C645F6C6173745F6C6F67696E7C733A31303A2231353036323435313833223B);
INSERT INTO `ci_sessions` VALUES ('4jo43ndso13jq6hbddpofm5r37k6oonp', '::1', '1506228814', 0x5F5F63695F6C6173745F726567656E65726174657C693A313530363232383634303B69645F7065726D6F686F6E616E7C733A323A223735223B);
INSERT INTO `ci_sessions` VALUES ('4jrsq65p6ohs23u5rf6bnkcoh9a3gaor', '::1', '1506243725', 0x5F5F63695F6C6173745F726567656E65726174657C693A313530363234333732353B6964656E746974797C733A31323A22747261696E6572677370656C223B757365726E616D657C733A31323A22747261696E6572677370656C223B656D61696C7C4E3B757365725F69647C733A323A223331223B6F6C645F6C6173745F6C6F67696E7C733A31303A2231353036323432303935223B);
INSERT INTO `ci_sessions` VALUES ('4kjjjfqttngnnn8sk9ohb6ufjeqbcv5r', '180.252.103.168', '1499825272', 0x5F5F63695F6C6173745F726567656E65726174657C693A313439393832353237323B);
INSERT INTO `ci_sessions` VALUES ('4mf4953mnf4dk00ig1n3n80do3fhm6qt', '::1', '1506242406', 0x5F5F63695F6C6173745F726567656E65726174657C693A313530363234323430363B6964656E746974797C733A31323A22747261696E6572677370656C223B757365726E616D657C733A31323A22747261696E6572677370656C223B656D61696C7C4E3B757365725F69647C733A323A223331223B6F6C645F6C6173745F6C6F67696E7C733A31303A2231353036323432303737223B);
INSERT INTO `ci_sessions` VALUES ('4mql6fe0oa3nrej32sp5pf25hobcmvl0', '162.158.78.76', '1503812585', 0x5F5F63695F6C6173745F726567656E65726174657C693A313530333831323538353B);
INSERT INTO `ci_sessions` VALUES ('4ns52i5lj6c1avai9bvsfqq00es883q5', '::1', '1499770310', 0x5F5F63695F6C6173745F726567656E65726174657C693A313439393737303331303B);
INSERT INTO `ci_sessions` VALUES ('4o1hvo5vlnfaeug5d18u09qbo7bv613o', '::1', '1506253936', 0x5F5F63695F6C6173745F726567656E65726174657C693A313530363235333635373B6964656E746974797C733A383A226272616E63686D31223B757365726E616D657C733A383A226272616E63686D31223B656D61696C7C4E3B757365725F69647C733A313A2237223B6F6C645F6C6173745F6C6F67696E7C733A31303A2231353036323330393535223B696442704C6173747C693A3239353B);
INSERT INTO `ci_sessions` VALUES ('4pef1i7bo35gi41904bvhjtppu2fiuit', '162.158.79.209', '1502602963', 0x5F5F63695F6C6173745F726567656E65726174657C693A313530323630323936333B);
INSERT INTO `ci_sessions` VALUES ('4petjv44sakkh085q21jm7g9ftmmbbs8', '::1', '1506131410', 0x5F5F63695F6C6173745F726567656E65726174657C693A313530363133313431303B);
INSERT INTO `ci_sessions` VALUES ('5001148g83vf8h432226ti0pvkvv3s6f', '162.158.78.16', '1503207766', 0x5F5F63695F6C6173745F726567656E65726174657C693A313530333230373736363B);
INSERT INTO `ci_sessions` VALUES ('517ea7b3n0uuorvcbmaf1oknhd92qvq7', '127.0.0.1', '1506244540', 0x5F5F63695F6C6173745F726567656E65726174657C693A313530363234343534303B);
INSERT INTO `ci_sessions` VALUES ('53hauj3n61dgad5uf7hars1mapocbn2e', '180.252.103.168', '1499828318', 0x5F5F63695F6C6173745F726567656E65726174657C693A313439393832383331383B);
INSERT INTO `ci_sessions` VALUES ('57etafgeivspbs0a6ginn5pprrp2bgr5', '162.158.79.155', '1501998165', 0x5F5F63695F6C6173745F726567656E65726174657C693A313530313939383136353B);
INSERT INTO `ci_sessions` VALUES ('5am4cl30cb603g08efvjadeka04timt1', '180.252.103.168', '1499828326', 0x5F5F63695F6C6173745F726567656E65726174657C693A313439393832383332363B);
INSERT INTO `ci_sessions` VALUES ('5anqn6es3tbbikt64n5matv727prr5vj', '127.0.0.1', '1506249293', 0x5F5F63695F6C6173745F726567656E65726174657C693A313530363234393239333B6964656E746974797C733A353A2261646D696E223B757365726E616D657C733A353A2261646D696E223B656D61696C7C4E3B757365725F69647C733A313A2232223B6F6C645F6C6173745F6C6F67696E7C733A31303A2231353036323234393833223B);
INSERT INTO `ci_sessions` VALUES ('5d0rpvqut060u92386798gih5skmogaq', '162.158.79.107', '1501998176', 0x5F5F63695F6C6173745F726567656E65726174657C693A313530313939383137363B);
INSERT INTO `ci_sessions` VALUES ('5dpqda320hobjqah7k9fpl1t6qcic717', '162.158.106.30', '1503207761', 0x5F5F63695F6C6173745F726567656E65726174657C693A313530333230373736313B);
INSERT INTO `ci_sessions` VALUES ('5elm37r8io55hgk7gjvrsuqhsjrsjk67', '162.158.79.203', '1503812572', 0x5F5F63695F6C6173745F726567656E65726174657C693A313530333831323537323B);
INSERT INTO `ci_sessions` VALUES ('5i3756scp62u6hn5k4o5eqotp7n6qjgs', '::1', '1506251782', 0x5F5F63695F6C6173745F726567656E65726174657C693A313530363235313436333B6964656E746974797C733A383A226272616E63686D31223B757365726E616D657C733A383A226272616E63686D31223B656D61696C7C4E3B757365725F69647C733A313A2237223B6F6C645F6C6173745F6C6F67696E7C733A31303A2231353036323330393535223B);
INSERT INTO `ci_sessions` VALUES ('5jim2b3a44055te0hdqipekrdepi8vqa', '::1', '1506262316', 0x5F5F63695F6C6173745F726567656E65726174657C693A313530363236323331363B6964656E746974797C733A383A226272616E63686D31223B757365726E616D657C733A383A226272616E63686D31223B656D61696C7C4E3B757365725F69647C733A313A2237223B6F6C645F6C6173745F6C6F67696E7C733A31303A2231353036323537393539223B);
INSERT INTO `ci_sessions` VALUES ('5lvmved1jh4qd95snpi2tbh45k1qmg47', '180.252.144.147', '1499770220', 0x5F5F63695F6C6173745F726567656E65726174657C693A313439393737303134313B6964656E746974797C733A393A227765626D6173746572223B757365726E616D657C733A393A227765626D6173746572223B656D61696C7C4E3B757365725F69647C733A313A2231223B6F6C645F6C6173745F6C6F67696E7C733A31303A2231343939373438333930223B73797374656D5F6D657373616765737C613A323A7B733A373A2273756363657373223B613A313A7B693A303B733A32393A223C703E4C6F6767656420496E205375636365737366756C6C793C2F703E223B7D733A353A226572726F72223B613A303A7B7D7D5F5F63695F766172737C613A313A7B733A31353A2273797374656D5F6D65737361676573223B733A333A226F6C64223B7D);
INSERT INTO `ci_sessions` VALUES ('5p824fj6qtlmvuikc6vb21uhr67g61fc', '64.233.173.32', '1499956671', 0x5F5F63695F6C6173745F726567656E65726174657C693A313439393935363637313B);
INSERT INTO `ci_sessions` VALUES ('5s1egejf3ef4j70hro5ncj32uu5k6mqb', '::1', '1506250328', 0x5F5F63695F6C6173745F726567656E65726174657C693A313530363235303332383B);
INSERT INTO `ci_sessions` VALUES ('5tdmu66nlql8da8hqm1lpbad8aj0d69q', '172.68.65.84', '1503812580', 0x5F5F63695F6C6173745F726567656E65726174657C693A313530333831323538303B);
INSERT INTO `ci_sessions` VALUES ('5th74smtdadkhe21aajluh72d318mi9s', '108.162.245.244', '1506954476', 0x5F5F63695F6C6173745F726567656E65726174657C693A313530363935343437363B);
INSERT INTO `ci_sessions` VALUES ('5tuvbk3ucr5qdfvoerd39oj8pnspoa15', '::1', '1499824876', 0x5F5F63695F6C6173745F726567656E65726174657C693A313439393832343732313B6964656E746974797C733A393A227765626D6173746572223B757365726E616D657C733A393A227765626D6173746572223B656D61696C7C4E3B757365725F69647C733A313A2231223B6F6C645F6C6173745F6C6F67696E7C733A31303A2231343939383233303735223B);
INSERT INTO `ci_sessions` VALUES ('5vb00ccrtou94a4kofsc67t6sb9brb9c', '112.215.154.205', '1499956516', 0x5F5F63695F6C6173745F726567656E65726174657C693A313439393935363531363B);
INSERT INTO `ci_sessions` VALUES ('60r6sk73gs5a7qfoh61nmvjj932kpehl', '162.158.78.148', '1504422014', 0x5F5F63695F6C6173745F726567656E65726174657C693A313530343432323031343B);
INSERT INTO `ci_sessions` VALUES ('677qeeto8qnn72phjemobsu6i1irkh7l', '162.158.79.65', '1503207777', 0x5F5F63695F6C6173745F726567656E65726174657C693A313530333230373737373B);
INSERT INTO `ci_sessions` VALUES ('67lvbjnf7c5efga76a5vjr9fepo929vm', '36.88.156.46', '1499846371', 0x5F5F63695F6C6173745F726567656E65726174657C693A313439393834363337313B);
INSERT INTO `ci_sessions` VALUES ('68be644850s3rdam1337l8m82ornh9b1', '202.62.17.204', '1500088374', 0x5F5F63695F6C6173745F726567656E65726174657C693A313530303038383337313B);
INSERT INTO `ci_sessions` VALUES ('6fevqo4a8uoai7o6p91111ls7it5p0ip', '::1', '1506250260', 0x5F5F63695F6C6173745F726567656E65726174657C693A313530363235303236303B6964656E746974797C733A353A2261646D696E223B757365726E616D657C733A353A2261646D696E223B656D61696C7C4E3B757365725F69647C733A313A2232223B6F6C645F6C6173745F6C6F67696E7C733A31303A2231353036323237373637223B);
INSERT INTO `ci_sessions` VALUES ('6geedugkg8mmd03l1ae5neg5a4ojqgfo', '::1', '1502876600', 0x5F5F63695F6C6173745F726567656E65726174657C693A313530323837363535333B);
INSERT INTO `ci_sessions` VALUES ('6jjsl5nrufa3831ht3moi2v2g66k4ag8', '162.158.78.16', '1502602964', 0x5F5F63695F6C6173745F726567656E65726174657C693A313530323630323936343B);
INSERT INTO `ci_sessions` VALUES ('6o0d05bal1188ggp53td82j2236er4dt', '162.158.78.76', '1502602975', 0x5F5F63695F6C6173745F726567656E65726174657C693A313530323630323937353B);
INSERT INTO `ci_sessions` VALUES ('6qnuo972lee35gvq86j26njl1tv8glf5', '::1', '1506243861', 0x5F5F63695F6C6173745F726567656E65726174657C693A313530363234333836313B);
INSERT INTO `ci_sessions` VALUES ('6rqmeq1aieg6gf1mm95bdhojt67urkcp', '162.158.78.16', '1503812576', 0x5F5F63695F6C6173745F726567656E65726174657C693A313530333831323537363B);
INSERT INTO `ci_sessions` VALUES ('6sl8eeuvv220irkr2c0ikffujo6pef1d', '172.68.65.114', '1503812583', 0x5F5F63695F6C6173745F726567656E65726174657C693A313530333831323538333B);
INSERT INTO `ci_sessions` VALUES ('6ve5319i9bfdl9l29u2lpoesggg83qvc', '127.0.0.1', '1506236401', 0x5F5F63695F6C6173745F726567656E65726174657C693A313530363233363430313B6964656E746974797C733A353A2261646D696E223B757365726E616D657C733A353A2261646D696E223B656D61696C7C4E3B757365725F69647C733A313A2232223B6F6C645F6C6173745F6C6F67696E7C733A31303A2231353036323234393833223B);
INSERT INTO `ci_sessions` VALUES ('6vmnfb8jn75cc9v3p32r125e4a5e993q', '127.0.0.1', '1506234921', 0x5F5F63695F6C6173745F726567656E65726174657C693A313530363233343932313B6964656E746974797C733A353A2261646D696E223B757365726E616D657C733A353A2261646D696E223B656D61696C7C4E3B757365725F69647C733A313A2232223B6F6C645F6C6173745F6C6F67696E7C733A31303A2231353036323234393833223B);
INSERT INTO `ci_sessions` VALUES ('6vn2i23fluohk9e8thduj3dr0beroleu', '127.0.0.1', '1506244539', 0x5F5F63695F6C6173745F726567656E65726174657C693A313530363234343533393B6964656E746974797C733A353A2261646D696E223B757365726E616D657C733A353A2261646D696E223B656D61696C7C4E3B757365725F69647C733A313A2232223B6F6C645F6C6173745F6C6F67696E7C733A31303A2231353036323234393833223B);
INSERT INTO `ci_sessions` VALUES ('70b382s6p6dfbpsjik8hnmkbsvsiht03', '::1', '1506228975', 0x5F5F63695F6C6173745F726567656E65726174657C693A313530363232383832363B6964656E746974797C733A383A226272616E63686D31223B757365726E616D657C733A383A226272616E63686D31223B656D61696C7C4E3B757365725F69647C733A313A2237223B6F6C645F6C6173745F6C6F67696E7C733A31303A2231353036323233323239223B);
INSERT INTO `ci_sessions` VALUES ('76qd7lebrf6qn90me1n08uvctqh1pg18', '180.252.103.168', '1499822575', 0x5F5F63695F6C6173745F726567656E65726174657C693A313439393832323537323B);
INSERT INTO `ci_sessions` VALUES ('7af8gkagtcampp7uorj1ch6sdt5726k7', '180.252.103.168', '1499825869', 0x5F5F63695F6C6173745F726567656E65726174657C693A313439393832353836393B);
INSERT INTO `ci_sessions` VALUES ('7gv84slqo52lnpj2ab39tqklkehig1fq', '::1', '1506250261', 0x5F5F63695F6C6173745F726567656E65726174657C693A313530363235303236313B);
INSERT INTO `ci_sessions` VALUES ('7rluso3cnq0ar71fio2qg96s3uor0ctr', '::1', '1506228050', 0x5F5F63695F6C6173745F726567656E65726174657C693A313530363232383035303B);
INSERT INTO `ci_sessions` VALUES ('7sisvkhvqd9lpslsivsns4j6k33suksn', '112.215.154.205', '1499956518', 0x5F5F63695F6C6173745F726567656E65726174657C693A313439393935363531383B);
INSERT INTO `ci_sessions` VALUES ('7su46o82bg06e303qmc8ta1sou6bdshe', '172.68.133.126', '1510583288', 0x5F5F63695F6C6173745F726567656E65726174657C693A313531303538333238383B);
INSERT INTO `ci_sessions` VALUES ('7tbjb91995rontcrs432adn1rlerfp8a', '162.158.78.88', '1504422013', 0x5F5F63695F6C6173745F726567656E65726174657C693A313530343432323031333B);
INSERT INTO `ci_sessions` VALUES ('81q2pkkkce3a1t8285u57bl69d6gifqq', '162.158.79.47', '1503812587', 0x5F5F63695F6C6173745F726567656E65726174657C693A313530333831323538373B);
INSERT INTO `ci_sessions` VALUES ('899gjc0b1j4f4n9m3egnl85839o486ni', '172.68.65.84', '1503207762', 0x5F5F63695F6C6173745F726567656E65726174657C693A313530333230373736323B);
INSERT INTO `ci_sessions` VALUES ('89rfpmk2cgqje6u2555m2vr4d4ek3d4o', '162.158.79.65', '1501998175', 0x5F5F63695F6C6173745F726567656E65726174657C693A313530313939383137353B);
INSERT INTO `ci_sessions` VALUES ('8aqrak4q3ob8nsegjjogis1paad68oqq', '180.252.103.168', '1499826138', 0x5F5F63695F6C6173745F726567656E65726174657C693A313439393832363133383B);
INSERT INTO `ci_sessions` VALUES ('8fhroij73keet3a96sjbi9qedrite8k0', '162.158.78.148', '1501998173', 0x5F5F63695F6C6173745F726567656E65726174657C693A313530313939383137333B);
INSERT INTO `ci_sessions` VALUES ('8fm8h3q5l1ckk5sr8k3ouvf3ba9dph4q', '162.158.79.47', '1502602978', 0x5F5F63695F6C6173745F726567656E65726174657C693A313530323630323937383B);
INSERT INTO `ci_sessions` VALUES ('8ibf535s4g5nb6okpujgnc11kh4t539i', '::1', '1506249933', 0x5F5F63695F6C6173745F726567656E65726174657C693A313530363234393933333B6964656E746974797C733A31323A22747261696E6572677370656C223B757365726E616D657C733A31323A22747261696E6572677370656C223B656D61696C7C4E3B757365725F69647C733A323A223331223B6F6C645F6C6173745F6C6F67696E7C733A31303A2231353036323438383639223B);
INSERT INTO `ci_sessions` VALUES ('8mj3vvfkf7otuecv7hcvovrp97kvoanv', '127.0.0.1', '1506248508', 0x5F5F63695F6C6173745F726567656E65726174657C693A313530363234383530383B);
INSERT INTO `ci_sessions` VALUES ('8o9149opp4cubhch8m07k3ncvmhp5v35', '::1', '1499825279', 0x5F5F63695F6C6173745F726567656E65726174657C693A313439393832353237393B6964656E746974797C733A393A227765626D6173746572223B757365726E616D657C733A393A227765626D6173746572223B656D61696C7C4E3B757365725F69647C733A313A2231223B6F6C645F6C6173745F6C6F67696E7C733A31303A2231343939383233303735223B);
INSERT INTO `ci_sessions` VALUES ('8qej2otpfko4jnppcnecrom6ophbi27u', '64.233.173.56', '1499956654', 0x5F5F63695F6C6173745F726567656E65726174657C693A313439393935363635343B);
INSERT INTO `ci_sessions` VALUES ('8smn312u7pida4t3lglib51e34rag9r1', '::1', '1506248243', 0x5F5F63695F6C6173745F726567656E65726174657C693A313530363234383234333B6964656E746974797C733A31323A22747261696E6572677370656C223B757365726E616D657C733A31323A22747261696E6572677370656C223B656D61696C7C4E3B757365725F69647C733A323A223331223B6F6C645F6C6173745F6C6F67696E7C733A31303A2231353036323435363839223B);
INSERT INTO `ci_sessions` VALUES ('8sub6vbupfa8qianvuk3ji5v8a09f3tp', '::1', '1506256177', 0x5F5F63695F6C6173745F726567656E65726174657C693A313530363235363137373B);
INSERT INTO `ci_sessions` VALUES ('8uoto7i0ohfb4br7gdbnl2l0ebcn896v', '127.0.0.1', '1506225743', 0x5F5F63695F6C6173745F726567656E65726174657C693A313530363232353734333B);
INSERT INTO `ci_sessions` VALUES ('90bl9081kj5prcv96a00f3m1vjaqv9ns', '162.158.79.107', '1503812578', 0x5F5F63695F6C6173745F726567656E65726174657C693A313530333831323537383B);
INSERT INTO `ci_sessions` VALUES ('92hd5n3ppq4dvha35khukbc2d6r6bp3j', '127.0.0.1', '1506254671', 0x5F5F63695F6C6173745F726567656E65726174657C693A313530363235343637313B6964656E746974797C733A353A2261646D696E223B757365726E616D657C733A353A2261646D696E223B656D61696C7C4E3B757365725F69647C733A313A2232223B6F6C645F6C6173745F6C6F67696E7C733A31303A2231353036323234393833223B);
INSERT INTO `ci_sessions` VALUES ('93nrlg8i3o556um5cgmv9dajci4jjarr', '::1', '1506160897', 0x5F5F63695F6C6173745F726567656E65726174657C693A313530363136303839333B6964656E746974797C733A393A227765626D6173746572223B757365726E616D657C733A393A227765626D6173746572223B656D61696C7C4E3B757365725F69647C733A313A2231223B6F6C645F6C6173745F6C6F67696E7C733A31303A2231353036313436313539223B73797374656D5F6D657373616765737C613A323A7B733A373A2273756363657373223B613A313A7B693A303B733A32393A223C703E4C6F6767656420496E205375636365737366756C6C793C2F703E223B7D733A353A226572726F72223B613A303A7B7D7D5F5F63695F766172737C613A313A7B733A31353A2273797374656D5F6D65737361676573223B733A333A226F6C64223B7D);
INSERT INTO `ci_sessions` VALUES ('94bt2a75nco8u0u0m1jp1eb6us9uagpb', '108.162.245.130', '1509373689', 0x5F5F63695F6C6173745F726567656E65726174657C693A313530393337333638393B);
INSERT INTO `ci_sessions` VALUES ('94lipgua6qo5qsssni5g1vn7rj2f0pqg', '172.68.65.114', '1504422014', 0x5F5F63695F6C6173745F726567656E65726174657C693A313530343432323031343B);
INSERT INTO `ci_sessions` VALUES ('969u2bb5apjsbrpi7rk6iso4805mrp4f', '::1', '1506244611', 0x5F5F63695F6C6173745F726567656E65726174657C693A313530363234343631313B);
INSERT INTO `ci_sessions` VALUES ('9chtgat238ij4knltsv6bhit8vp811c8', '127.0.0.1', '1506242599', 0x5F5F63695F6C6173745F726567656E65726174657C693A313530363234323539393B);
INSERT INTO `ci_sessions` VALUES ('9g5p6iem50hdrui8p3jart5vp7l2ov8a', '127.0.0.1', '1506254682', 0x5F5F63695F6C6173745F726567656E65726174657C693A313530363235343638313B);
INSERT INTO `ci_sessions` VALUES ('9g9f0b3gjami6jcne1bgvj2i8reub0pp', '::1', '1506227191', 0x5F5F63695F6C6173745F726567656E65726174657C693A313530363232363937333B6964656E746974797C733A383A226272616E63686D31223B757365726E616D657C733A383A226272616E63686D31223B656D61696C7C4E3B757365725F69647C733A313A2237223B6F6C645F6C6173745F6C6F67696E7C733A31303A2231353036323233323239223B);
INSERT INTO `ci_sessions` VALUES ('9h1t74t9lpsluo1felmrcbmi58f6nbb8', '::1', '1506248833', 0x5F5F63695F6C6173745F726567656E65726174657C693A313530363234383833333B6964656E746974797C733A31323A22747261696E6572677370656C223B757365726E616D657C733A31323A22747261696E6572677370656C223B656D61696C7C4E3B757365725F69647C733A323A223331223B6F6C645F6C6173745F6C6F67696E7C733A31303A2231353036323438323930223B73797374656D5F6D657373616765737C613A323A7B733A373A2273756363657373223B613A313A7B693A303B733A32393A223C703E4C6F6767656420496E205375636365737366756C6C793C2F703E223B7D733A353A226572726F72223B613A303A7B7D7D5F5F63695F766172737C613A313A7B733A31353A2273797374656D5F6D65737361676573223B733A333A226F6C64223B7D);
INSERT INTO `ci_sessions` VALUES ('9lard45f4rn5ggpt2snhhetds2foiuoc', '162.158.79.23', '1504422007', 0x5F5F63695F6C6173745F726567656E65726174657C693A313530343432323030373B);
INSERT INTO `ci_sessions` VALUES ('9mjvejik8vde08dmb6vk9rfh7vu63ia1', '162.158.79.23', '1503207767', 0x5F5F63695F6C6173745F726567656E65726174657C693A313530333230373736373B);
INSERT INTO `ci_sessions` VALUES ('9o6t357asihpch8gfbmn5r37p9em9f6v', '108.162.246.119', '1505744871', 0x5F5F63695F6C6173745F726567656E65726174657C693A313530353734343837313B);
INSERT INTO `ci_sessions` VALUES ('9ree7skpuaoairga2h6ud23fvep6g426', '127.0.0.1', '1504345536', 0x5F5F63695F6C6173745F726567656E65726174657C693A313530343334353533363B);
INSERT INTO `ci_sessions` VALUES ('a0dai8l1lgfit0p8kp2huf63ei2m0i29', '127.0.0.1', '1506241846', 0x5F5F63695F6C6173745F726567656E65726174657C693A313530363234313834363B6964656E746974797C733A353A2261646D696E223B757365726E616D657C733A353A2261646D696E223B656D61696C7C4E3B757365725F69647C733A313A2232223B6F6C645F6C6173745F6C6F67696E7C733A31303A2231353036323234393833223B);
INSERT INTO `ci_sessions` VALUES ('a2n0bbqem9v7ra859fcqr1nu7nr6ldo6', '::1', '1501431921', 0x5F5F63695F6C6173745F726567656E65726174657C693A313530313433313932303B);
INSERT INTO `ci_sessions` VALUES ('a3t4agkqtmu5hsbpvt7ebrprf52tscfo', '180.252.103.168', '1499826821', 0x5F5F63695F6C6173745F726567656E65726174657C693A313439393832363831363B);
INSERT INTO `ci_sessions` VALUES ('a3u5m4llo2t9n1aun53emvllteajkte0', '::1', '1506257731', 0x5F5F63695F6C6173745F726567656E65726174657C693A313530363235373430343B6964656E746974797C733A383A226272616E63686D31223B757365726E616D657C733A383A226272616E63686D31223B656D61696C7C4E3B757365725F69647C733A313A2237223B6F6C645F6C6173745F6C6F67696E7C733A31303A2231353036323330393535223B696442704C6173747C693A3239353B);
INSERT INTO `ci_sessions` VALUES ('a45ecgs85ohsfrfnqd7vrhen7h4juqb0', '127.0.0.1', '1506179973', 0x5F5F63695F6C6173745F726567656E65726174657C693A313530363137393937333B);
INSERT INTO `ci_sessions` VALUES ('aee8hc3fgf6i6j9b4n2udumghabdomg2', '::1', '1506251040', 0x5F5F63695F6C6173745F726567656E65726174657C693A313530363235303737323B6964656E746974797C733A383A226272616E63686D31223B757365726E616D657C733A383A226272616E63686D31223B656D61696C7C4E3B757365725F69647C733A313A2237223B6F6C645F6C6173745F6C6F67696E7C733A31303A2231353036323330393535223B);
INSERT INTO `ci_sessions` VALUES ('af5a557ak4k637cjkbtjorv5539t850v', '::1', '1506256178', 0x5F5F63695F6C6173745F726567656E65726174657C693A313530363235363137373B);
INSERT INTO `ci_sessions` VALUES ('af627s9j55mj23u4ecv5u558089vsl4k', '162.158.78.88', '1503812582', 0x5F5F63695F6C6173745F726567656E65726174657C693A313530333831323538323B);
INSERT INTO `ci_sessions` VALUES ('agr8th7bacsf6gsq6bc47epq83soai5c', '::1', '1506250542', 0x5F5F63695F6C6173745F726567656E65726174657C693A313530363235303236313B);
INSERT INTO `ci_sessions` VALUES ('ajrslea24c40avvmoslhmlv0q94dou2h', '162.158.79.203', '1504422002', 0x5F5F63695F6C6173745F726567656E65726174657C693A313530343432323030323B);
INSERT INTO `ci_sessions` VALUES ('al11av7t95f979ckjt4kc61u33rte934', '162.158.79.107', '1504422008', 0x5F5F63695F6C6173745F726567656E65726174657C693A313530343432323030383B);
INSERT INTO `ci_sessions` VALUES ('anjf592oto3gslorfie5q3sf8lqdadt6', '::1', '1506251641', 0x5F5F63695F6C6173745F726567656E65726174657C693A313530363235313437313B);
INSERT INTO `ci_sessions` VALUES ('ao8nc0ltta6qahdjo82k8pgfodv3t6ta', '172.68.65.156', '1505022241', 0x5F5F63695F6C6173745F726567656E65726174657C693A313530353032323234313B);
INSERT INTO `ci_sessions` VALUES ('aon068m3tsaghpjj6e7dj0oinbq9rjct', '127.0.0.1', '1506227767', 0x5F5F63695F6C6173745F726567656E65726174657C693A313530363232373736373B);
INSERT INTO `ci_sessions` VALUES ('apbb3j64p7p1hgbeqm2o8hv7ank0943o', '127.0.0.1', '1506239539', 0x5F5F63695F6C6173745F726567656E65726174657C693A313530363233393533393B6964656E746974797C733A353A2261646D696E223B757365726E616D657C733A353A2261646D696E223B656D61696C7C4E3B757365725F69647C733A313A2232223B6F6C645F6C6173745F6C6F67696E7C733A31303A2231353036323234393833223B);
INSERT INTO `ci_sessions` VALUES ('ar2mi1gojn5akgg9h8o0mk0r2c61knf2', '172.68.65.156', '1504422026', 0x5F5F63695F6C6173745F726567656E65726174657C693A313530343432323032363B);
INSERT INTO `ci_sessions` VALUES ('arisoibiak11bumlc80accnu6hb7lsj3', '162.158.79.47', '1504422018', 0x5F5F63695F6C6173745F726567656E65726174657C693A313530343432323031383B);
INSERT INTO `ci_sessions` VALUES ('artop2f0pe0rk8sj9n31g938e32tiobu', '172.68.65.84', '1503812572', 0x5F5F63695F6C6173745F726567656E65726174657C693A313530333831323537323B);
INSERT INTO `ci_sessions` VALUES ('ashgibim8l8k4ua63ef28v41m6u0ljq4', '162.158.79.107', '1504422012', 0x5F5F63695F6C6173745F726567656E65726174657C693A313530343432323031323B);
INSERT INTO `ci_sessions` VALUES ('atk77qfa2rmrlv16nqjtnu3qmsmnu9d4', '172.68.141.106', '1503812571', 0x5F5F63695F6C6173745F726567656E65726174657C693A313530333831323537313B);
INSERT INTO `ci_sessions` VALUES ('auscfdr4dq49eit6qkfcp4eg9mh269hg', '::1', '1506257949', 0x5F5F63695F6C6173745F726567656E65726174657C693A313530363235373838343B6964656E746974797C733A383A226272616E63686D31223B757365726E616D657C733A383A226272616E63686D31223B656D61696C7C4E3B757365725F69647C733A313A2237223B6F6C645F6C6173745F6C6F67696E7C733A31303A2231353036323330393535223B696442704C6173747C693A3239353B);
INSERT INTO `ci_sessions` VALUES ('b1781g7l9334ch0tn13947fufp95dd0l', '110.138.46.222', '1499936556', 0x5F5F63695F6C6173745F726567656E65726174657C693A313439393933363437323B6964656E746974797C733A393A227765626D6173746572223B757365726E616D657C733A393A227765626D6173746572223B656D61696C7C4E3B757365725F69647C733A313A2231223B6F6C645F6C6173745F6C6F67696E7C733A31303A2231343939393333313533223B);
INSERT INTO `ci_sessions` VALUES ('b3eels7k8foi1eluqpmem028io213l3q', '::1', '1506240256', 0x5F5F63695F6C6173745F726567656E65726174657C693A313530363234303235363B6964656E746974797C733A31323A22747261696E6572677370656C223B757365726E616D657C733A31323A22747261696E6572677370656C223B656D61696C7C4E3B757365725F69647C733A323A223331223B6F6C645F6C6173745F6C6F67696E7C733A31303A2231353036323335343039223B);
INSERT INTO `ci_sessions` VALUES ('b53faftvm0tq9gej1crl5v32fnoufblt', '172.68.142.35', '1501998158', 0x5F5F63695F6C6173745F726567656E65726174657C693A313530313939383135383B);
INSERT INTO `ci_sessions` VALUES ('b7arh32jq9h0bq1v1b94nuekod298tr9', '::1', '1506233692', 0x5F5F63695F6C6173745F726567656E65726174657C693A313530363233333639323B);
INSERT INTO `ci_sessions` VALUES ('bb533f1m9ccn4tbv3868d4jsrrgjl128', '::1', '1506262493', 0x5F5F63695F6C6173745F726567656E65726174657C693A313530363236323438303B6964656E746974797C733A353A2261646D696E223B757365726E616D657C733A353A2261646D696E223B656D61696C7C4E3B757365725F69647C733A313A2232223B6F6C645F6C6173745F6C6F67696E7C733A31303A2231353036323631373234223B73797374656D5F6D657373616765737C613A323A7B733A373A2273756363657373223B613A313A7B693A303B733A32393A223C703E4C6F6767656420496E205375636365737366756C6C793C2F703E223B7D733A353A226572726F72223B613A303A7B7D7D5F5F63695F766172737C613A313A7B733A31353A2273797374656D5F6D65737361676573223B733A333A226F6C64223B7D);
INSERT INTO `ci_sessions` VALUES ('bd50bpt6ft27havpgfd5bnfllfvpgolk', '162.158.79.23', '1502602966', 0x5F5F63695F6C6173745F726567656E65726174657C693A313530323630323936363B);
INSERT INTO `ci_sessions` VALUES ('bi3umb6goh4th2r1lst7gph3anp9gckm', '162.158.65.78', '1501998158', 0x5F5F63695F6C6173745F726567656E65726174657C693A313530313939383135383B);
INSERT INTO `ci_sessions` VALUES ('blckvhu9isg1nnf1vm4i1pl7bnp64vdj', '172.68.141.232', '1509978490', 0x5F5F63695F6C6173745F726567656E65726174657C693A313530393937383439303B);
INSERT INTO `ci_sessions` VALUES ('bmbj945954u41kvp92h2p228taui9pef', '162.158.79.107', '1504422017', 0x5F5F63695F6C6173745F726567656E65726174657C693A313530343432323031373B);
INSERT INTO `ci_sessions` VALUES ('bn3agauh8fpl0j42euqbruuto6bfj0mc', '162.158.79.107', '1502602978', 0x5F5F63695F6C6173745F726567656E65726174657C693A313530323630323937383B);
INSERT INTO `ci_sessions` VALUES ('bqogceg3q53fjd8okghtsd2hfv5f52va', '127.0.0.1', '1506249645', 0x5F5F63695F6C6173745F726567656E65726174657C693A313530363234393634353B6964656E746974797C733A353A2261646D696E223B757365726E616D657C733A353A2261646D696E223B656D61696C7C4E3B757365725F69647C733A313A2232223B6F6C645F6C6173745F6C6F67696E7C733A31303A2231353036323234393833223B);
INSERT INTO `ci_sessions` VALUES ('btt95kihmjtd1h7qd0mejc180at6v82a', '::1', '1506251471', 0x5F5F63695F6C6173745F726567656E65726174657C693A313530363235313437313B);
INSERT INTO `ci_sessions` VALUES ('c00shjjqaqhfoold7ovfveor3cpc0p96', '180.252.103.168', '1499826955', 0x5F5F63695F6C6173745F726567656E65726174657C693A313439393832363935353B);
INSERT INTO `ci_sessions` VALUES ('c17jcugnfg9i3ovo791beq5d64hk13hb', '162.158.79.161', '1504422010', 0x5F5F63695F6C6173745F726567656E65726174657C693A313530343432323031303B);
INSERT INTO `ci_sessions` VALUES ('c18ouo40gvmvuu3502vmu11jn5rvc952', '::1', '1506227534', 0x5F5F63695F6C6173745F726567656E65726174657C693A313530363232373533343B);
INSERT INTO `ci_sessions` VALUES ('c36qca5l9vapgifkptth7fjsi37j25fk', '::1', '1506244684', 0x5F5F63695F6C6173745F726567656E65726174657C693A313530363234343638343B);
INSERT INTO `ci_sessions` VALUES ('c4v5qcudfetcuhv31r28fr8do360ifjn', '::1', '1506256345', 0x5F5F63695F6C6173745F726567656E65726174657C693A313530363235363132373B6964656E746974797C733A383A226272616E63686D31223B757365726E616D657C733A383A226272616E63686D31223B656D61696C7C4E3B757365725F69647C733A313A2237223B6F6C645F6C6173745F6C6F67696E7C733A31303A2231353036323330393535223B696442704C6173747C693A3239353B);
INSERT INTO `ci_sessions` VALUES ('c54619jhk631gs5r5b8ptpedq75usadr', '127.0.0.1', '1506180484', 0x5F5F63695F6C6173745F726567656E65726174657C693A313530363138303438343B6964656E746974797C733A353A2261646D696E223B757365726E616D657C733A353A2261646D696E223B656D61696C7C4E3B757365725F69647C733A313A2232223B6F6C645F6C6173745F6C6F67696E7C733A31303A2231353036313332353336223B);
INSERT INTO `ci_sessions` VALUES ('c5k18skjsrups72h6nqkq3bqph7lf6el', '162.158.78.76', '1503207776', 0x5F5F63695F6C6173745F726567656E65726174657C693A313530333230373737363B);
INSERT INTO `ci_sessions` VALUES ('c7ekg3hnv9nelefrlmk2udhrs73fgihf', '162.158.79.47', '1503207779', 0x5F5F63695F6C6173745F726567656E65726174657C693A313530333230373737393B);
INSERT INTO `ci_sessions` VALUES ('c8bku31nifa9divqeonk221479g1ddos', '127.0.0.1', '1506227800', 0x5F5F63695F6C6173745F726567656E65726174657C693A313530363232373830303B);
INSERT INTO `ci_sessions` VALUES ('cch9c0h71e5g5d1amvpvnlh3ecg181sf', '::1', '1506254899', 0x5F5F63695F6C6173745F726567656E65726174657C693A313530363235343837303B6964656E746974797C733A363A2270706B6C6F31223B757365726E616D657C733A363A2270706B6C6F31223B656D61696C7C4E3B757365725F69647C733A323A223130223B6F6C645F6C6173745F6C6F67696E7C733A31303A2231353036323331353239223B);
INSERT INTO `ci_sessions` VALUES ('clvh5i6ji3vbn67hm9oapr9rps3h9dsj', '::1', '1506250645', 0x5F5F63695F6C6173745F726567656E65726174657C693A313530363235303634343B);
INSERT INTO `ci_sessions` VALUES ('cnl5f7ifbb74mvm12ve46vjli8iin1pl', '172.68.65.84', '1502602961', 0x5F5F63695F6C6173745F726567656E65726174657C693A313530323630323936313B);
INSERT INTO `ci_sessions` VALUES ('consa733vrek4chue4a0k66moe6it1os', '127.0.0.1', '1506245087', 0x5F5F63695F6C6173745F726567656E65726174657C693A313530363234353038373B6964656E746974797C733A31323A22747261696E6572677370656C223B757365726E616D657C733A31323A22747261696E6572677370656C223B656D61696C7C4E3B757365725F69647C733A323A223331223B6F6C645F6C6173745F6C6F67696E7C733A31303A2231353036323433393437223B);
INSERT INTO `ci_sessions` VALUES ('cpqsdoj8nmlglcegalgmqid05o4152nl', '::1', '1499770453', 0x5F5F63695F6C6173745F726567656E65726174657C693A313439393737303333303B);
INSERT INTO `ci_sessions` VALUES ('cpvpij9dsu0hv53b1c2t1hkkkfj3vb4f', '127.0.0.1', '1506262548', 0x5F5F63695F6C6173745F726567656E65726174657C693A313530363236323534373B);
INSERT INTO `ci_sessions` VALUES ('cssu9kvblqa085c7t798kf0ng9t166aq', '162.158.78.16', '1504422006', 0x5F5F63695F6C6173745F726567656E65726174657C693A313530343432323030363B);
INSERT INTO `ci_sessions` VALUES ('ct4dvf9b2s8ks8l340kv812gh77cvm05', '::1', '1506227971', 0x5F5F63695F6C6173745F726567656E65726174657C693A313530363232373936393B);
INSERT INTO `ci_sessions` VALUES ('ctagqc8cs44vn45lvep4fhndsnqls2ke', '162.158.79.107', '1503207773', 0x5F5F63695F6C6173745F726567656E65726174657C693A313530333230373737333B);
INSERT INTO `ci_sessions` VALUES ('cusk2khdtg2jgrthohvr43u0k3jsvqi8', '180.252.103.168', '1499828321', 0x5F5F63695F6C6173745F726567656E65726174657C693A313439393832383331383B);
INSERT INTO `ci_sessions` VALUES ('d39tf80gtmeod256u561nm12mogs4poc', '::1', '1506256176', 0x5F5F63695F6C6173745F726567656E65726174657C693A313530363235363137363B);
INSERT INTO `ci_sessions` VALUES ('d753e2op9m7m8o218jtv08sppu605nho', '::1', '1506243961', 0x5F5F63695F6C6173745F726567656E65726174657C693A313530363234333736393B6964656E746974797C733A31323A22747261696E6572677370656C223B757365726E616D657C733A31323A22747261696E6572677370656C223B656D61696C7C4E3B757365725F69647C733A323A223331223B6F6C645F6C6173745F6C6F67696E7C733A31303A2231353036323433373533223B);
INSERT INTO `ci_sessions` VALUES ('dam4v3o5c3i35kr4ma2uhpqvo2ro87jm', '120.188.81.189', '1500542268', 0x5F5F63695F6C6173745F726567656E65726174657C693A313530303534323236383B);
INSERT INTO `ci_sessions` VALUES ('dc9snvi5cuk3mgq5s1ocbrgu3590cpn3', '::1', '1506247789', 0x5F5F63695F6C6173745F726567656E65726174657C693A313530363234373532353B6964656E746974797C733A383A226272616E63686D31223B757365726E616D657C733A383A226272616E63686D31223B656D61696C7C4E3B757365725F69647C733A313A2237223B6F6C645F6C6173745F6C6F67696E7C733A31303A2231353036323330393535223B);
INSERT INTO `ci_sessions` VALUES ('dddocnrb2n15c5fk2g7ea69fd10plupl', '180.252.103.168', '1499822478', 0x5F5F63695F6C6173745F726567656E65726174657C693A313439393832323437383B);
INSERT INTO `ci_sessions` VALUES ('de9pndcerajgpev4drbjji8j411eoa5u', '::1', '1506258400', 0x5F5F63695F6C6173745F726567656E65726174657C693A313530363235383339393B);
INSERT INTO `ci_sessions` VALUES ('dhbot793odq68flpfi884crau3ikbhib', '::1', '1506231048', 0x5F5F63695F6C6173745F726567656E65726174657C693A313530363233313034383B6964656E746974797C733A373A2273746174656F31223B757365726E616D657C733A373A2273746174656F31223B656D61696C7C4E3B757365725F69647C733A313A2239223B6F6C645F6C6173745F6C6F67696E7C733A31303A2231353036323238313735223B);
INSERT INTO `ci_sessions` VALUES ('dhubdnfcm2h6av2uob5mho899jm19gkk', '::1', '1506227534', 0x5F5F63695F6C6173745F726567656E65726174657C693A313530363232373533343B);
INSERT INTO `ci_sessions` VALUES ('di2940m226tvck5ha7mpig8613jmg5a3', '172.68.133.18', '1508768885', 0x5F5F63695F6C6173745F726567656E65726174657C693A313530383736383838353B);
INSERT INTO `ci_sessions` VALUES ('die8umjh6s68rumk19nfuo8cjbrnfo3k', '::1', '1506250645', 0x5F5F63695F6C6173745F726567656E65726174657C693A313530363235303634353B);
INSERT INTO `ci_sessions` VALUES ('dih4rlm5f470d5odaj0jmdr0vkst6due', '::1', '1506287231', 0x5F5F63695F6C6173745F726567656E65726174657C693A313530363238373232343B6964656E746974797C733A383A226272616E63686D31223B757365726E616D657C733A383A226272616E63686D31223B656D61696C7C4E3B757365725F69647C733A313A2237223B6F6C645F6C6173745F6C6F67696E7C733A31303A2231353036323734363336223B);
INSERT INTO `ci_sessions` VALUES ('diop2tvg4obcodhhfvgb0ker0o6nkgk4', '127.0.0.1', '1499774298', 0x5F5F63695F6C6173745F726567656E65726174657C693A313439393737343239383B);
INSERT INTO `ci_sessions` VALUES ('dj3tp47akbd3pcuuh16ceug3m8gt706g', '::1', '1506245519', 0x5F5F63695F6C6173745F726567656E65726174657C693A313530363234353531393B6964656E746974797C733A353A2261646D696E223B757365726E616D657C733A353A2261646D696E223B656D61696C7C4E3B757365725F69647C733A313A2232223B6F6C645F6C6173745F6C6F67696E7C733A31303A2231353036323237373637223B);
INSERT INTO `ci_sessions` VALUES ('dn39ssf7jjqk9k2l6lckhgnf8fo4vqe0', '::1', '1506246440', 0x5F5F63695F6C6173745F726567656E65726174657C693A313530363234363434303B6964656E746974797C733A31323A22747261696E6572677370656C223B757365726E616D657C733A31323A22747261696E6572677370656C223B656D61696C7C4E3B757365725F69647C733A323A223331223B6F6C645F6C6173745F6C6F67696E7C733A31303A2231353036323435313833223B);
INSERT INTO `ci_sessions` VALUES ('dsvjuembq1lojg2dp7g0spp0hkrthme7', '162.158.79.209', '1503812574', 0x5F5F63695F6C6173745F726567656E65726174657C693A313530333831323537343B);
INSERT INTO `ci_sessions` VALUES ('e18k31ef7v3c9cpn4uhii914snbo6aqi', '162.158.79.65', '1504422016', 0x5F5F63695F6C6173745F726567656E65726174657C693A313530343432323031363B);
INSERT INTO `ci_sessions` VALUES ('e9afa8n1hudo4rcr96le3b5fqp6s5sah', '172.68.65.156', '1503812585', 0x5F5F63695F6C6173745F726567656E65726174657C693A313530333831323538353B);
INSERT INTO `ci_sessions` VALUES ('ef8dgss6o77n0ukcp5kivbtj5tmdg23g', '172.68.65.84', '1504422003', 0x5F5F63695F6C6173745F726567656E65726174657C693A313530343432323030333B);
INSERT INTO `ci_sessions` VALUES ('efml45b4p4f8v5cjsfl8tbcfo8rd7ept', '127.0.0.1', '1506238925', 0x5F5F63695F6C6173745F726567656E65726174657C693A313530363233383932353B6964656E746974797C733A353A2261646D696E223B757365726E616D657C733A353A2261646D696E223B656D61696C7C4E3B757365725F69647C733A313A2232223B6F6C645F6C6173745F6C6F67696E7C733A31303A2231353036323234393833223B);
INSERT INTO `ci_sessions` VALUES ('ehdutks29t4qqqktuqj1k6pitlnsal41', '108.162.245.244', '1503207761', 0x5F5F63695F6C6173745F726567656E65726174657C693A313530333230373736313B);
INSERT INTO `ci_sessions` VALUES ('eiui9nduurbik9jv56b8rgr1f5lu83ip', '::1', '1500035942', 0x5F5F63695F6C6173745F726567656E65726174657C693A313530303033353934323B);
INSERT INTO `ci_sessions` VALUES ('ek5umnp5t0bjhb7c1cacistr618e57qf', '127.0.0.1', '1506244688', 0x5F5F63695F6C6173745F726567656E65726174657C693A313530363234343638343B);
INSERT INTO `ci_sessions` VALUES ('ensfridkns0ef8roe9dcrvlobpgace40', '162.158.79.23', '1501998166', 0x5F5F63695F6C6173745F726567656E65726174657C693A313530313939383136363B);
INSERT INTO `ci_sessions` VALUES ('eoctt4lvqqq8a01ttmet0khuu7luo2ri', '::1', '1506227534', 0x5F5F63695F6C6173745F726567656E65726174657C693A313530363232373533343B);
INSERT INTO `ci_sessions` VALUES ('eogi9bh1pkhltujufnobno4lfjmqj2rn', '127.0.0.1', '1506244948', 0x5F5F63695F6C6173745F726567656E65726174657C693A313530363234343934383B6964656E746974797C733A353A2261646D696E223B757365726E616D657C733A353A2261646D696E223B656D61696C7C4E3B757365725F69647C733A313A2232223B6F6C645F6C6173745F6C6F67696E7C733A31303A2231353036323234393833223B);
INSERT INTO `ci_sessions` VALUES ('f2avm0f1l2ciadopvlaob3pgr6rn4ddv', '162.158.79.29', '1501998178', 0x5F5F63695F6C6173745F726567656E65726174657C693A313530313939383137383B);
INSERT INTO `ci_sessions` VALUES ('f3ej2ck9nh57khm45t2lvike5q7a05gi', '110.138.46.222', '1499930088', 0x5F5F63695F6C6173745F726567656E65726174657C693A313439393933303038383B);
INSERT INTO `ci_sessions` VALUES ('f3ja3mgsvhq1plebao0oq0oou6p3cftp', '162.158.79.95', '1501998170', 0x5F5F63695F6C6173745F726567656E65726174657C693A313530313939383137303B);
INSERT INTO `ci_sessions` VALUES ('f4jh8hvocdrl9bebeh7r2omh8gnhuk14', '180.252.103.168', '1499826955', 0x5F5F63695F6C6173745F726567656E65726174657C693A313439393832363935353B);
INSERT INTO `ci_sessions` VALUES ('f53phvgmammna8o4a77pii4nbmb0mc96', '::1', '1506255878', 0x5F5F63695F6C6173745F726567656E65726174657C693A313530363235353736303B6964656E746974797C733A383A226272616E63686D31223B757365726E616D657C733A383A226272616E63686D31223B656D61696C7C4E3B757365725F69647C733A313A2237223B6F6C645F6C6173745F6C6F67696E7C733A31303A2231353036323330393535223B696442704C6173747C693A3239353B);
INSERT INTO `ci_sessions` VALUES ('f7ukcs0ciucd4p1n1667lhc2fiin15bb', '172.68.133.18', '1501998158', 0x5F5F63695F6C6173745F726567656E65726174657C693A313530313939383135383B);
INSERT INTO `ci_sessions` VALUES ('fgmhmqvkl94iv9l011uegdno6sbgpb5m', '::1', '1506132251', 0x5F5F63695F6C6173745F726567656E65726174657C693A313530363133323235313B);
INSERT INTO `ci_sessions` VALUES ('fhj492ms8jq0kto759388g33lbfnaroe', '172.68.65.126', '1501998176', 0x5F5F63695F6C6173745F726567656E65726174657C693A313530313939383137363B);
INSERT INTO `ci_sessions` VALUES ('fkke2oos4ld0tuia6bhhm6u9phqg9s7j', '162.158.79.203', '1501998159', 0x5F5F63695F6C6173745F726567656E65726174657C693A313530313939383135393B);
INSERT INTO `ci_sessions` VALUES ('fmvqrtars6khtiduu35pir6hgr4on7il', '127.0.0.1', '1506237350', 0x5F5F63695F6C6173745F726567656E65726174657C693A313530363233373335303B6964656E746974797C733A353A2261646D696E223B757365726E616D657C733A353A2261646D696E223B656D61696C7C4E3B757365725F69647C733A313A2232223B6F6C645F6C6173745F6C6F67696E7C733A31303A2231353036323234393833223B);
INSERT INTO `ci_sessions` VALUES ('fofbd9e5fup3qauhtnfj93kqnpirhflq', '112.215.238.145', '1499869422', 0x5F5F63695F6C6173745F726567656E65726174657C693A313439393836393431373B);
INSERT INTO `ci_sessions` VALUES ('fp7i77irqlohc9r4s0mn6eli0h74p2g8', '162.158.79.53', '1509978491', 0x5F5F63695F6C6173745F726567656E65726174657C693A313530393937383439313B);
INSERT INTO `ci_sessions` VALUES ('fqkaki9lk600b36b41botpkmkui221i5', '::1', '1506132251', 0x5F5F63695F6C6173745F726567656E65726174657C693A313530363133323235313B);
INSERT INTO `ci_sessions` VALUES ('fqtsur85m0jfj4jcae3kmmhu4sfhvb8v', '36.69.157.81', '1499846371', 0x5F5F63695F6C6173745F726567656E65726174657C693A313439393834363337313B);
INSERT INTO `ci_sessions` VALUES ('fssteh17e533clcuk1h4csd0g0ci42m0', '::1', '1506236616', 0x5F5F63695F6C6173745F726567656E65726174657C693A313530363233363631363B6964656E746974797C733A383A226272616E63686D32223B757365726E616D657C733A383A226272616E63686D32223B656D61696C7C4E3B757365725F69647C733A323A223135223B6F6C645F6C6173745F6C6F67696E7C733A31303A2231353036323238363231223B);
INSERT INTO `ci_sessions` VALUES ('g2pb729p8hc60j0o3a8a8itm3dbc39gk', '::1', '1506228465', 0x5F5F63695F6C6173745F726567656E65726174657C693A313530363232383436353B6964656E746974797C733A373A2273746174656F31223B757365726E616D657C733A373A2273746174656F31223B656D61696C7C4E3B757365725F69647C733A313A2239223B6F6C645F6C6173745F6C6F67696E7C733A31303A2231353036323237393934223B);
INSERT INTO `ci_sessions` VALUES ('g4ajsjofi6bhkk99p6vanjvbkgl5hmso', '::1', '1506250274', 0x5F5F63695F6C6173745F726567656E65726174657C693A313530363235303237343B6964656E746974797C733A31323A22747261696E6572677370656C223B757365726E616D657C733A31323A22747261696E6572677370656C223B656D61696C7C4E3B757365725F69647C733A323A223331223B6F6C645F6C6173745F6C6F67696E7C733A31303A2231353036323438383639223B);
INSERT INTO `ci_sessions` VALUES ('g7dk1q4citkpmob86aaerlcv510e343d', '180.252.103.168', '1499824015', 0x5F5F63695F6C6173745F726567656E65726174657C693A313439393832343031353B);
INSERT INTO `ci_sessions` VALUES ('g87tb9n4h903lh303q8fdi885s3jdb6d', '172.68.142.83', '1503812571', 0x5F5F63695F6C6173745F726567656E65726174657C693A313530333831323537313B);
INSERT INTO `ci_sessions` VALUES ('gbkui3p19cuv98s6ctuqijug02flu2g9', '::1', '1506228297', 0x5F5F63695F6C6173745F726567656E65726174657C693A313530363232383033353B6964656E746974797C733A383A226272616E63686D31223B757365726E616D657C733A383A226272616E63686D31223B656D61696C7C4E3B757365725F69647C733A313A2237223B6F6C645F6C6173745F6C6F67696E7C733A31303A2231353036323233323239223B);
INSERT INTO `ci_sessions` VALUES ('gcqsqckscc3ags7t95b87fs73i1k3p6c', '::1', '1506243482', 0x5F5F63695F6C6173745F726567656E65726174657C693A313530363234333435363B6964656E746974797C733A31323A22747261696E6572677370656C223B757365726E616D657C733A31323A22747261696E6572677370656C223B656D61696C7C4E3B757365725F69647C733A323A223331223B6F6C645F6C6173745F6C6F67696E7C733A31303A2231353036323432353833223B);
INSERT INTO `ci_sessions` VALUES ('gi150mfkg7aufc86s322ag8kbn49kcq9', '::1', '1506228111', 0x5F5F63695F6C6173745F726567656E65726174657C693A313530363232383035313B);
INSERT INTO `ci_sessions` VALUES ('gknp14c436c1u167kies81rgi9ar24r0', '::1', '1506250328', 0x5F5F63695F6C6173745F726567656E65726174657C693A313530363235303332383B);
INSERT INTO `ci_sessions` VALUES ('gl66mktt4i7hq2ekhce8buro92c6kpe0', '127.0.0.1', '1499921550', 0x5F5F63695F6C6173745F726567656E65726174657C693A313439393932313535303B);
INSERT INTO `ci_sessions` VALUES ('gmdg2p8o2n0e61po24elo1ni9ff3ff6m', '127.0.0.1', '1506181144', 0x5F5F63695F6C6173745F726567656E65726174657C693A313530363138313134343B);
INSERT INTO `ci_sessions` VALUES ('gn00mqi70rca05prvkqqmu8s551477c4', '112.215.154.205', '1499956537', 0x5F5F63695F6C6173745F726567656E65726174657C693A313439393935363531363B);
INSERT INTO `ci_sessions` VALUES ('gnap3ejpsq2cnsc4hi2rfcm0334md5cj', '::1', '1506235201', 0x5F5F63695F6C6173745F726567656E65726174657C693A313530363233353230313B6964656E746974797C733A31323A22747261696E6572677370656C223B757365726E616D657C733A31323A22747261696E6572677370656C223B656D61696C7C4E3B757365725F69647C733A323A223331223B6F6C645F6C6173745F6C6F67696E7C733A31303A2231353036323333363932223B);
INSERT INTO `ci_sessions` VALUES ('gr49cpd61sbdl2gam5f0blh572a883l0', '162.158.79.29', '1504422019', 0x5F5F63695F6C6173745F726567656E65726174657C693A313530343432323031393B);
INSERT INTO `ci_sessions` VALUES ('greqc8ulcfdipl5bdduk7bmm9ppcp8ce', '::1', '1506228051', 0x5F5F63695F6C6173745F726567656E65726174657C693A313530363232383035303B);
INSERT INTO `ci_sessions` VALUES ('gsk8flkq0i4lrfqm8e6igscfmjp814au', '172.68.65.126', '1503207778', 0x5F5F63695F6C6173745F726567656E65726174657C693A313530333230373737383B);
INSERT INTO `ci_sessions` VALUES ('gtjuvrk1qfofs65nujoou96bt1v3b109', '180.252.144.147', '1499770216', 0x5F5F63695F6C6173745F726567656E65726174657C693A313439393737303231313B);
INSERT INTO `ci_sessions` VALUES ('h0skem787m98fhc0hnu61p6dbs3ejgop', '::1', '1506227535', 0x5F5F63695F6C6173745F726567656E65726174657C693A313530363232373533343B);
INSERT INTO `ci_sessions` VALUES ('h3v73u7s1b48dk629dltav5tsgdcflei', '::1', '1506254718', 0x5F5F63695F6C6173745F726567656E65726174657C693A313530363235343731383B6964656E746974797C733A353A2261646D696E223B757365726E616D657C733A353A2261646D696E223B656D61696C7C4E3B757365725F69647C733A313A2232223B6F6C645F6C6173745F6C6F67696E7C733A31303A2231353036323237373637223B);
INSERT INTO `ci_sessions` VALUES ('h8vjjlbivdl9m1mtgu5kfnmlqmok5nis', '::1', '1506287168', 0x5F5F63695F6C6173745F726567656E65726174657C693A313530363238363930363B6964656E746974797C733A383A226272616E63686D31223B757365726E616D657C733A383A226272616E63686D31223B656D61696C7C4E3B757365725F69647C733A313A2237223B6F6C645F6C6173745F6C6F67696E7C733A31303A2231353036323734363336223B);
INSERT INTO `ci_sessions` VALUES ('ha3e5kar3hqh9ttvsu4heth18s9jft30', '108.162.246.179', '1502602959', 0x5F5F63695F6C6173745F726567656E65726174657C693A313530323630323935393B);
INSERT INTO `ci_sessions` VALUES ('hqidlngbc68ma1alfeg4hom1mvqaqjev', '::1', '1506249224', 0x5F5F63695F6C6173745F726567656E65726174657C693A313530363234393232343B6964656E746974797C733A31323A22747261696E6572677370656C223B757365726E616D657C733A31323A22747261696E6572677370656C223B656D61696C7C4E3B757365725F69647C733A323A223331223B6F6C645F6C6173745F6C6F67696E7C733A31303A2231353036323438343137223B);
INSERT INTO `ci_sessions` VALUES ('hs66kmmtkrcqnqko6oflqslru7d86ij4', '127.0.0.1', '1506242598', 0x5F5F63695F6C6173745F726567656E65726174657C693A313530363234323539383B6964656E746974797C733A353A2261646D696E223B757365726E616D657C733A353A2261646D696E223B656D61696C7C4E3B757365725F69647C733A313A2232223B6F6C645F6C6173745F6C6F67696E7C733A31303A2231353036323234393833223B);
INSERT INTO `ci_sessions` VALUES ('i1038ppanru881gg5c3da0j8nk1rgnm6', '110.138.46.222', '1499936468', 0x5F5F63695F6C6173745F726567656E65726174657C693A313439393933363436373B);
INSERT INTO `ci_sessions` VALUES ('i4rro2ill0k61ut4mj63503l51g160ff', '127.0.0.1', '1506181562', 0x5F5F63695F6C6173745F726567656E65726174657C693A313530363138313536323B);
INSERT INTO `ci_sessions` VALUES ('i59779jea8kg9u9visd1henehp7ogo6c', '162.158.79.161', '1502602969', 0x5F5F63695F6C6173745F726567656E65726174657C693A313530323630323936393B);
INSERT INTO `ci_sessions` VALUES ('i69l063krhhggq08t6ktch3n4qalg2d5', '162.158.79.161', '1503207771', 0x5F5F63695F6C6173745F726567656E65726174657C693A313530333230373737313B);
INSERT INTO `ci_sessions` VALUES ('i7spnm33m15nkgm58pb9lfjhb3jtf7t5', '172.68.189.25', '1502602959', 0x5F5F63695F6C6173745F726567656E65726174657C693A313530323630323935393B);
INSERT INTO `ci_sessions` VALUES ('idfunkvqeo1l42flhof7fbqrhkcr4ijk', '162.158.79.53', '1510583289', 0x5F5F63695F6C6173745F726567656E65726174657C693A313531303538333238393B);
INSERT INTO `ci_sessions` VALUES ('ihpodcdh9kgbs91gvg78n324n7m5mhqn', '127.0.0.1', '1506225418', 0x5F5F63695F6C6173745F726567656E65726174657C693A313530363232353431383B6964656E746974797C733A353A2261646D696E223B757365726E616D657C733A353A2261646D696E223B656D61696C7C4E3B757365725F69647C733A313A2232223B6F6C645F6C6173745F6C6F67696E7C733A31303A2231353036323232373334223B73797374656D5F6D657373616765737C613A323A7B733A373A2273756363657373223B613A313A7B693A303B733A32393A223C703E4C6F6767656420496E205375636365737366756C6C793C2F703E223B7D733A353A226572726F72223B613A303A7B7D7D5F5F63695F766172737C613A313A7B733A31353A2273797374656D5F6D65737361676573223B733A333A226F6C64223B7D);
INSERT INTO `ci_sessions` VALUES ('iiu5bje2nfq1qcehjgbu8cflnejpq2c0', '162.158.79.95', '1504422012', 0x5F5F63695F6C6173745F726567656E65726174657C693A313530343432323031323B);
INSERT INTO `ci_sessions` VALUES ('ikdgdttthbjuo9uijpe30mn8u8ahhuu4', '127.0.0.1', '1506248506', 0x5F5F63695F6C6173745F726567656E65726174657C693A313530363234383530363B6964656E746974797C733A353A2261646D696E223B757365726E616D657C733A353A2261646D696E223B656D61696C7C4E3B757365725F69647C733A313A2232223B6F6C645F6C6173745F6C6F67696E7C733A31303A2231353036323234393833223B);
INSERT INTO `ci_sessions` VALUES ('irmv8vfeskp5h25ubqgahpoec2pcfjjm', '::1', '1506255238', 0x5F5F63695F6C6173745F726567656E65726174657C693A313530363235353233323B6964656E746974797C733A383A226272616E63686D31223B757365726E616D657C733A383A226272616E63686D31223B656D61696C7C4E3B757365725F69647C733A313A2237223B6F6C645F6C6173745F6C6F67696E7C733A31303A2231353036323330393535223B696442704C6173747C693A3239353B);
INSERT INTO `ci_sessions` VALUES ('irpijvmjuvv6kgng3ajhrank162vrelp', '::1', '1506250328', 0x5F5F63695F6C6173745F726567656E65726174657C693A313530363235303332383B);
INSERT INTO `ci_sessions` VALUES ('is7qers3eu9nj1tjamfoevlfnh9s498t', '::1', '1506249577', 0x5F5F63695F6C6173745F726567656E65726174657C693A313530363234393537373B6964656E746974797C733A31323A22747261696E6572677370656C223B757365726E616D657C733A31323A22747261696E6572677370656C223B656D61696C7C4E3B757365725F69647C733A323A223331223B6F6C645F6C6173745F6C6F67696E7C733A31303A2231353036323438343137223B);
INSERT INTO `ci_sessions` VALUES ('iun627lph9vv972jok19shg07kcpavsk', '::1', '1506256179', 0x5F5F63695F6C6173745F726567656E65726174657C693A313530363235363137383B);
INSERT INTO `ci_sessions` VALUES ('j3gvd6ulll23vh522jkp0657qabaims9', '162.158.79.107', '1502602967', 0x5F5F63695F6C6173745F726567656E65726174657C693A313530323630323936373B);
INSERT INTO `ci_sessions` VALUES ('j3s7o7g3qr2jihb4t6j1791dgdn54d1c', '::1', '1499958463', 0x5F5F63695F6C6173745F726567656E65726174657C693A313439393935383433383B);
INSERT INTO `ci_sessions` VALUES ('j661phdpohgu17hek0f19geusmsljhkq', '162.158.78.76', '1504422015', 0x5F5F63695F6C6173745F726567656E65726174657C693A313530343432323031353B);
INSERT INTO `ci_sessions` VALUES ('jf2n5gg8hq5q2ifuhm07vm406ff4f11t', '112.215.238.145', '1499869424', 0x5F5F63695F6C6173745F726567656E65726174657C693A313439393836393432343B);
INSERT INTO `ci_sessions` VALUES ('jg78vlmo13o8bj3bo27740vou7vl79a5', '127.0.0.1', '1506181143', 0x5F5F63695F6C6173745F726567656E65726174657C693A313530363138313134333B6964656E746974797C733A353A2261646D696E223B757365726E616D657C733A353A2261646D696E223B656D61696C7C4E3B757365725F69647C733A313A2232223B6F6C645F6C6173745F6C6F67696E7C733A31303A2231353036313332353336223B);
INSERT INTO `ci_sessions` VALUES ('jlhdujplm2rfij7t2oncp07uimj1dlfc', '162.158.79.29', '1503812588', 0x5F5F63695F6C6173745F726567656E65726174657C693A313530333831323538383B);
INSERT INTO `ci_sessions` VALUES ('jp7u4sj26bp5csmuq214u58ohlf26qq6', '::1', '1506255215', 0x5F5F63695F6C6173745F726567656E65726174657C693A313530363235343931353B6964656E746974797C733A383A226272616E63686D31223B757365726E616D657C733A383A226272616E63686D31223B656D61696C7C4E3B757365725F69647C733A313A2237223B6F6C645F6C6173745F6C6F67696E7C733A31303A2231353036323330393535223B696442704C6173747C693A3239353B);
INSERT INTO `ci_sessions` VALUES ('jt3b2o1pk88alr6la1hvndm71f5tkeft', '::1', '1506260607', 0x5F5F63695F6C6173745F726567656E65726174657C693A313530363236303630373B6964656E746974797C733A383A226272616E63686D31223B757365726E616D657C733A383A226272616E63686D31223B656D61696C7C4E3B757365725F69647C733A313A2237223B6F6C645F6C6173745F6C6F67696E7C733A31303A2231353036323537393539223B);
INSERT INTO `ci_sessions` VALUES ('jum3t2ctb5qckec36stoifupmg4og710', '::1', '1506229962', 0x5F5F63695F6C6173745F726567656E65726174657C693A313530363232393934313B6964656E746974797C733A383A226272616E63686D31223B757365726E616D657C733A383A226272616E63686D31223B656D61696C7C4E3B757365725F69647C733A313A2237223B6F6C645F6C6173745F6C6F67696E7C733A31303A2231353036323233323239223B);
INSERT INTO `ci_sessions` VALUES ('k0jcuqef5l5a9p19e760r896iu3qnh0i', '127.0.0.1', '1506225427', 0x5F5F63695F6C6173745F726567656E65726174657C693A313530363232353432373B);
INSERT INTO `ci_sessions` VALUES ('kb55e45m157n1ne3cfoe237d9v3vsl41', '::1', '1506252947', 0x5F5F63695F6C6173745F726567656E65726174657C693A313530363235323934353B6964656E746974797C733A383A226272616E63686D31223B757365726E616D657C733A383A226272616E63686D31223B656D61696C7C4E3B757365725F69647C733A313A2237223B6F6C645F6C6173745F6C6F67696E7C733A31303A2231353036323330393535223B);
INSERT INTO `ci_sessions` VALUES ('kfmqevfih3vk0fng475s08pm2v3rpdh3', '127.0.0.1', '1506179617', 0x5F5F63695F6C6173745F726567656E65726174657C693A313530363137393631373B);
INSERT INTO `ci_sessions` VALUES ('kh2p0toneaf71r39t6jr5m0lg9nhtfbs', '162.158.79.155', '1503207767', 0x5F5F63695F6C6173745F726567656E65726174657C693A313530333230373736373B);
INSERT INTO `ci_sessions` VALUES ('kj30n0u9m2rlshsp4mnjvrurm6roderv', '127.0.0.1', '1506236687', 0x5F5F63695F6C6173745F726567656E65726174657C693A313530363233363638373B);
INSERT INTO `ci_sessions` VALUES ('kjmepquifm388punuhqjqomm2js0rb54', '202.62.18.100', '1500092339', 0x5F5F63695F6C6173745F726567656E65726174657C693A313530303039323333393B);
INSERT INTO `ci_sessions` VALUES ('kqplv6edn1hgbo1vnarv449008hveofb', '::1', '1506231507', 0x5F5F63695F6C6173745F726567656E65726174657C693A313530363233313530353B);
INSERT INTO `ci_sessions` VALUES ('krrp280u2j7vo3s8la2nhplictsumpc1', '162.158.79.65', '1503812586', 0x5F5F63695F6C6173745F726567656E65726174657C693A313530333831323538363B);
INSERT INTO `ci_sessions` VALUES ('kvrbp6vf53njajes6r3hvv3lqlt15l4t', '162.158.78.244', '1502602960', 0x5F5F63695F6C6173745F726567656E65726174657C693A313530323630323936303B);
INSERT INTO `ci_sessions` VALUES ('l1nel3qoljoakv76kp3jjd9m8ailce7a', '::1', '1506231441', 0x5F5F63695F6C6173745F726567656E65726174657C693A313530363233313434313B6964656E746974797C733A373A2273746174656F31223B757365726E616D657C733A373A2273746174656F31223B656D61696C7C4E3B757365725F69647C733A313A2239223B6F6C645F6C6173745F6C6F67696E7C733A31303A2231353036323238313735223B);
INSERT INTO `ci_sessions` VALUES ('l1ug1su3c5ths47be3731v753vijehlb', '108.162.245.250', '1503812584', 0x5F5F63695F6C6173745F726567656E65726174657C693A313530333831323538343B);
INSERT INTO `ci_sessions` VALUES ('l4nt69r4celtn8u3f2hdgsvf3o56rajr', '162.158.165.70', '1504628901', 0x5F5F63695F6C6173745F726567656E65726174657C693A313530343632383930303B);
INSERT INTO `ci_sessions` VALUES ('l594jl4m421c9nrldggk9s2u6jn2v6sl', '127.0.0.1', '1506179972', 0x5F5F63695F6C6173745F726567656E65726174657C693A313530363137393937323B6964656E746974797C733A353A2261646D696E223B757365726E616D657C733A353A2261646D696E223B656D61696C7C4E3B757365725F69647C733A313A2232223B6F6C645F6C6173745F6C6F67696E7C733A31303A2231353036313332353336223B);
INSERT INTO `ci_sessions` VALUES ('l6vk4qjp3a4lkievgo8k3jn91ud5gsa4', '202.62.18.105', '1500088726', 0x5F5F63695F6C6173745F726567656E65726174657C693A313530303038383732363B);
INSERT INTO `ci_sessions` VALUES ('lctscskv8qldnv6iu2r7a5rkk4afqlnu', '::1', '1506245520', 0x5F5F63695F6C6173745F726567656E65726174657C693A313530363234353532303B);
INSERT INTO `ci_sessions` VALUES ('lgp4lea80opchsh62r9m68aegb4g2fsp', '162.158.78.106', '1503812575', 0x5F5F63695F6C6173745F726567656E65726174657C693A313530333831323537353B);
INSERT INTO `ci_sessions` VALUES ('lintvbln8mdd99r84tb0db8rp8vlful2', '162.158.79.59', '1501998172', 0x5F5F63695F6C6173745F726567656E65726174657C693A313530313939383137323B);
INSERT INTO `ci_sessions` VALUES ('lmen58k962ilnf0dksghd2tvbhss22qv', '::1', '1506257176', 0x5F5F63695F6C6173745F726567656E65726174657C693A313530363235363633383B6964656E746974797C733A383A226272616E63686D31223B757365726E616D657C733A383A226272616E63686D31223B656D61696C7C4E3B757365725F69647C733A313A2237223B6F6C645F6C6173745F6C6F67696E7C733A31303A2231353036323330393535223B696442704C6173747C693A3239353B);
INSERT INTO `ci_sessions` VALUES ('lngigpa9fmbdg4rgrivrb0638jrfqog5', '162.158.78.244', '1504421991', 0x5F5F63695F6C6173745F726567656E65726174657C693A313530343432313939313B);
INSERT INTO `ci_sessions` VALUES ('lo56u8qsm8d0vl4468jrkcplcqr7snc1', '::1', '1506245496', 0x5F5F63695F6C6173745F726567656E65726174657C693A313530363234353439363B6964656E746974797C733A31323A22747261696E6572677370656C223B757365726E616D657C733A31323A22747261696E6572677370656C223B656D61696C7C4E3B757365725F69647C733A323A223331223B6F6C645F6C6173745F6C6F67696E7C733A31303A2231353036323434373133223B);
INSERT INTO `ci_sessions` VALUES ('lo8q6i2ghmm95nm4mpumn9h0bt4bpi8v', '172.68.65.126', '1504422017', 0x5F5F63695F6C6173745F726567656E65726174657C693A313530343432323031373B);
INSERT INTO `ci_sessions` VALUES ('ls8f4120a1ekpg5cpu2c2n7rlq7b84dp', '::1', '1506236321', 0x5F5F63695F6C6173745F726567656E65726174657C693A313530363233363332313B6964656E746974797C733A31323A22747261696E6572677370656C223B757365726E616D657C733A31323A22747261696E6572677370656C223B656D61696C7C4E3B757365725F69647C733A323A223331223B6F6C645F6C6173745F6C6F67696E7C733A31303A2231353036323335303633223B);
INSERT INTO `ci_sessions` VALUES ('lsors7ciudi53olk0gvlde5md19kv1ej', '172.68.65.114', '1502602973', 0x5F5F63695F6C6173745F726567656E65726174657C693A313530323630323937333B);
INSERT INTO `ci_sessions` VALUES ('lvcpqij7nm5s6t5cneo39e8clgppv1dj', '172.68.65.156', '1502602960', 0x5F5F63695F6C6173745F726567656E65726174657C693A313530323630323936303B);
INSERT INTO `ci_sessions` VALUES ('m1qc09dbu4554j9coegp7sk85lmfgut6', '162.158.78.148', '1503812584', 0x5F5F63695F6C6173745F726567656E65726174657C693A313530333831323538343B);
INSERT INTO `ci_sessions` VALUES ('m65u5qncqdldabif3c8vujsq4fe33fh4', '162.158.79.107', '1501998166', 0x5F5F63695F6C6173745F726567656E65726174657C693A313530313939383136363B);
INSERT INTO `ci_sessions` VALUES ('m7b2c9a2hdii4frs3f4s8s4lnj7dj632', '::1', '1506256177', 0x5F5F63695F6C6173745F726567656E65726174657C693A313530363235363137363B);
INSERT INTO `ci_sessions` VALUES ('m8b2476kg9g6qp3ob693kje7qqbvid9n', '127.0.0.1', '1506224971', 0x5F5F63695F6C6173745F726567656E65726174657C693A313530363232343937313B);
INSERT INTO `ci_sessions` VALUES ('mep1e9pq3ht65dq50kcdttbjeqkjf8vd', '110.138.46.222', '1499930030', 0x5F5F63695F6C6173745F726567656E65726174657C693A313439393933303033303B);
INSERT INTO `ci_sessions` VALUES ('mjkuvt0n4bbmb95l4llruqom1u4smti6', '172.68.65.126', '1502602977', 0x5F5F63695F6C6173745F726567656E65726174657C693A313530323630323937373B);
INSERT INTO `ci_sessions` VALUES ('mkhkqoetc2slk4mqhrmlirqo9o1couea', '180.252.103.168', '1499835252', 0x5F5F63695F6C6173745F726567656E65726174657C693A313439393833353235323B);
INSERT INTO `ci_sessions` VALUES ('mmqt8tkgka1idemsj6ref1t1gmm1dduo', '108.162.246.197', '1507559278', 0x5F5F63695F6C6173745F726567656E65726174657C693A313530373535393237383B);
INSERT INTO `ci_sessions` VALUES ('mq2aeuk3uq7n6h3j936876h7qgj75cks', '172.68.65.156', '1506349674', 0x5F5F63695F6C6173745F726567656E65726174657C693A313530363334393637343B);
INSERT INTO `ci_sessions` VALUES ('msgtu54aphknjlqp1tv3ff4oad9lo0lk', '::1', '1499824746', 0x5F5F63695F6C6173745F726567656E65726174657C693A313439393832343734313B);
INSERT INTO `ci_sessions` VALUES ('mvipggolfcprs1amkveddc4m1c5ujbht', '180.252.103.168', '1499825898', 0x5F5F63695F6C6173745F726567656E65726174657C693A313439393832353839383B);
INSERT INTO `ci_sessions` VALUES ('n3sqlde5844os5tu5gnupp1euer5kbi8', '::1', '1506241779', 0x5F5F63695F6C6173745F726567656E65726174657C693A313530363234313737393B6964656E746974797C733A31323A22747261696E6572677370656C223B757365726E616D657C733A31323A22747261696E6572677370656C223B656D61696C7C4E3B757365725F69647C733A323A223331223B6F6C645F6C6173745F6C6F67696E7C733A31303A2231353036323335343039223B);
INSERT INTO `ci_sessions` VALUES ('nd1a838i93ti3nvdg065v3sq9l6d0rt7', '127.0.0.1', '1506241848', 0x5F5F63695F6C6173745F726567656E65726174657C693A313530363234313834383B);
INSERT INTO `ci_sessions` VALUES ('nf33m6pghc5735rg4s3t0lcbrmr0376m', '127.0.0.1', '1506181561', 0x5F5F63695F6C6173745F726567656E65726174657C693A313530363138313536313B6964656E746974797C733A353A2261646D696E223B757365726E616D657C733A353A2261646D696E223B656D61696C7C4E3B757365725F69647C733A313A2232223B6F6C645F6C6173745F6C6F67696E7C733A31303A2231353036313332353336223B);
INSERT INTO `ci_sessions` VALUES ('nfm4090jmeiafs8d2cpqc25b7i03dr7g', '64.233.173.51', '1499956649', 0x5F5F63695F6C6173745F726567656E65726174657C693A313439393935363634353B);
INSERT INTO `ci_sessions` VALUES ('njtnbe18q2fshcb2tuhmcbienar5j14v', '::1', '1506255304', 0x5F5F63695F6C6173745F726567656E65726174657C693A313530363235353330343B6964656E746974797C733A353A2261646D696E223B757365726E616D657C733A353A2261646D696E223B656D61696C7C4E3B757365725F69647C733A313A2232223B6F6C645F6C6173745F6C6F67696E7C733A31303A2231353036323237373637223B);
INSERT INTO `ci_sessions` VALUES ('npocu7v74n238a1nsvdvl95m9lvo3d1d', '162.158.78.106', '1503207765', 0x5F5F63695F6C6173745F726567656E65726174657C693A313530333230373736353B);
INSERT INTO `ci_sessions` VALUES ('nqgkghbr4r5jneh61f7t5bdsiaugqo7o', '36.84.13.168', '1500026683', 0x5F5F63695F6C6173745F726567656E65726174657C693A313530303032363638333B);
INSERT INTO `ci_sessions` VALUES ('ntuau0khtq4c8uk8s2v7nt1miqaqioes', '::1', '1506244609', 0x5F5F63695F6C6173745F726567656E65726174657C693A313530363234343630393B6964656E746974797C733A353A2261646D696E223B757365726E616D657C733A353A2261646D696E223B656D61696C7C4E3B757365725F69647C733A313A2232223B6F6C645F6C6173745F6C6F67696E7C733A31303A2231353036323237373637223B);
INSERT INTO `ci_sessions` VALUES ('o0m5nomv1jt7htlou6p5gkmt16lk01qu', '172.68.65.156', '1503207762', 0x5F5F63695F6C6173745F726567656E65726174657C693A313530333230373736323B);
INSERT INTO `ci_sessions` VALUES ('o0umlcpmsd13s6pffroiuvvdvfdsatde', '::1', '1506250646', 0x5F5F63695F6C6173745F726567656E65726174657C693A313530363235303634353B);
INSERT INTO `ci_sessions` VALUES ('o5rkpft1o53r5qdb531eulb7eb5krc11', '::1', '1506232004', 0x5F5F63695F6C6173745F726567656E65726174657C693A313530363233323030343B6964656E746974797C733A373A2273746174656F31223B757365726E616D657C733A373A2273746174656F31223B656D61696C7C4E3B757365725F69647C733A313A2239223B6F6C645F6C6173745F6C6F67696E7C733A31303A2231353036323238313735223B);
INSERT INTO `ci_sessions` VALUES ('o7htvuq154m9e3lg57ftjq8himah34vh', '::1', '1506231890', 0x5F5F63695F6C6173745F726567656E65726174657C693A313530363233313632313B6964656E746974797C733A383A226272616E63686D31223B757365726E616D657C733A383A226272616E63686D31223B656D61696C7C4E3B757365725F69647C733A313A2237223B6F6C645F6C6173745F6C6F67696E7C733A31303A2231353036323233323239223B);
INSERT INTO `ci_sessions` VALUES ('o9gcdpb1rmjon84qdqlt1bgmms10g8nl', '36.88.156.46', '1499845176', 0x5F5F63695F6C6173745F726567656E65726174657C693A313439393834343339373B);
INSERT INTO `ci_sessions` VALUES ('oacggjn2jud7m9k549ogv2p5iobjbgo5', '::1', '1506250342', 0x5F5F63695F6C6173745F726567656E65726174657C693A313530363235303131333B6964656E746974797C733A383A226272616E63686D31223B757365726E616D657C733A383A226272616E63686D31223B656D61696C7C4E3B757365725F69647C733A313A2237223B6F6C645F6C6173745F6C6F67696E7C733A31303A2231353036323330393535223B);
INSERT INTO `ci_sessions` VALUES ('ob4i6nggic6d3dpsl0ekt8b04fefu0he', '162.158.79.53', '1508768886', 0x5F5F63695F6C6173745F726567656E65726174657C693A313530383736383838363B);
INSERT INTO `ci_sessions` VALUES ('ohcjultuus9rf18cfuk4mc69613sl1pr', '127.0.0.1', '1506179604', 0x5F5F63695F6C6173745F726567656E65726174657C693A313530363137393630343B6964656E746974797C733A353A2261646D696E223B757365726E616D657C733A353A2261646D696E223B656D61696C7C4E3B757365725F69647C733A313A2232223B6F6C645F6C6173745F6C6F67696E7C733A31303A2231353036313332353336223B);
INSERT INTO `ci_sessions` VALUES ('oj4vob1hdulkvn18q4g3af65k68e8nao', '36.69.157.81', '1499844397', 0x5F5F63695F6C6173745F726567656E65726174657C693A313439393834343339373B);
INSERT INTO `ci_sessions` VALUES ('oprggbs21crtlde7gjiqdsgs5g6sckoq', '162.158.79.107', '1501998171', 0x5F5F63695F6C6173745F726567656E65726174657C693A313530313939383137313B);
INSERT INTO `ci_sessions` VALUES ('os81a58onpe2e49jfnsgjc9tr7k252qe', '127.0.0.1', '1506245596', 0x5F5F63695F6C6173745F726567656E65726174657C693A313530363234353539353B);
INSERT INTO `ci_sessions` VALUES ('oualil227gkdpvijjvg7d02hla58rfo7', '172.68.65.84', '1502602970', 0x5F5F63695F6C6173745F726567656E65726174657C693A313530323630323937303B);
INSERT INTO `ci_sessions` VALUES ('ovhdi2g3f8v8evqc25nmu4d2estqspn4', '172.68.133.78', '1504422025', 0x5F5F63695F6C6173745F726567656E65726174657C693A313530343432323032353B);
INSERT INTO `ci_sessions` VALUES ('ovpug1r1u8ld459ptre63dso9i7ce7f7', '127.0.0.1', '1504345838', 0x5F5F63695F6C6173745F726567656E65726174657C693A313530343334353833383B);
INSERT INTO `ci_sessions` VALUES ('p1g590u0fvalal1tru97esl7pvjvt149', '162.158.79.209', '1504422005', 0x5F5F63695F6C6173745F726567656E65726174657C693A313530343432323030353B);
INSERT INTO `ci_sessions` VALUES ('p6f4vmbjtiqkv2uue2g4kb27ipcb0c4b', '127.0.0.1', '1506238567', 0x5F5F63695F6C6173745F726567656E65726174657C693A313530363233383536373B6964656E746974797C733A353A2261646D696E223B757365726E616D657C733A353A2261646D696E223B656D61696C7C4E3B757365725F69647C733A313A2232223B6F6C645F6C6173745F6C6F67696E7C733A31303A2231353036323234393833223B);
INSERT INTO `ci_sessions` VALUES ('p7510varjpe4cut09bshscvdjoqv0ho8', '::1', '1506227679', 0x5F5F63695F6C6173745F726567656E65726174657C693A313530363232373430313B6964656E746974797C733A383A226272616E63686D31223B757365726E616D657C733A383A226272616E63686D31223B656D61696C7C4E3B757365725F69647C733A313A2237223B6F6C645F6C6173745F6C6F67696E7C733A31303A2231353036323233323239223B);
INSERT INTO `ci_sessions` VALUES ('p993mvg9akr1773ss3r5grsq8nu3ilvo', '127.0.0.1', '1506245269', 0x5F5F63695F6C6173745F726567656E65726174657C693A313530363234353236393B);
INSERT INTO `ci_sessions` VALUES ('plot38c2ormfcupll2gmli08jidpuiik', '172.68.65.84', '1503207771', 0x5F5F63695F6C6173745F726567656E65726174657C693A313530333230373737313B);
INSERT INTO `ci_sessions` VALUES ('plq41ds3ccijtq5shsu85tfsufaa27lq', '::1', '1506250328', 0x5F5F63695F6C6173745F726567656E65726174657C693A313530363235303332383B);
INSERT INTO `ci_sessions` VALUES ('poi6ono6le93r4om17g59ttd54oqmn3f', '::1', '1506134017', 0x5F5F63695F6C6173745F726567656E65726174657C693A313530363133343031373B6964656E746974797C733A393A227765626D6173746572223B757365726E616D657C733A393A227765626D6173746572223B656D61696C7C4E3B757365725F69647C733A313A2231223B6F6C645F6C6173745F6C6F67696E7C733A31303A2231353036313332323735223B73797374656D5F6D657373616765737C613A323A7B733A373A2273756363657373223B613A313A7B693A303B733A32393A223C703E4C6F6767656420496E205375636365737366756C6C793C2F703E223B7D733A353A226572726F72223B613A303A7B7D7D5F5F63695F766172737C613A313A7B733A31353A2273797374656D5F6D65737361676573223B733A333A226F6C64223B7D);
INSERT INTO `ci_sessions` VALUES ('puur20q5aoqp1kbgqqedbs0ad3eosblk', '162.158.79.47', '1501998177', 0x5F5F63695F6C6173745F726567656E65726174657C693A313530313939383137373B);
INSERT INTO `ci_sessions` VALUES ('q66v8c1kc23p0bmt7mjlqdlmrf4mub46', '127.0.0.1', '1506245268', 0x5F5F63695F6C6173745F726567656E65726174657C693A313530363234353236383B6964656E746974797C733A353A2261646D696E223B757365726E616D657C733A353A2261646D696E223B656D61696C7C4E3B757365725F69647C733A313A2232223B6F6C645F6C6173745F6C6F67696E7C733A31303A2231353036323234393833223B);
INSERT INTO `ci_sessions` VALUES ('qc45kkl2c5alsgq3588mu6o0190f06qo', '162.158.78.16', '1501998164', 0x5F5F63695F6C6173745F726567656E65726174657C693A313530313939383136343B);
INSERT INTO `ci_sessions` VALUES ('qc9rbh306u45ggnbjgqen4kdilhss3o9', '162.158.79.95', '1502602970', 0x5F5F63695F6C6173745F726567656E65726174657C693A313530323630323937303B);
INSERT INTO `ci_sessions` VALUES ('qciq7pamp17ndnvhue1dfb0q4kpc71ji', '::1', '1506250645', 0x5F5F63695F6C6173745F726567656E65726174657C693A313530363235303634353B);
INSERT INTO `ci_sessions` VALUES ('qdiuepv2u5l67r8555j3biivq2uhd4pg', '::1', '1506134197', 0x5F5F63695F6C6173745F726567656E65726174657C693A313530363133343031373B6964656E746974797C733A393A227765626D6173746572223B757365726E616D657C733A393A227765626D6173746572223B656D61696C7C4E3B757365725F69647C733A313A2231223B6F6C645F6C6173745F6C6F67696E7C733A31303A2231353036313332323735223B);
INSERT INTO `ci_sessions` VALUES ('qghnlnh1p5hsdhe1l5m083fhehdu4lm7', '172.68.132.215', '1502602959', 0x5F5F63695F6C6173745F726567656E65726174657C693A313530323630323935393B);
INSERT INTO `ci_sessions` VALUES ('qi1183i045e4o0fpkhtdbhp6mbi1s1nc', '::1', '1499958455', 0x5F5F63695F6C6173745F726567656E65726174657C693A313439393935383435333B);
INSERT INTO `ci_sessions` VALUES ('qqlubttd9vkgdisv0e1vpe9lese6mdtp', '172.68.143.144', '1506349673', 0x5F5F63695F6C6173745F726567656E65726174657C693A313530363334393637333B);
INSERT INTO `ci_sessions` VALUES ('qqsnfegme059gmedr5igsuscs8le8hcs', '::1', '1506287262', 0x5F5F63695F6C6173745F726567656E65726174657C693A313530363238373235323B);
INSERT INTO `ci_sessions` VALUES ('qr9kiasnmokcqqeu8c6r8e0fq5cvsipa', '127.0.0.1', '1506254837', 0x5F5F63695F6C6173745F726567656E65726174657C693A313530363235343638313B);
INSERT INTO `ci_sessions` VALUES ('qs91dis3i7m53q3mr1o37favfdq004lf', '127.0.0.1', '1506244076', 0x5F5F63695F6C6173745F726567656E65726174657C693A313530363234343037363B6964656E746974797C733A353A2261646D696E223B757365726E616D657C733A353A2261646D696E223B656D61696C7C4E3B757365725F69647C733A313A2232223B6F6C645F6C6173745F6C6F67696E7C733A31303A2231353036323234393833223B);
INSERT INTO `ci_sessions` VALUES ('qvk5n5g5dtlaarku4edbtne0ss7sdt1f', '162.158.78.148', '1502602973', 0x5F5F63695F6C6173745F726567656E65726174657C693A313530323630323937333B);
INSERT INTO `ci_sessions` VALUES ('r3ja6c6j990iuu69rufg0orkqo4gmh1a', '180.252.103.168', '1499827269', 0x5F5F63695F6C6173745F726567656E65726174657C693A313439393832373236393B);
INSERT INTO `ci_sessions` VALUES ('r4lou4q0rg7inprhgk4hrlknuopdqihb', '162.158.79.203', '1503207761', 0x5F5F63695F6C6173745F726567656E65726174657C693A313530333230373736313B);
INSERT INTO `ci_sessions` VALUES ('r7ekb5qne1tivkauomtmf15ln831f1jl', '172.68.65.156', '1507559279', 0x5F5F63695F6C6173745F726567656E65726174657C693A313530373535393237393B);
INSERT INTO `ci_sessions` VALUES ('r827oqa5sjmo7kpmfsesnes9903lo408', '162.158.79.53', '1509373690', 0x5F5F63695F6C6173745F726567656E65726174657C693A313530393337333639303B);
INSERT INTO `ci_sessions` VALUES ('r83d6vgcssobf6bhue25942mm1bm31k1', '127.0.0.1', '1506236287', 0x5F5F63695F6C6173745F726567656E65726174657C693A313530363233363238373B);
INSERT INTO `ci_sessions` VALUES ('rc1f1tgtvo8nk7v7u4p6u9gec7sj0k6t', '172.68.65.114', '1501998172', 0x5F5F63695F6C6173745F726567656E65726174657C693A313530313939383137323B);
INSERT INTO `ci_sessions` VALUES ('rhm38hgoapvftjdmdpkj8qvb0e07rrvb', '180.252.103.168', '1499828326', 0x5F5F63695F6C6173745F726567656E65726174657C693A313439393832383332363B);
INSERT INTO `ci_sessions` VALUES ('rk2v7c3pqr7uriorhb52ro5qfqh0cfm0', '::1', '1506228051', 0x5F5F63695F6C6173745F726567656E65726174657C693A313530363232383035313B);
INSERT INTO `ci_sessions` VALUES ('rl7i2rtemtpgsu0tp2ur0fa54j6ukman', '64.233.173.58', '1501219942', 0x5F5F63695F6C6173745F726567656E65726174657C693A313530313231393932363B);
INSERT INTO `ci_sessions` VALUES ('rm2g45eeir0mp5uj6ic1fsfk9db9d0u7', '127.0.0.1', '1506238594', 0x5F5F63695F6C6173745F726567656E65726174657C693A313530363233383539343B);
INSERT INTO `ci_sessions` VALUES ('ro9vknm42cna2udebr5hh3e7469subpp', '::1', '1506251471', 0x5F5F63695F6C6173745F726567656E65726174657C693A313530363235313437313B);
INSERT INTO `ci_sessions` VALUES ('ruasbijkcq6mffmg7t49ha2egve6l56c', '162.158.78.244', '1503207761', 0x5F5F63695F6C6173745F726567656E65726174657C693A313530333230373736313B);
INSERT INTO `ci_sessions` VALUES ('rvhiutmfmjr9lvfnnpjhhas5ejiqprg4', '::1', '1506227535', 0x5F5F63695F6C6173745F726567656E65726174657C693A313530363232373533353B);
INSERT INTO `ci_sessions` VALUES ('s2ib5dh3ip91jmvt511qq1f2qss25s4o', '162.158.78.106', '1501998164', 0x5F5F63695F6C6173745F726567656E65726174657C693A313530313939383136343B);
INSERT INTO `ci_sessions` VALUES ('s46lp546kjo5nuuvt3fbi1qnc2vms0j9', '120.188.81.189', '1500542268', 0x5F5F63695F6C6173745F726567656E65726174657C693A313530303534323236383B);
INSERT INTO `ci_sessions` VALUES ('s7i2c3bvdpp2qd8fb4781v0ekl7g2stn', '127.0.0.1', '1506237351', 0x5F5F63695F6C6173745F726567656E65726174657C693A313530363233373335313B);
INSERT INTO `ci_sessions` VALUES ('s8tpk303j6vkakhcbgr0alfhnm3csv5s', '180.252.103.168', '1499823579', 0x5F5F63695F6C6173745F726567656E65726174657C693A313439393832333537393B);
INSERT INTO `ci_sessions` VALUES ('sbdkj0ligio5k4m2ctlmnj0rqrfptblg', '172.68.65.156', '1505744871', 0x5F5F63695F6C6173745F726567656E65726174657C693A313530353734343837313B);
INSERT INTO `ci_sessions` VALUES ('scrfbqet0nu8c7ahgl2l4mieg8p2n3pf', '::1', '1506231984', 0x5F5F63695F6C6173745F726567656E65726174657C693A313530363233313938343B6964656E746974797C733A363A2270706B6C6F31223B757365726E616D657C733A363A2270706B6C6F31223B656D61696C7C4E3B757365725F69647C733A323A223130223B6F6C645F6C6173745F6C6F67696E7C733A31303A2231353036323237393037223B);
INSERT INTO `ci_sessions` VALUES ('sdfj9s5g2lmfsbbpljfoai91j0kisa69', '172.68.65.84', '1504422011', 0x5F5F63695F6C6173745F726567656E65726174657C693A313530343432323031313B);
INSERT INTO `ci_sessions` VALUES ('se6qt2jt3904s0qbkuqt95eru4b94oej', '127.0.0.1', '1506235936', 0x5F5F63695F6C6173745F726567656E65726174657C693A313530363233353933363B);
INSERT INTO `ci_sessions` VALUES ('sektke8c9v1f3f4h03kftjmc9b3j5qls', '162.158.79.95', '1503812581', 0x5F5F63695F6C6173745F726567656E65726174657C693A313530333831323538313B);
INSERT INTO `ci_sessions` VALUES ('sg7ugii8avumssrbt32i3c9aul567mhb', '127.0.0.1', '1506181561', 0x5F5F63695F6C6173745F726567656E65726174657C693A313530363138313536313B6964656E746974797C733A353A2261646D696E223B757365726E616D657C733A353A2261646D696E223B656D61696C7C4E3B757365725F69647C733A313A2232223B6F6C645F6C6173745F6C6F67696E7C733A31303A2231353036313332353336223B);
INSERT INTO `ci_sessions` VALUES ('sl4opi5pdu96v5maaotcpf3q9lou8u9t', '162.158.79.155', '1502602965', 0x5F5F63695F6C6173745F726567656E65726174657C693A313530323630323936353B);
INSERT INTO `ci_sessions` VALUES ('svfktour41t5kaujq5ieik48earoki43', '127.0.0.1', '1506234924', 0x5F5F63695F6C6173745F726567656E65726174657C693A313530363233343932333B);
INSERT INTO `ci_sessions` VALUES ('t0q18rud95lmb49oon7hreocivm0giv1', '162.158.78.148', '1503207775', 0x5F5F63695F6C6173745F726567656E65726174657C693A313530333230373737353B);
INSERT INTO `ci_sessions` VALUES ('taka0fl1pqi0ihont24b9bfmolsga9s8', '::1', '1506247526', 0x5F5F63695F6C6173745F726567656E65726174657C693A313530363234373532363B6964656E746974797C733A31323A22747261696E6572677370656C223B757365726E616D657C733A31323A22747261696E6572677370656C223B656D61696C7C4E3B757365725F69647C733A323A223331223B6F6C645F6C6173745F6C6F67696E7C733A31303A2231353036323435363839223B);
INSERT INTO `ci_sessions` VALUES ('tildgff56t7767al06q838rrfsb770ri', '162.158.79.95', '1503207772', 0x5F5F63695F6C6173745F726567656E65726174657C693A313530333230373737323B);
INSERT INTO `ci_sessions` VALUES ('tmfvq97jod9u350jkb2os6km4kptl1vm', '::1', '1506230807', 0x5F5F63695F6C6173745F726567656E65726174657C693A313530363233303830363B6964656E746974797C733A383A226272616E63686D31223B757365726E616D657C733A383A226272616E63686D31223B656D61696C7C4E3B757365725F69647C733A313A2237223B6F6C645F6C6173745F6C6F67696E7C733A31303A2231353036323233323239223B);
INSERT INTO `ci_sessions` VALUES ('tmlrn8ai4222j37gd9smqm20v1gkr5gh', '162.158.79.113', '1503207774', 0x5F5F63695F6C6173745F726567656E65726174657C693A313530333230373737343B);
INSERT INTO `ci_sessions` VALUES ('tnci9t6v63f7cgc5tau670evct5h5s1a', '162.158.79.107', '1503812587', 0x5F5F63695F6C6173745F726567656E65726174657C693A313530333831323538373B);
INSERT INTO `ci_sessions` VALUES ('to6i41pjr8qdn7j93hrsumger9imsotj', '172.68.133.126', '1504421991', 0x5F5F63695F6C6173745F726567656E65726174657C693A313530343432313939313B);
INSERT INTO `ci_sessions` VALUES ('tohedef3sitmice790co6asr41469gj8', '162.158.79.29', '1503207780', 0x5F5F63695F6C6173745F726567656E65726174657C693A313530333230373738303B);
INSERT INTO `ci_sessions` VALUES ('tsm0n2hlprgsvm45clgq2j7jibdohllq', '::1', '1506250328', 0x5F5F63695F6C6173745F726567656E65726174657C693A313530363235303332383B);
INSERT INTO `ci_sessions` VALUES ('ttr541ug7h7m49ofvs677spqgauo9dae', '::1', '1506254397', 0x5F5F63695F6C6173745F726567656E65726174657C693A313530363235343339373B6964656E746974797C733A353A2261646D696E223B757365726E616D657C733A353A2261646D696E223B656D61696C7C4E3B757365725F69647C733A313A2232223B6F6C645F6C6173745F6C6F67696E7C733A31303A2231353036323237373637223B);
INSERT INTO `ci_sessions` VALUES ('tuu5u8nq4nua3tmefemrg00p5022ugik', '::1', '1506254811', 0x5F5F63695F6C6173745F726567656E65726174657C693A313530363235343831313B6964656E746974797C733A31323A22747261696E6572677370656C223B757365726E616D657C733A31323A22747261696E6572677370656C223B656D61696C7C4E3B757365725F69647C733A323A223331223B6F6C645F6C6173745F6C6F67696E7C733A31303A2231353036323439353939223B);
INSERT INTO `ci_sessions` VALUES ('tvf7ra3ep8juuq6lpvievbb37j4cq8cg', '127.0.0.1', '1506179260', 0x5F5F63695F6C6173745F726567656E65726174657C693A313530363137393236303B6964656E746974797C733A353A2261646D696E223B757365726E616D657C733A353A2261646D696E223B656D61696C7C4E3B757365725F69647C733A313A2232223B6F6C645F6C6173745F6C6F67696E7C733A31303A2231353036313332353336223B);
INSERT INTO `ci_sessions` VALUES ('u5reascvdtltkiqabh6l1a2miturjlbq', '::1', '1506251471', 0x5F5F63695F6C6173745F726567656E65726174657C693A313530363235313437313B);
INSERT INTO `ci_sessions` VALUES ('ue1e2ljn50nl8kul7cf6hc19ntsq5i8l', '::1', '1506254131', 0x5F5F63695F6C6173745F726567656E65726174657C693A313530363235333936323B6964656E746974797C733A383A226272616E63686D31223B757365726E616D657C733A383A226272616E63686D31223B656D61696C7C4E3B757365725F69647C733A313A2237223B6F6C645F6C6173745F6C6F67696E7C733A31303A2231353036323330393535223B696442704C6173747C693A3239353B);
INSERT INTO `ci_sessions` VALUES ('uhl9d7glop0spqn3l16lqk4il5cle3qv', '162.158.79.107', '1503812584', 0x5F5F63695F6C6173745F726567656E65726174657C693A313530333831323538343B);
INSERT INTO `ci_sessions` VALUES ('uj095v7me5qfqolrpmii820l30qm924a', '::1', '1506226624', 0x5F5F63695F6C6173745F726567656E65726174657C693A313530363232363630363B6964656E746974797C733A383A226272616E63686D31223B757365726E616D657C733A383A226272616E63686D31223B656D61696C7C4E3B757365725F69647C733A313A2237223B6F6C645F6C6173745F6C6F67696E7C733A31303A2231353036323233323239223B);
INSERT INTO `ci_sessions` VALUES ('ujocn4c9lrfvrccf9bn9ltibq56ed3et', '120.188.78.175', '1501223267', 0x5F5F63695F6C6173745F726567656E65726174657C693A313530313232333236333B);
INSERT INTO `ci_sessions` VALUES ('uk56lkntu8pkhad9nha3mn6519osf8nj', '162.158.79.209', '1501998163', 0x5F5F63695F6C6173745F726567656E65726174657C693A313530313939383136333B);
INSERT INTO `ci_sessions` VALUES ('ukhj7cbpdehq7n7gnvv2n6sicqvga59h', '127.0.0.1', '1506249980', 0x5F5F63695F6C6173745F726567656E65726174657C693A313530363234393938303B6964656E746974797C733A353A2261646D696E223B757365726E616D657C733A353A2261646D696E223B656D61696C7C4E3B757365725F69647C733A313A2232223B6F6C645F6C6173745F6C6F67696E7C733A31303A2231353036323234393833223B);
INSERT INTO `ci_sessions` VALUES ('ulogrvjm36vll6ok0m3g5uq2mm8ri7qp', '127.0.0.1', '1506246101', 0x5F5F63695F6C6173745F726567656E65726174657C693A313530363234363130313B6964656E746974797C733A353A2261646D696E223B757365726E616D657C733A353A2261646D696E223B656D61696C7C4E3B757365725F69647C733A313A2232223B6F6C645F6C6173745F6C6F67696E7C733A31303A2231353036323234393833223B);
INSERT INTO `ci_sessions` VALUES ('uqnhjpfnan1va6vitmismlvcrskqnfm1', '172.68.65.126', '1503812586', 0x5F5F63695F6C6173745F726567656E65726174657C693A313530333831323538363B);
INSERT INTO `ci_sessions` VALUES ('uu4mmvba9q5bv6j3e46s14s0i6jac4rd', '::1', '1506247933', 0x5F5F63695F6C6173745F726567656E65726174657C693A313530363234373933333B6964656E746974797C733A31323A22747261696E6572677370656C223B757365726E616D657C733A31323A22747261696E6572677370656C223B656D61696C7C4E3B757365725F69647C733A323A223331223B6F6C645F6C6173745F6C6F67696E7C733A31303A2231353036323435363839223B);
INSERT INTO `ci_sessions` VALUES ('v0957vg698v59btbkmbnj249hlbf3k64', '162.158.79.107', '1502602971', 0x5F5F63695F6C6173745F726567656E65726174657C693A313530323630323937313B);
INSERT INTO `ci_sessions` VALUES ('v66m0m4imcffmd4fp61hkj347pgf3v2k', '127.0.0.1', '1506242223', 0x5F5F63695F6C6173745F726567656E65726174657C693A313530363234323232333B6964656E746974797C733A353A2261646D696E223B757365726E616D657C733A353A2261646D696E223B656D61696C7C4E3B757365725F69647C733A313A2232223B6F6C645F6C6173745F6C6F67696E7C733A31303A2231353036323234393833223B);
INSERT INTO `ci_sessions` VALUES ('v8gl9kdkv3rfhtnkhrpjc694dq3n9huk', '127.0.0.1', '1506242269', 0x5F5F63695F6C6173745F726567656E65726174657C693A313530363234323236393B);
INSERT INTO `ci_sessions` VALUES ('vafikof6788kp15kinc7sjicd96agjfg', '108.162.246.17', '1508164081', 0x5F5F63695F6C6173745F726567656E65726174657C693A313530383136343038313B);
INSERT INTO `ci_sessions` VALUES ('vb8p40qn2i0ms628heafnumns9trumsm', '172.68.65.114', '1503207774', 0x5F5F63695F6C6173745F726567656E65726174657C693A313530333230373737343B);
INSERT INTO `ci_sessions` VALUES ('vejjemj6efihusp4a2snhdq82iitb5ma', '127.0.0.1', '1506246105', 0x5F5F63695F6C6173745F726567656E65726174657C693A313530363234363130353B);
INSERT INTO `ci_sessions` VALUES ('vf5apc7hk6i086ldqp1i7jaradbl0m30', '162.158.79.155', '1503812576', 0x5F5F63695F6C6173745F726567656E65726174657C693A313530333831323537363B);
INSERT INTO `ci_sessions` VALUES ('vlqps2jrrlegrmstndidsja1h0g0tdbc', '::1', '1506250645', 0x5F5F63695F6C6173745F726567656E65726174657C693A313530363235303634353B);
INSERT INTO `ci_sessions` VALUES ('vlt6mg0edsfktogsd8dajnolje91tm7f', '::1', '1506227196', 0x5F5F63695F6C6173745F726567656E65726174657C693A313530363232373139363B);
INSERT INTO `ci_sessions` VALUES ('vmsutb1o6pcah2m0a9irmkob4potia4c', '127.0.0.1', '1506244957', 0x5F5F63695F6C6173745F726567656E65726174657C693A313530363234343935363B);
INSERT INTO `ci_sessions` VALUES ('vo72mq66pqu9rlt57hr5khv76jo9e3v5', '::1', '1506234025', 0x5F5F63695F6C6173745F726567656E65726174657C693A313530363233343032353B6964656E746974797C733A31323A22747261696E6572677370656C223B757365726E616D657C733A31323A22747261696E6572677370656C223B656D61696C7C4E3B757365725F69647C733A323A223331223B6F6C645F6C6173745F6C6F67696E7C733A31303A2231353036323135303037223B);
INSERT INTO `ci_sessions` VALUES ('vp6c4rahf8ciaong0k1qn3jekt9ninb0', '108.162.245.166', '1505022241', 0x5F5F63695F6C6173745F726567656E65726174657C693A313530353032323234313B);
INSERT INTO `ci_sessions` VALUES ('vpdc00qbf8e017rbvhrh55j26c60s2fa', '162.158.167.78', '1504605093', 0x5F5F63695F6C6173745F726567656E65726174657C693A313530343630353039333B);
INSERT INTO `ci_sessions` VALUES ('vpo8h623ikhclj1didpt9hslsvepcvip', '162.158.79.107', '1501998174', 0x5F5F63695F6C6173745F726567656E65726174657C693A313530313939383137343B);
INSERT INTO `ci_sessions` VALUES ('vq945fe35kilmu99ck51088c5uhp21ic', '162.158.79.107', '1503207779', 0x5F5F63695F6C6173745F726567656E65726174657C693A313530333230373737393B);
INSERT INTO `ci_sessions` VALUES ('vsa98sa6nvdh1odt9emb2l42vibrbkc9', '172.68.65.156', '1506954477', 0x5F5F63695F6C6173745F726567656E65726174657C693A313530363935343437373B);

-- ----------------------------
-- Table structure for cover_photos
-- ----------------------------
DROP TABLE IF EXISTS `cover_photos`;
CREATE TABLE `cover_photos` (
  `id` int(11) NOT NULL AUTO_INCREMENT,
  `pos` int(11) NOT NULL DEFAULT '0',
  `image_url` varchar(300) COLLATE utf8_unicode_ci NOT NULL,
  `status` enum('active','hidden') COLLATE utf8_unicode_ci NOT NULL DEFAULT 'active',
  PRIMARY KEY (`id`)
) ENGINE=InnoDB AUTO_INCREMENT=4 DEFAULT CHARSET=utf8 COLLATE=utf8_unicode_ci;

-- ----------------------------
-- Records of cover_photos
-- ----------------------------
INSERT INTO `cover_photos` VALUES ('1', '2', '45296-2.jpg', 'active');
INSERT INTO `cover_photos` VALUES ('2', '1', '2934f-1.jpg', 'active');
INSERT INTO `cover_photos` VALUES ('3', '3', '3717d-3.jpg', 'active');

-- ----------------------------
-- Table structure for export_excel_sijil
-- ----------------------------
DROP TABLE IF EXISTS `export_excel_sijil`;
CREATE TABLE `export_excel_sijil` (
  `id` int(11) NOT NULL AUTO_INCREMENT,
  `no_sijil` varchar(33) COLLATE utf8mb4_unicode_ci DEFAULT NULL,
  `nama` varchar(50) COLLATE utf8mb4_unicode_ci DEFAULT NULL,
  `no_mykad` varchar(50) COLLATE utf8mb4_unicode_ci DEFAULT NULL,
  `jenissijil` varchar(7) COLLATE utf8mb4_unicode_ci DEFAULT NULL,
  `kursus` varchar(50) COLLATE utf8mb4_unicode_ci DEFAULT NULL,
  `gcpa` varchar(7) COLLATE utf8mb4_unicode_ci DEFAULT NULL,
  `giatmara` varchar(50) COLLATE utf8mb4_unicode_ci DEFAULT NULL,
  PRIMARY KEY (`id`)
) ENGINE=InnoDB DEFAULT CHARSET=utf8mb4 COLLATE=utf8mb4_unicode_ci;

-- ----------------------------
-- Records of export_excel_sijil
-- ----------------------------

-- ----------------------------
-- Table structure for groups
-- ----------------------------
DROP TABLE IF EXISTS `groups`;
CREATE TABLE `groups` (
  `id` mediumint(8) unsigned NOT NULL AUTO_INCREMENT,
  `name` varchar(20) NOT NULL,
  `description` varchar(100) NOT NULL,
  PRIMARY KEY (`id`)
) ENGINE=InnoDB AUTO_INCREMENT=2 DEFAULT CHARSET=utf8;

-- ----------------------------
-- Records of groups
-- ----------------------------
INSERT INTO `groups` VALUES ('1', 'members', 'General User');

-- ----------------------------
-- Table structure for kelulusan_lpp09
-- ----------------------------
DROP TABLE IF EXISTS `kelulusan_lpp09`;
CREATE TABLE `kelulusan_lpp09` (
  `id` int(10) NOT NULL AUTO_INCREMENT,
  `id_permohonan` int(10) NOT NULL,
  `status_pengesahan` int(2) DEFAULT NULL,
  `layak_elaun` int(2) DEFAULT NULL,
  `tarikh_mula_elauan` varchar(20) COLLATE utf8mb4_unicode_ci DEFAULT NULL,
  `tarikh_tamat_elaun` varchar(20) COLLATE utf8mb4_unicode_ci DEFAULT NULL,
  `tarikh_mula_kursus` varchar(20) COLLATE utf8mb4_unicode_ci DEFAULT NULL,
  `tarikh_tamat_kursus` varchar(20) COLLATE utf8mb4_unicode_ci DEFAULT NULL,
  `disahkan_oleh` int(10) DEFAULT NULL,
  `disahkan_pada` varchar(20) COLLATE utf8mb4_unicode_ci DEFAULT NULL,
  `nama_bank` int(10) DEFAULT NULL,
  `no_akaun` varchar(50) COLLATE utf8mb4_unicode_ci DEFAULT NULL,
  `id_permohonan_kursus_lpp09` int(11) DEFAULT NULL,
  `status_pendaftaran` varchar(45) COLLATE utf8mb4_unicode_ci DEFAULT NULL,
  PRIMARY KEY (`id`)
) ENGINE=InnoDB AUTO_INCREMENT=14 DEFAULT CHARSET=utf8mb4 COLLATE=utf8mb4_unicode_ci;

-- ----------------------------
-- Records of kelulusan_lpp09
-- ----------------------------
INSERT INTO `kelulusan_lpp09` VALUES ('4', '34', '1', null, '1970-01-01', '1970-01-01', '2017-11-10', '2017-11-30', '72', '2017-11-09', '0', '', '30', null);
INSERT INTO `kelulusan_lpp09` VALUES ('5', '13', '1', '1', '2018-01-01', '2018-03-31', '2018-01-01', '2018-03-31', '72', '2017-11-08', '1', '34567890871', '27', '5');
INSERT INTO `kelulusan_lpp09` VALUES ('6', '33', '1', null, '1970-01-01', '1970-01-01', '2018-01-01', '2018-03-31', '72', '2017-11-08', '0', '', '29', '5');
INSERT INTO `kelulusan_lpp09` VALUES ('7', '29', '1', '1', '2018-01-01', '2018-03-31', '2018-01-01', '2018-03-31', '72', '2017-11-08', '17', '12345678', '28', null);
INSERT INTO `kelulusan_lpp09` VALUES ('8', '37', null, null, null, null, null, null, null, null, '2', '768900000', '31', null);
INSERT INTO `kelulusan_lpp09` VALUES ('9', '38', null, null, null, null, null, null, null, null, null, null, '32', null);
INSERT INTO `kelulusan_lpp09` VALUES ('10', '45', null, null, null, null, null, null, null, null, null, null, '33', null);
INSERT INTO `kelulusan_lpp09` VALUES ('11', '51', null, null, null, null, null, null, null, null, null, null, '34', null);
INSERT INTO `kelulusan_lpp09` VALUES ('12', '46', null, null, null, null, null, null, null, null, null, null, '35', null);
INSERT INTO `kelulusan_lpp09` VALUES ('13', '44', null, null, null, null, null, null, null, null, null, null, '36', null);

-- ----------------------------
-- Table structure for kew_bank
-- ----------------------------
DROP TABLE IF EXISTS `kew_bank`;
CREATE TABLE `kew_bank` (
  `id` int(11) NOT NULL AUTO_INCREMENT,
  `kod_swift` varchar(10) NOT NULL,
  `name` varchar(50) NOT NULL,
  `status` int(1) NOT NULL,
  `flag` int(1) NOT NULL DEFAULT '1',
  `description` varchar(254) NOT NULL,
  `log_update` datetime DEFAULT NULL,
  `update_by` int(11) NOT NULL,
  PRIMARY KEY (`id`)
) ENGINE=InnoDB AUTO_INCREMENT=31 DEFAULT CHARSET=latin1;

-- ----------------------------
-- Records of kew_bank
-- ----------------------------
INSERT INTO `kew_bank` VALUES ('1', 'BIMBMYKL', 'BANK ISLAM MALAYSIA BERHAD', '1', '1', '-', '2017-08-23 00:00:00', '0');
INSERT INTO `kew_bank` VALUES ('2', 'MBBEMYKL', 'MALAYAN BANKING BERHAD', '1', '1', '-', '2017-08-23 00:00:00', '0');
INSERT INTO `kew_bank` VALUES ('3', 'HLBBMYKL', 'HONG LEONG BANK', '1', '1', '-', '2017-08-23 00:00:00', '0');
INSERT INTO `kew_bank` VALUES ('4', 'RHBBMYKL', 'RHB BANK BERHAD', '1', '1', '-', '2017-08-23 00:00:00', '0');
INSERT INTO `kew_bank` VALUES ('5', 'CIBBMYKL', 'CIMB BANK BERHAD', '1', '1', '-', '2017-08-23 00:00:00', '0');
INSERT INTO `kew_bank` VALUES ('6', 'PBBEMYKL', 'PUBLIC BANK BERHAD', '1', '1', '-', '2017-08-23 00:00:00', '0');
INSERT INTO `kew_bank` VALUES ('7', 'BKRMMYKL', 'BANK KERJASAMA RAKYAT MALAYSIA BHD (BANK RAKYAT)', '1', '1', '-', '2017-08-23 00:00:00', '0');
INSERT INTO `kew_bank` VALUES ('8', 'ARBKMYKL', 'AM BANK BERHAD', '1', '1', '-', '2017-08-23 00:00:00', '0');
INSERT INTO `kew_bank` VALUES ('9', 'CITIMYKL', 'CITIBANK BERHAD', '1', '1', '-', '2017-08-23 00:00:00', '0');
INSERT INTO `kew_bank` VALUES ('10', 'SCBLMYKX', 'STANDARD CHARTERED BANK MALAYSIA BHD', '1', '1', '-', '2017-08-23 00:00:00', '0');
INSERT INTO `kew_bank` VALUES ('11', 'HBMBMYKL', 'HONGKONG BANK MALAYSIA BHD', '1', '1', '-', '2017-08-23 00:00:00', '0');
INSERT INTO `kew_bank` VALUES ('12', 'EOBBMYKL', 'EON BANK BERHAD', '1', '1', '-', '2012-09-20 02:02:28', '0');
INSERT INTO `kew_bank` VALUES ('14', 'EIBBMYKL', 'EONCAP ISLAMIC BANK BHD', '1', '1', '-', '2012-09-20 02:07:43', '0');
INSERT INTO `kew_bank` VALUES ('15', 'BSNAMYK1', 'BANK SIMPANAN NASIONAL', '1', '1', '-', '2015-01-21 07:44:39', '0');
INSERT INTO `kew_bank` VALUES ('16', 'BMMBMYKL', 'BANK MUAMALAT MALAYSIA BERHAD', '1', '1', '-', '2015-01-26 06:16:47', '0');
INSERT INTO `kew_bank` VALUES ('17', 'PHBMMYKL', 'AFFIN BANK BERHAD', '1', '1', '-', '2015-01-26 06:19:13', '0');
INSERT INTO `kew_bank` VALUES ('18', 'UOVBMYKL', 'UNITED OVERSEAS BANK (MALAYSIA) BERHAD', '1', '1', '-', '2015-01-26 06:20:08', '0');
INSERT INTO `kew_bank` VALUES ('19', 'MFBBMYKL', 'ALLIANCE BANK MALAYSIA BERHAD', '1', '1', '-', '2015-01-28 00:56:48', '0');
INSERT INTO `kew_bank` VALUES ('20', 'BKKBMYKL', 'BANGKOK BANK', '1', '1', '-', '2015-01-28 01:00:44', '0');
INSERT INTO `kew_bank` VALUES ('22', 'OCBCMYKL', 'OCBC BANK MALAYSIA BHD', '1', '1', '-', '2015-01-28 01:02:07', '0');
INSERT INTO `kew_bank` VALUES ('23', 'RHBAMYKL', 'RHB ISLAMIC BANK BHD', '1', '1', '-', '2015-01-28 01:02:53', '0');
INSERT INTO `kew_bank` VALUES ('25', 'CTBBMYKL', 'CIMB ISLAMIC BANK BHD', '1', '1', '-', '2015-01-28 01:04:31', '0');
INSERT INTO `kew_bank` VALUES ('26', 'HLIBMYKL', 'HONG LEONG ISLAMIC BANK BERHAD', '1', '1', '', '2015-01-28 01:04:58', '0');
INSERT INTO `kew_bank` VALUES ('27', 'NOSCMYKL', 'THE BANK OF NOVA SCOTIA BERHAD', '1', '1', '', '2015-01-28 01:05:17', '0');
INSERT INTO `kew_bank` VALUES ('28', 'AGOBMYK1', 'BANK PERTANIAN MALAYSIA BERHAD (AGROBANK)', '1', '1', '-', '2015-01-28 01:48:06', '0');
INSERT INTO `kew_bank` VALUES ('29', 'MBISMYKL', 'MALAYAN BANKING BERHAD SPI (MAYBANK ISLAMIC)', '1', '1', '-', '2017-08-23 00:00:00', '0');
INSERT INTO `kew_bank` VALUES ('30', ' ALSRMYKL', 'ALLIANCE ISLAMIC BANK BERHAD', '1', '1', '-', '2017-02-16 00:27:30', '0');

-- ----------------------------
-- Table structure for kew_dana
-- ----------------------------
DROP TABLE IF EXISTS `kew_dana`;
CREATE TABLE `kew_dana` (
  `id` int(2) NOT NULL AUTO_INCREMENT,
  `name` varchar(254) NOT NULL,
  `code` varchar(11) NOT NULL,
  `description` varchar(254) NOT NULL,
  `date_register` datetime NOT NULL,
  `registrar_id` int(11) NOT NULL,
  `amount` float NOT NULL,
  `total_amount` float NOT NULL,
  `status` int(1) NOT NULL,
  `flag` int(1) NOT NULL DEFAULT '1',
  `date_log` timestamp NOT NULL DEFAULT CURRENT_TIMESTAMP,
  PRIMARY KEY (`id`)
) ENGINE=InnoDB AUTO_INCREMENT=29 DEFAULT CHARSET=utf8 COMMENT='Used for dana definition';

-- ----------------------------
-- Records of kew_dana
-- ----------------------------
INSERT INTO `kew_dana` VALUES ('1', 'MENGURUS', 'DM', '-', '2017-08-23 00:00:00', '0', '200', '400000', '1', '1', '2012-10-09 08:53:00');
INSERT INTO `kew_dana` VALUES ('2', 'PEMBANGUNAN', 'DP', '-', '2017-08-23 00:00:00', '0', '300', '20000', '1', '1', '2012-10-09 08:54:44');
INSERT INTO `kew_dana` VALUES ('3', 'KEMENTERIAN KEWANGAN', 'MOF', '-', '2017-08-23 00:00:00', '0', '320.55', '55023.4', '1', '1', '2012-10-09 08:55:20');
INSERT INTO `kew_dana` VALUES ('4', 'KEMENTERIAN KEMAJUAN LUAR BANDAR DAN WILAYAH', 'KKLW', '-', '2017-08-23 00:00:00', '0', '450.32', '670211', '1', '1', '2012-10-09 08:56:10');
INSERT INTO `kew_dana` VALUES ('5', 'UNIT PERANCANG EKONOMI, JABATAN PERDANA MENTERI', 'EPU', '-', '2017-08-23 00:00:00', '0', '302', '554092', '1', '1', '2012-10-09 08:56:55');
INSERT INTO `kew_dana` VALUES ('6', 'PERTUBUHAN KEBANGSAAN MELAYU BERSATU', 'UMNO', '-', '2017-08-23 00:00:00', '0', '239.5', '490338', '1', '1', '2012-10-09 08:57:27');
INSERT INTO `kew_dana` VALUES ('7', 'MAJLIS AGAMA ISLAM DAN ADAT RESAM MELAYU PAHANG', 'MUIP', '-', '2017-08-23 00:00:00', '0', '320', '453023', '1', '1', '2012-10-09 08:58:01');
INSERT INTO `kew_dana` VALUES ('8', 'PERBADANAN PETROLIAM NASIONAL', 'PETR', '-', '2017-08-23 00:00:00', '0', '320.4', '4440340', '1', '1', '2012-10-09 08:58:25');
INSERT INTO `kew_dana` VALUES ('9', 'YAYASAN PELAJARAN MARA', 'YPM', '-', '2017-08-23 00:00:00', '0', '312', '4532210', '1', '1', '2012-10-09 08:58:56');
INSERT INTO `kew_dana` VALUES ('10', 'KEMENTERIAN PEMBANGUNAN WANITA KELUARGA DAN MASYARAKAT', 'KPWKM', '-', '2017-08-23 00:00:00', '0', '350', '432908', '1', '1', '2012-10-09 08:59:30');
INSERT INTO `kew_dana` VALUES ('11', 'UNIT PENYELARASAN DAN PELAKSANAAN, JABATAN PERDANA MENTERI', 'ICU', '-', '2017-08-23 00:00:00', '0', '340', '329049', '1', '1', '2012-10-09 08:59:58');
INSERT INTO `kew_dana` VALUES ('12', 'KEMENTERIAN LUAR NEGERI', 'KLN', '-', '2017-08-23 00:00:00', '0', '180.43', '890442', '1', '1', '2012-10-09 09:00:22');
INSERT INTO `kew_dana` VALUES ('13', 'KEMENTERIAN WILAYAH PERSEKUTUAN & KESEJAHTERAAN BANDAR', 'KWPKB', '-', '2017-08-23 00:00:00', '0', '500', '6033920', '1', '1', '2012-10-09 09:00:51');
INSERT INTO `kew_dana` VALUES ('14', 'KERAJAAN NEGERI TERENGGANU', 'TGANU', '-', '2017-08-23 00:00:00', '0', '320.33', '6783220', '1', '1', '2012-10-09 09:01:19');
INSERT INTO `kew_dana` VALUES ('15', 'HASIL PROJEK LUAR GIATMARA (YURAN PENGURUSAN)', 'HASIL', '-', '2017-08-23 00:00:00', '0', '255.5', '6038890', '1', '1', '2012-10-09 09:01:49');
INSERT INTO `kew_dana` VALUES ('16', 'TABUNG/DANA PEMBIAYAAN KAKITANGAN', 'TBNG', '-', '2017-08-23 00:00:00', '0', '295.3', '9048830', '1', '1', '2012-10-09 09:02:19');
INSERT INTO `kew_dana` VALUES ('17', 'LEMBAGA KEMAJUAN TANAH PERSEKUTUAN', 'FELDA', '-', '2017-08-23 00:00:00', '0', '300.32', '8499340', '1', '1', '2012-10-09 09:02:42');
INSERT INTO `kew_dana` VALUES ('18', 'test_validate1', 'FELDA', 'dsdf', '2017-08-23 00:00:00', '0', '123', '12314', '1', '0', '2013-03-27 01:13:41');
INSERT INTO `kew_dana` VALUES ('19', 'test_validate2', 'FELDA', 'sdfa', '2017-08-23 00:00:00', '0', '4352', '34523', '1', '0', '2013-03-27 01:15:02');
INSERT INTO `kew_dana` VALUES ('20', 'test_validate3', 'FELDA', 'fasdf', '2017-08-23 00:00:00', '0', '234123', '23412', '1', '0', '2013-03-27 01:18:21');
INSERT INTO `kew_dana` VALUES ('21', 'safdfs', '', 'safd', '2017-08-23 00:00:00', '0', '324', '23423', '1', '0', '2013-03-27 01:51:21');
INSERT INTO `kew_dana` VALUES ('22', 'test_validate4', 'FELDA', 'safs', '2017-08-23 00:00:00', '0', '123', '423', '1', '0', '2013-03-27 03:28:04');
INSERT INTO `kew_dana` VALUES ('23', 'dsaf', 'sdafs', 'sdfa', '2017-08-23 00:00:00', '0', '435', '45', '1', '0', '2013-04-09 06:32:02');
INSERT INTO `kew_dana` VALUES ('24', 'test2', 'test2', 'sdfa', '2017-08-23 00:00:00', '0', '435', '54', '1', '0', '2013-04-09 06:35:20');
INSERT INTO `kew_dana` VALUES ('25', 'asdf', 'asdf', 'sdafsd', '2017-08-23 00:00:00', '0', '43', '435', '1', '0', '2013-04-09 06:44:40');
INSERT INTO `kew_dana` VALUES ('26', 'Dana Ujian 1', 'DUKK1', 'Ini adalah dana ujian sahaja', '2017-08-23 00:00:00', '0', '43', '332', '1', '0', '2013-04-09 06:48:36');
INSERT INTO `kew_dana` VALUES ('27', 'Testing Dana 56', 'PETRD', 'Testing sahaja', '2017-08-23 00:00:00', '0', '43', '55', '1', '0', '2013-04-09 07:50:38');
INSERT INTO `kew_dana` VALUES ('28', 'MENGURUS', 'DM', 'SMASH', '2017-08-23 00:00:00', '0', '100', '0', '1', '1', '2013-11-18 07:12:53');

-- ----------------------------
-- Table structure for kew_elaun
-- ----------------------------
DROP TABLE IF EXISTS `kew_elaun`;
CREATE TABLE `kew_elaun` (
  `id` int(11) NOT NULL AUTO_INCREMENT,
  `name` varchar(254) NOT NULL,
  `code` varchar(254) NOT NULL,
  `dana_source_id` int(11) DEFAULT NULL,
  `program_id` int(11) DEFAULT NULL,
  `peringkat_id` int(11) NOT NULL,
  `deduction_frequency` int(11) NOT NULL,
  `description` varchar(254) DEFAULT NULL,
  `amount` float NOT NULL DEFAULT '0',
  `peserta_id` int(11) NOT NULL,
  `kew_batch_id` int(11) NOT NULL,
  `type` int(11) NOT NULL,
  `status` int(1) NOT NULL DEFAULT '1',
  `is_verified` int(11) NOT NULL,
  `verified_by` int(11) NOT NULL,
  `verified_date` datetime NOT NULL,
  `flag` int(1) NOT NULL DEFAULT '1',
  `date_log` timestamp NOT NULL DEFAULT CURRENT_TIMESTAMP,
  PRIMARY KEY (`id`)
) ENGINE=InnoDB AUTO_INCREMENT=10 DEFAULT CHARSET=utf8 COMMENT='Untuk Elaun Pelatih';

-- ----------------------------
-- Records of kew_elaun
-- ----------------------------
INSERT INTO `kew_elaun` VALUES ('1', 'Elaun Sarahidup 5', 'ES05', '1', '1', '1', '2', '-', '2300', '0', '0', '0', '1', '0', '0', '2017-08-23 00:00:00', '1', '2012-10-05 07:10:15');
INSERT INTO `kew_elaun` VALUES ('2', 'Elaun Tambang Gantian', 'EG03', '11', '2', '1', '2', '-', '350', '0', '0', '0', '1', '0', '0', '2017-08-23 00:00:00', '1', '2012-10-05 07:10:54');
INSERT INTO `kew_elaun` VALUES ('3', 'Elaun Entiti', 'ET01', '12', '1', '1', '3', '-', '566', '0', '0', '0', '1', '0', '0', '2017-08-23 00:00:00', '1', '2012-10-05 07:11:38');
INSERT INTO `kew_elaun` VALUES ('4', 'Elaun Sarahidup 200', 'ES01', '1', '2', '1', '1', '-', '200', '0', '0', '0', '1', '0', '0', '2017-08-23 00:00:00', '1', '2012-10-09 09:04:49');
INSERT INTO `kew_elaun` VALUES ('5', 'Elaun Sarahidup (SMASH)', 'ES07', '1', '2', '10', '1', '-', '100', '0', '0', '0', '1', '0', '0', '2017-08-23 00:00:00', '1', '2012-10-09 09:06:08');
INSERT INTO `kew_elaun` VALUES ('6', 'Testing elaun 2', 'ESTT2', '5', '1', '1', '2', 'tiada', '43', '0', '0', '0', '0', '0', '0', '2017-08-23 00:00:00', '1', '2013-04-09 08:02:16');
INSERT INTO `kew_elaun` VALUES ('7', 'LANJUTAN SEPENUH MASA', 'LJNFT', '1', '2', '1', '1', 'ELAUN LANJUTAN SEPENUH MASA', '200', '0', '0', '0', '1', '0', '0', '2017-08-23 00:00:00', '1', '2014-04-07 03:12:11');
INSERT INTO `kew_elaun` VALUES ('8', 'LANJUTAN SEPENUH MASA', 'ES08', '1', '2', '1', '1', 'ELAUN LANJUTAN SEPENUH MASA', '200', '0', '0', '0', '1', '0', '0', '2017-08-23 00:00:00', '1', '2014-04-07 03:14:18');
INSERT INTO `kew_elaun` VALUES ('9', 'ELAUN LANJUTAN SMASH', 'ES09', '1', '2', '11', '1', 'ELAUN LANJUTAN SEPENUH MASA SEPARUH HARI', '100', '0', '0', '0', '1', '0', '0', '2017-08-23 00:00:00', '1', '2014-06-18 06:09:05');

-- ----------------------------
-- Table structure for kew_kod_kombinasi
-- ----------------------------
DROP TABLE IF EXISTS `kew_kod_kombinasi`;
CREATE TABLE `kew_kod_kombinasi` (
  `id` int(11) NOT NULL AUTO_INCREMENT,
  `name` varchar(250) DEFAULT NULL,
  `code_combination_name` varchar(254) NOT NULL,
  `dana_id` int(11) NOT NULL,
  `program_id` int(11) NOT NULL,
  `peringkat_id` int(11) NOT NULL,
  `negara_code` varchar(2) NOT NULL DEFAULT '',
  `elaun_id` int(11) NOT NULL,
  `status` int(1) NOT NULL DEFAULT '1',
  `flag` int(1) NOT NULL DEFAULT '1',
  `date_log` timestamp NOT NULL DEFAULT CURRENT_TIMESTAMP,
  PRIMARY KEY (`id`),
  KEY `elaun_id` (`elaun_id`),
  CONSTRAINT `kew_kod_kombinasi_ibfk_1` FOREIGN KEY (`elaun_id`) REFERENCES `kew_elaun` (`id`)
) ENGINE=InnoDB AUTO_INCREMENT=11 DEFAULT CHARSET=utf8;

-- ----------------------------
-- Records of kew_kod_kombinasi
-- ----------------------------
INSERT INTO `kew_kod_kombinasi` VALUES ('1', '', '[KKLW][123][PKHSS][MY][ET01]', '4', '2', '3', 'MY', '3', '1', '0', '2013-03-19 04:22:29');
INSERT INTO `kew_kod_kombinasi` VALUES ('2', 'LATIHAN 1 MALAYSIA', '[KKLW][LOM][SJLFT][MY][ET01]', '4', '8', '1', 'MY', '3', '1', '0', '2013-03-19 04:23:20');
INSERT INTO `kew_kod_kombinasi` VALUES ('3', 'ELAUN SARA HIDUP RM200', '[DM][123][SJLFT][MY][ES01]', '1', '15', '1', 'MY', '4', '1', '1', '2013-03-19 04:28:59');
INSERT INTO `kew_kod_kombinasi` VALUES ('4', '', '[DM][123][SJLFT][MY][ES01]', '1', '2', '1', 'MY', '5', '1', '0', '2013-03-25 07:31:26');
INSERT INTO `kew_kod_kombinasi` VALUES ('5', '', '[EPU][PBR][PKHWL][MP][ES05]', '5', '9', '4', 'MP', '1', '1', '0', '2013-04-10 01:05:20');
INSERT INTO `kew_kod_kombinasi` VALUES ('6', '', '[DM][122][SJLFT][MY][ET01]', '1', '1', '1', 'MY', '3', '1', '0', '2013-05-21 07:46:33');
INSERT INTO `kew_kod_kombinasi` VALUES ('7', 'SMASH', '[DM][123][SMASH][MY][ES07]', '1', '2', '10', 'MY', '5', '1', '1', '2013-11-18 07:24:36');
INSERT INTO `kew_kod_kombinasi` VALUES ('8', 'LANJUTAN SEPENUH MASA / INKUBATOR / INPLACE', '[DM][123][LJNFT][MY][ET01]', '1', '2', '6', 'MY', '3', '1', '0', '2014-04-07 03:21:44');
INSERT INTO `kew_kod_kombinasi` VALUES ('10', 'LANJUTAN SMASH', '[DM][123][LSMASH][MY][ES09]', '1', '2', '11', 'MY', '9', '1', '0', '2014-06-18 06:12:18');

-- ----------------------------
-- Table structure for kew_negara
-- ----------------------------
DROP TABLE IF EXISTS `kew_negara`;
CREATE TABLE `kew_negara` (
  `IC_UID` varchar(2) NOT NULL DEFAULT '',
  `IC_NAME` varchar(255) DEFAULT NULL,
  `IC_SORT_ORDER` varchar(255) DEFAULT NULL,
  PRIMARY KEY (`IC_UID`)
) ENGINE=MyISAM DEFAULT CHARSET=utf8;

-- ----------------------------
-- Records of kew_negara
-- ----------------------------
INSERT INTO `kew_negara` VALUES ('AD', 'Andorra', '\r');
INSERT INTO `kew_negara` VALUES ('AE', 'United Arab Emirates', '\r');
INSERT INTO `kew_negara` VALUES ('AF', 'Afghanistan', '\r');
INSERT INTO `kew_negara` VALUES ('AG', 'Antigua and Barbuda', '\r');
INSERT INTO `kew_negara` VALUES ('AI', 'Anguilla', '\r');
INSERT INTO `kew_negara` VALUES ('AL', 'Albania', 'Albanian sorting order: a-c, , d, dh, e, , f-g, gj, h-l, ll, m-n, nj, o-r, rr, s, sh, t, th, u-x, xh, y-z, zh\r');
INSERT INTO `kew_negara` VALUES ('AM', 'Armenia', '\r');
INSERT INTO `kew_negara` VALUES ('AN', 'Netherlands Antilles', '\r');
INSERT INTO `kew_negara` VALUES ('AO', 'Angola', '\r');
INSERT INTO `kew_negara` VALUES ('AQ', 'Antarctica', '\r');
INSERT INTO `kew_negara` VALUES ('AR', 'Argentina', 'Spanish sorting order: a-c, ch, d-l, ll, m-n, , o-z\r');
INSERT INTO `kew_negara` VALUES ('AS', 'American Samoa', '\r');
INSERT INTO `kew_negara` VALUES ('AT', 'Austria', '\r');
INSERT INTO `kew_negara` VALUES ('AU', 'Australia', '\r');
INSERT INTO `kew_negara` VALUES ('AW', 'Aruba', '\r');
INSERT INTO `kew_negara` VALUES ('AZ', 'Azerbaijan', '\r');
INSERT INTO `kew_negara` VALUES ('BA', 'Bosnia and Herzegovina', '\r');
INSERT INTO `kew_negara` VALUES ('BB', 'Barbados', '\r');
INSERT INTO `kew_negara` VALUES ('BD', 'Bangladesh', '\r');
INSERT INTO `kew_negara` VALUES ('BE', 'Belgium', '\r');
INSERT INTO `kew_negara` VALUES ('BF', 'Burkina Faso', '\r');
INSERT INTO `kew_negara` VALUES ('BG', 'Bulgaria', '\r');
INSERT INTO `kew_negara` VALUES ('BH', 'Bahrain', '\r');
INSERT INTO `kew_negara` VALUES ('BI', 'Burundi', '\r');
INSERT INTO `kew_negara` VALUES ('BJ', 'Benin', '\r');
INSERT INTO `kew_negara` VALUES ('BM', 'Bermuda', '\r');
INSERT INTO `kew_negara` VALUES ('BN', 'Brunei Darussalam', '\r');
INSERT INTO `kew_negara` VALUES ('BO', 'Bolivia', 'Spanish sorting order: a-c, ch, d-l, ll, m-n, , o-z\r');
INSERT INTO `kew_negara` VALUES ('BR', 'Brazil', '\r');
INSERT INTO `kew_negara` VALUES ('BS', 'Bahamas', null);
INSERT INTO `kew_negara` VALUES ('BT', 'Bhutan', null);
INSERT INTO `kew_negara` VALUES ('BW', 'Botswana', null);
INSERT INTO `kew_negara` VALUES ('BY', 'Belarus', null);
INSERT INTO `kew_negara` VALUES ('BZ', 'Belize', null);
INSERT INTO `kew_negara` VALUES ('CA', 'Canada', null);
INSERT INTO `kew_negara` VALUES ('CC', 'Cocos (Keeling) Islands', null);
INSERT INTO `kew_negara` VALUES ('CD', 'Congo, The Democratic Republic of the', null);
INSERT INTO `kew_negara` VALUES ('CF', 'Central African Republic', null);
INSERT INTO `kew_negara` VALUES ('CG', 'Congo', null);
INSERT INTO `kew_negara` VALUES ('CH', 'Switzerland', null);
INSERT INTO `kew_negara` VALUES ('CK', 'Cook Islands', null);
INSERT INTO `kew_negara` VALUES ('CL', 'Chile', null);
INSERT INTO `kew_negara` VALUES ('CM', 'Cameroon', null);
INSERT INTO `kew_negara` VALUES ('CN', 'China', null);
INSERT INTO `kew_negara` VALUES ('CO', 'Colombia', 'Spanish sorting order: a-c, ch, d-l, ll, m-n, , o-z\r');
INSERT INTO `kew_negara` VALUES ('CR', 'Costa Rica', '\r');
INSERT INTO `kew_negara` VALUES ('CS', 'Serbia and Montenegro', null);
INSERT INTO `kew_negara` VALUES ('CU', 'Cuba', '\r');
INSERT INTO `kew_negara` VALUES ('CV', 'Cape Verde', '\r');
INSERT INTO `kew_negara` VALUES ('CX', 'Christmas Island', '\r');
INSERT INTO `kew_negara` VALUES ('CY', 'Cyprus', '\r');
INSERT INTO `kew_negara` VALUES ('CZ', 'Czech Republic', '\r');
INSERT INTO `kew_negara` VALUES ('DE', 'Germany', '\r');
INSERT INTO `kew_negara` VALUES ('DJ', 'Djibouti', '\r');
INSERT INTO `kew_negara` VALUES ('DK', 'Denmark', 'a-z, ,,\r');
INSERT INTO `kew_negara` VALUES ('DM', 'Dominica', '\r');
INSERT INTO `kew_negara` VALUES ('DO', 'Dominican Republic', '\r');
INSERT INTO `kew_negara` VALUES ('DZ', 'Algeria', '\r');
INSERT INTO `kew_negara` VALUES ('EC', 'Ecuador', '\r');
INSERT INTO `kew_negara` VALUES ('EE', 'Estonia', 'Estonian sorting order: a-s, s, z, z,t-v,, , , \r');
INSERT INTO `kew_negara` VALUES ('EG', 'Egypt', '\r');
INSERT INTO `kew_negara` VALUES ('EH', 'Western Sahara', '\r');
INSERT INTO `kew_negara` VALUES ('ER', 'Eritrea', '\r');
INSERT INTO `kew_negara` VALUES ('ES', 'Spain', '\r');
INSERT INTO `kew_negara` VALUES ('ET', 'Ethiopia', '\r');
INSERT INTO `kew_negara` VALUES ('FI', 'Finland', 'Finnish and Swedish sorting order: a-z,  , , \r');
INSERT INTO `kew_negara` VALUES ('FJ', 'Fiji', '\r');
INSERT INTO `kew_negara` VALUES ('FK', 'Falkland Islands (Malvinas)', '\r');
INSERT INTO `kew_negara` VALUES ('FM', 'Micronesia, Federated States of', '\r');
INSERT INTO `kew_negara` VALUES ('FO', 'Faroe Islands', '\r');
INSERT INTO `kew_negara` VALUES ('FR', 'France', '\r');
INSERT INTO `kew_negara` VALUES ('GA', 'Gabon', '\r');
INSERT INTO `kew_negara` VALUES ('GB', 'United Kingdom', '\r');
INSERT INTO `kew_negara` VALUES ('GD', 'Grenada', '\r');
INSERT INTO `kew_negara` VALUES ('GE', 'Georgia', '\r');
INSERT INTO `kew_negara` VALUES ('GF', 'French Guiana', '\r');
INSERT INTO `kew_negara` VALUES ('GG', 'Guernsey', null);
INSERT INTO `kew_negara` VALUES ('GH', 'Ghana', '\r');
INSERT INTO `kew_negara` VALUES ('GI', 'Gibraltar', null);
INSERT INTO `kew_negara` VALUES ('GL', 'Greenland', null);
INSERT INTO `kew_negara` VALUES ('GM', 'Gambia', null);
INSERT INTO `kew_negara` VALUES ('GN', 'Guinea', null);
INSERT INTO `kew_negara` VALUES ('GP', 'Guadeloupe', null);
INSERT INTO `kew_negara` VALUES ('GQ', 'Equatorial Guinea', null);
INSERT INTO `kew_negara` VALUES ('GR', 'Greece', null);
INSERT INTO `kew_negara` VALUES ('GS', 'South Georgia and the South Sandwich Islands', null);
INSERT INTO `kew_negara` VALUES ('GT', 'Guatemala', null);
INSERT INTO `kew_negara` VALUES ('GU', 'Guam', null);
INSERT INTO `kew_negara` VALUES ('GW', 'Guinea-Bissau', null);
INSERT INTO `kew_negara` VALUES ('GY', 'Guyana', null);
INSERT INTO `kew_negara` VALUES ('HK', 'Hong Kong', null);
INSERT INTO `kew_negara` VALUES ('HM', 'Heard Island and McDonald Islands', null);
INSERT INTO `kew_negara` VALUES ('HN', 'Honduras', null);
INSERT INTO `kew_negara` VALUES ('HR', 'Croatia', null);
INSERT INTO `kew_negara` VALUES ('HT', 'Haiti', null);
INSERT INTO `kew_negara` VALUES ('HU', 'Hungary', null);
INSERT INTO `kew_negara` VALUES ('ID', 'Indonesia', null);
INSERT INTO `kew_negara` VALUES ('IE', 'Ireland', null);
INSERT INTO `kew_negara` VALUES ('IL', 'Israel', null);
INSERT INTO `kew_negara` VALUES ('IM', 'Isle of Man', null);
INSERT INTO `kew_negara` VALUES ('IN', 'India', null);
INSERT INTO `kew_negara` VALUES ('IO', 'British Indian Ocean Territory', null);
INSERT INTO `kew_negara` VALUES ('IQ', 'Iraq', null);
INSERT INTO `kew_negara` VALUES ('IR', 'Iran, Islamic Republic of', null);
INSERT INTO `kew_negara` VALUES ('IS', 'Iceland', null);
INSERT INTO `kew_negara` VALUES ('IT', 'Italy', null);
INSERT INTO `kew_negara` VALUES ('JE', 'Jersey', null);
INSERT INTO `kew_negara` VALUES ('JM', 'Jamaica', null);
INSERT INTO `kew_negara` VALUES ('JO', 'Jordan', null);
INSERT INTO `kew_negara` VALUES ('JP', 'Japan', null);
INSERT INTO `kew_negara` VALUES ('KE', 'Kenya', null);
INSERT INTO `kew_negara` VALUES ('KG', 'Kyrgyzstan', null);
INSERT INTO `kew_negara` VALUES ('KH', 'Cambodia', null);
INSERT INTO `kew_negara` VALUES ('KI', 'Kiribati', null);
INSERT INTO `kew_negara` VALUES ('KM', 'Comoros', null);
INSERT INTO `kew_negara` VALUES ('KN', 'Saint Kitts and Nevis', null);
INSERT INTO `kew_negara` VALUES ('KP', 'Korea, Democratic People\'s Republic of', null);
INSERT INTO `kew_negara` VALUES ('KR', 'Korea, Republic of', null);
INSERT INTO `kew_negara` VALUES ('KW', 'Kuwait', null);
INSERT INTO `kew_negara` VALUES ('KY', 'Cayman Islands', null);
INSERT INTO `kew_negara` VALUES ('KZ', 'Kazakhstan', null);
INSERT INTO `kew_negara` VALUES ('LA', 'Lao People\'s Democratic Republic', null);
INSERT INTO `kew_negara` VALUES ('LB', 'Lebanon', null);
INSERT INTO `kew_negara` VALUES ('LC', 'Saint Lucia', null);
INSERT INTO `kew_negara` VALUES ('LI', 'Liechtenstein', null);
INSERT INTO `kew_negara` VALUES ('LK', 'Sri Lanka', null);
INSERT INTO `kew_negara` VALUES ('LR', 'Liberia', null);
INSERT INTO `kew_negara` VALUES ('LS', 'Lesotho', null);
INSERT INTO `kew_negara` VALUES ('LT', 'Lithuania', null);
INSERT INTO `kew_negara` VALUES ('LU', 'Luxembourg', null);
INSERT INTO `kew_negara` VALUES ('LV', 'Latvia', 'Latvian sorting order: a, ?, b-c, ?, ch, d, dz, e, ?, f-g, g?, h-I, ?, ie, j-k, ?, l, ?, m-n, ?, o, ?, p-r, ?, s, , t, u, ?, v, z, \r');
INSERT INTO `kew_negara` VALUES ('LY', 'Libyan Arab Jamahiriya', '\r');
INSERT INTO `kew_negara` VALUES ('MA', 'Morocco', '\r');
INSERT INTO `kew_negara` VALUES ('MC', 'Monaco', '\r');
INSERT INTO `kew_negara` VALUES ('MD', 'Moldova, Republic of', '\r');
INSERT INTO `kew_negara` VALUES ('ME', 'Montenegro', null);
INSERT INTO `kew_negara` VALUES ('MG', 'Madagascar', '\r');
INSERT INTO `kew_negara` VALUES ('MH', 'Marshall Islands', '\r');
INSERT INTO `kew_negara` VALUES ('MK', 'Macedonia, The former Yugoslav Republic of', 'Macedonian sorting order: a-c, ?, d-s, , t-z, \r');
INSERT INTO `kew_negara` VALUES ('ML', 'Mali', '\r');
INSERT INTO `kew_negara` VALUES ('MM', 'Myanmar', '\r');
INSERT INTO `kew_negara` VALUES ('MN', 'Mongolia', '\r');
INSERT INTO `kew_negara` VALUES ('MO', 'Macao', '\r');
INSERT INTO `kew_negara` VALUES ('MP', 'Northern Mariana Islands', '\r');
INSERT INTO `kew_negara` VALUES ('MQ', 'Martinique', '\r');
INSERT INTO `kew_negara` VALUES ('MR', 'Mauritania', '\r');
INSERT INTO `kew_negara` VALUES ('MS', 'Montserrat', '\r');
INSERT INTO `kew_negara` VALUES ('MT', 'Malta', '\r');
INSERT INTO `kew_negara` VALUES ('MU', 'Mauritius', '\r');
INSERT INTO `kew_negara` VALUES ('MV', 'Maldives', '\r');
INSERT INTO `kew_negara` VALUES ('MW', 'Malawi', '\r');
INSERT INTO `kew_negara` VALUES ('MX', 'Mexico', 'Spanish sorting order: a-c, ch, d-l, ll, m-n, , o-z\r');
INSERT INTO `kew_negara` VALUES ('MY', 'Malaysia', '\r');
INSERT INTO `kew_negara` VALUES ('MZ', 'Mozambique', '\r');
INSERT INTO `kew_negara` VALUES ('NA', 'Namibia', '\r');
INSERT INTO `kew_negara` VALUES ('NC', 'New Caledonia', '\r');
INSERT INTO `kew_negara` VALUES ('NE', 'Niger', '\r');
INSERT INTO `kew_negara` VALUES ('NF', 'Norfolk Island', '\r');
INSERT INTO `kew_negara` VALUES ('NG', 'Nigeria', '\r');
INSERT INTO `kew_negara` VALUES ('NI', 'Nicaragua', '\r');
INSERT INTO `kew_negara` VALUES ('NL', 'Netherlands', '\r');
INSERT INTO `kew_negara` VALUES ('NO', 'Norway', 'Norwegian sorting order: a-z, , , \r');
INSERT INTO `kew_negara` VALUES ('NP', 'Nepal', null);
INSERT INTO `kew_negara` VALUES ('NR', 'Nauru', null);
INSERT INTO `kew_negara` VALUES ('NU', 'Niue', null);
INSERT INTO `kew_negara` VALUES ('NZ', 'New Zealand', null);
INSERT INTO `kew_negara` VALUES ('OM', 'Oman', null);
INSERT INTO `kew_negara` VALUES ('PA', 'Panama', null);
INSERT INTO `kew_negara` VALUES ('PE', 'Peru', null);
INSERT INTO `kew_negara` VALUES ('PF', 'French Polynesia', null);
INSERT INTO `kew_negara` VALUES ('PG', 'Papua New Guinea', null);
INSERT INTO `kew_negara` VALUES ('PH', 'Philippines', null);
INSERT INTO `kew_negara` VALUES ('PK', 'Pakistan', null);
INSERT INTO `kew_negara` VALUES ('PL', 'Poland', null);
INSERT INTO `kew_negara` VALUES ('PM', 'Saint Pierre and Miquelon', null);
INSERT INTO `kew_negara` VALUES ('PN', 'Pitcairn', null);
INSERT INTO `kew_negara` VALUES ('PR', 'Puerto Rico', null);
INSERT INTO `kew_negara` VALUES ('PT', 'Portugal', null);
INSERT INTO `kew_negara` VALUES ('PW', 'Palau', '\r');
INSERT INTO `kew_negara` VALUES ('PY', 'Paraguay', '\r');
INSERT INTO `kew_negara` VALUES ('QA', 'Qatar', '\r');
INSERT INTO `kew_negara` VALUES ('RE', 'Reunion', '');
INSERT INTO `kew_negara` VALUES ('RO', 'Romania', '\r');
INSERT INTO `kew_negara` VALUES ('RS', 'Serbia', null);
INSERT INTO `kew_negara` VALUES ('RU', 'Russian Federation', '\r');
INSERT INTO `kew_negara` VALUES ('RW', 'Rwanda', '\r');
INSERT INTO `kew_negara` VALUES ('SA', 'Saudi Arabia', '\r');
INSERT INTO `kew_negara` VALUES ('SB', 'Solomon Islands', '\r');
INSERT INTO `kew_negara` VALUES ('SC', 'Seychelles', '\r');
INSERT INTO `kew_negara` VALUES ('SD', 'Sudan', '\r');
INSERT INTO `kew_negara` VALUES ('SE', 'Sweden', 'a-z, , , \r');
INSERT INTO `kew_negara` VALUES ('SG', 'Singapore', '\r');
INSERT INTO `kew_negara` VALUES ('SH', 'Saint Helena', '\r');
INSERT INTO `kew_negara` VALUES ('SI', 'Slovenia', '\r');
INSERT INTO `kew_negara` VALUES ('SJ', 'Svalbard and Jan Mayen', '\r');
INSERT INTO `kew_negara` VALUES ('SK', 'Slovakia', '\r');
INSERT INTO `kew_negara` VALUES ('SL', 'Sierra Leone', '\r');
INSERT INTO `kew_negara` VALUES ('SM', 'San Marino', '\r');
INSERT INTO `kew_negara` VALUES ('SN', 'Senegal', null);
INSERT INTO `kew_negara` VALUES ('SO', 'Somalia', null);
INSERT INTO `kew_negara` VALUES ('SR', 'Suriname', null);
INSERT INTO `kew_negara` VALUES ('ST', 'Sao Tome and Principe', null);
INSERT INTO `kew_negara` VALUES ('SV', 'El Salvador', null);
INSERT INTO `kew_negara` VALUES ('SY', 'Syrian Arab Republic', null);
INSERT INTO `kew_negara` VALUES ('SZ', 'Swaziland', null);
INSERT INTO `kew_negara` VALUES ('TC', 'Turks and Caicos Islands', null);
INSERT INTO `kew_negara` VALUES ('TD', 'Chad', null);
INSERT INTO `kew_negara` VALUES ('TF', 'French Southern Territories', null);
INSERT INTO `kew_negara` VALUES ('TG', 'Togo', null);
INSERT INTO `kew_negara` VALUES ('TH', 'Thailand', null);
INSERT INTO `kew_negara` VALUES ('TJ', 'Tajikistan', null);
INSERT INTO `kew_negara` VALUES ('TK', 'Tokelau', null);
INSERT INTO `kew_negara` VALUES ('TL', 'Timor-Leste', '\r');
INSERT INTO `kew_negara` VALUES ('TM', 'Turkmenistan', '\r');
INSERT INTO `kew_negara` VALUES ('TN', 'Tunisia', '\r');
INSERT INTO `kew_negara` VALUES ('TO', 'Tonga', '\r');
INSERT INTO `kew_negara` VALUES ('TR', 'Turkey', 'Tuskish sorting order: a-c, , d-g, g, h,I, I-o, , p-s, s, t-u, , v-z\r');
INSERT INTO `kew_negara` VALUES ('TT', 'Trinidad and Tobago', '\r');
INSERT INTO `kew_negara` VALUES ('TV', 'Tuvalu', '\r');
INSERT INTO `kew_negara` VALUES ('TW', 'Taiwan, Province of China', '\r');
INSERT INTO `kew_negara` VALUES ('TZ', 'Tanzania, United Republic of', '\r');
INSERT INTO `kew_negara` VALUES ('UA', 'Ukraine', '\r');
INSERT INTO `kew_negara` VALUES ('UG', 'Uganda', '\r');
INSERT INTO `kew_negara` VALUES ('UM', 'United States Minor Outlying Islands', '\r');
INSERT INTO `kew_negara` VALUES ('US', 'United States', '\r');
INSERT INTO `kew_negara` VALUES ('UY', 'Uruguay', '\r');
INSERT INTO `kew_negara` VALUES ('UZ', 'Uzbekistan', '\r');
INSERT INTO `kew_negara` VALUES ('VA', 'Holy See (Vatican City State)', '\r');
INSERT INTO `kew_negara` VALUES ('VC', 'Saint Vincent and the Grenadines', null);
INSERT INTO `kew_negara` VALUES ('VE', 'Venezuela', null);
INSERT INTO `kew_negara` VALUES ('VG', 'Virgin Islands, British', null);
INSERT INTO `kew_negara` VALUES ('VI', 'Virgin Islands, U.S.', null);
INSERT INTO `kew_negara` VALUES ('VN', 'Viet Nam', null);
INSERT INTO `kew_negara` VALUES ('VU', 'Vanuatu', null);
INSERT INTO `kew_negara` VALUES ('WF', 'Wallis and Futuna', null);
INSERT INTO `kew_negara` VALUES ('WS', 'Samoa', null);
INSERT INTO `kew_negara` VALUES ('XZ', 'Installations in International Waters', null);
INSERT INTO `kew_negara` VALUES ('YE', 'Yemen', null);
INSERT INTO `kew_negara` VALUES ('YT', 'Mayotte', null);
INSERT INTO `kew_negara` VALUES ('ZA', 'South Africa', null);
INSERT INTO `kew_negara` VALUES ('ZM', 'Zambia', null);
INSERT INTO `kew_negara` VALUES ('ZW', 'Zimbabwe', null);

-- ----------------------------
-- Table structure for kew_peringkat
-- ----------------------------
DROP TABLE IF EXISTS `kew_peringkat`;
CREATE TABLE `kew_peringkat` (
  `id` int(11) NOT NULL AUTO_INCREMENT,
  `name` varchar(254) NOT NULL,
  `peringkat_code` varchar(11) NOT NULL,
  `description` varchar(254) NOT NULL,
  `status` int(1) NOT NULL DEFAULT '1',
  `flag` int(1) NOT NULL DEFAULT '1' COMMENT 'Defined whether a peringkat is deleted or not',
  `date_log` timestamp NOT NULL DEFAULT CURRENT_TIMESTAMP,
  PRIMARY KEY (`id`)
) ENGINE=InnoDB AUTO_INCREMENT=12 DEFAULT CHARSET=utf8;

-- ----------------------------
-- Records of kew_peringkat
-- ----------------------------
INSERT INTO `kew_peringkat` VALUES ('1', 'Sijil Sepenuh Masa', 'SJLFT', 'Untuk sijil sepenuh masa', '1', '1', '2012-09-27 02:17:41');
INSERT INTO `kew_peringkat` VALUES ('2', 'Program Khas - Welding Sahaja', 'PKHWD', '-', '1', '1', '2012-09-27 02:40:21');
INSERT INTO `kew_peringkat` VALUES ('3', 'Program Khas - Sabah & Sarawak', 'PKHSS', '-', '1', '1', '2012-09-27 03:26:47');
INSERT INTO `kew_peringkat` VALUES ('4', 'Program Khas - W.P. Labuan', 'PKHWL', '-', '1', '1', '2012-09-27 06:49:59');
INSERT INTO `kew_peringkat` VALUES ('5', 'Program Khas - Semenanjung', 'PKHSM', '-', '1', '1', '2012-09-27 06:50:19');
INSERT INTO `kew_peringkat` VALUES ('6', 'Lanjutan Sepenuh Masa', 'LJNFT', '-', '1', '1', '2012-09-27 06:50:40');
INSERT INTO `kew_peringkat` VALUES ('7', 'Program Khas - Sepenuh Masa', 'PKHFT', '-', '1', '1', '2012-09-27 06:51:02');
INSERT INTO `kew_peringkat` VALUES ('8', 'Program Khas - PUTEK', 'PUTEK', '-', '1', '1', '2012-09-27 06:51:20');
INSERT INTO `kew_peringkat` VALUES ('9', 'Testing 1', 'ffff', 'dsf', '1', '0', '2013-04-18 04:09:32');
INSERT INTO `kew_peringkat` VALUES ('10', 'SIJIL SEPENUH MASA SEPARUH HARI', 'SMASH', 'SMASH', '1', '1', '2013-11-18 07:15:55');
INSERT INTO `kew_peringkat` VALUES ('11', 'LANJUTAN SMASH', 'LSMASH', 'LANJUTAN SEPENUH MASA SEPARUH HARI', '1', '1', '2014-06-18 05:55:43');

-- ----------------------------
-- Table structure for kew_potongan
-- ----------------------------
DROP TABLE IF EXISTS `kew_potongan`;
CREATE TABLE `kew_potongan` (
  `id` int(11) NOT NULL AUTO_INCREMENT,
  `name` varchar(254) NOT NULL,
  `code` varchar(254) NOT NULL,
  `dana_source_id` int(11) DEFAULT NULL,
  `program_id` int(11) DEFAULT NULL,
  `peringkat_id` int(11) NOT NULL,
  `description` varchar(254) DEFAULT NULL,
  `value_per_unit` float(5,2) NOT NULL DEFAULT '0.00',
  `enable_formula` int(1) DEFAULT '0' COMMENT 'Whether enable basic formula or not',
  `type` int(11) NOT NULL,
  `status` int(1) NOT NULL DEFAULT '1',
  `is_verified` int(11) NOT NULL,
  `verified_by` int(11) NOT NULL,
  `verified_date` datetime NOT NULL,
  `deduction_frequency` int(1) NOT NULL,
  `default_selected` int(1) NOT NULL DEFAULT '0',
  `flag` int(1) NOT NULL DEFAULT '1',
  `date_log` timestamp NOT NULL DEFAULT CURRENT_TIMESTAMP,
  PRIMARY KEY (`id`)
) ENGINE=InnoDB AUTO_INCREMENT=16 DEFAULT CHARSET=utf8 COMMENT='Untuk Potongan Pelatih (Borang 7A)';

-- ----------------------------
-- Records of kew_potongan
-- ----------------------------
INSERT INTO `kew_potongan` VALUES ('1', 'Uniform (1 Helai)', 'UFM1', '1', '2', '1', 'Uniform wajib', '19.00', '0', '0', '1', '0', '0', '2017-08-23 00:00:00', '3', '0', '1', '2012-10-05 07:12:19');
INSERT INTO `kew_potongan` VALUES ('2', 'Uniform (2 Helai)', 'UFM2', '1', '2', '1', 'Untuk tambahan uniform sahaja', '38.00', '0', '0', '1', '0', '0', '2017-08-23 00:00:00', '3', '0', '1', '2012-10-05 07:13:15');
INSERT INTO `kew_potongan` VALUES ('3', 'Insuran', 'INS3', '1', '2', '1', 'POTONGAN INSURAN YPM', '9.00', '0', '0', '1', '0', '0', '2017-08-23 00:00:00', '3', '1', '0', '2015-05-22 00:06:54');
INSERT INTO `kew_potongan` VALUES ('4', 'Denda Tidak Hadir', 'DTH1', '1', '2', '1', 'Kiraan secara manual oleh Pengurus Pusat.', '6.60', '1', '0', '0', '0', '0', '2017-08-23 00:00:00', '4', '0', '0', '2013-02-27 03:43:39');
INSERT INTO `kew_potongan` VALUES ('12', 'Denda Tidak Hadir 2', 'DTH2', '28', '15', '10', 'Kiraan secara manual oleh Pengurus Pusat. ', '3.30', '0', '0', '0', '0', '0', '2017-08-23 00:00:00', '4', '0', '0', '2013-11-18 07:21:15');
INSERT INTO `kew_potongan` VALUES ('13', 'Uniform (3 Helai)', 'UFM3', '1', '2', '1', 'Kemeja-T Seragam Pelatih (3 Helai) Bermula Januari 2015', '50.00', '0', '0', '1', '0', '0', '2017-08-23 00:00:00', '3', '1', '1', '2014-11-28 02:02:56');
INSERT INTO `kew_potongan` VALUES ('14', 'Insuran', 'INS31', '1', '2', '1', 'POTONGAN INSURAN YPM 1 (MENGURUS )', '9.00', '0', '0', '1', '0', '0', '2017-08-23 00:00:00', '3', '0', '1', '2015-05-21 15:39:57');
INSERT INTO `kew_potongan` VALUES ('15', 'Sijil Kemahiran Malaysia', 'SKM1', '1', '2', '1', 'Yuran Peperiksaan SKM', '100.00', '0', '0', '1', '0', '0', '2017-08-23 00:00:00', '3', '0', '1', '2015-10-12 00:59:44');

-- ----------------------------
-- Table structure for kew_program_giatmara
-- ----------------------------
DROP TABLE IF EXISTS `kew_program_giatmara`;
CREATE TABLE `kew_program_giatmara` (
  `id` int(12) NOT NULL AUTO_INCREMENT,
  `name` varchar(254) NOT NULL,
  `code` varchar(3) NOT NULL,
  `jabatan_incharge` varchar(254) NOT NULL,
  `description` varchar(254) NOT NULL,
  `status` int(1) NOT NULL DEFAULT '1',
  `flag` int(1) NOT NULL DEFAULT '1',
  `date_log` timestamp NOT NULL DEFAULT CURRENT_TIMESTAMP,
  PRIMARY KEY (`id`)
) ENGINE=InnoDB AUTO_INCREMENT=16 DEFAULT CHARSET=utf8;

-- ----------------------------
-- Records of kew_program_giatmara
-- ----------------------------
INSERT INTO `kew_program_giatmara` VALUES ('1', 'Pembangunan', '122', 'Pelatih', 'Tiada buat masa ini', '1', '1', '2012-09-21 08:47:55');
INSERT INTO `kew_program_giatmara` VALUES ('2', 'Mengurus', '123', 'Pelatih', 'XXX', '1', '1', '2012-09-24 01:56:14');
INSERT INTO `kew_program_giatmara` VALUES ('3', 'LAIN-LAIN PENTADBIRAN DAN OPERASI', 'DLL', 'Tiada', 'Tiada', '1', '1', '2012-09-24 02:06:19');
INSERT INTO `kew_program_giatmara` VALUES ('4', '1 Azam Sarawak', '1AS', 'Pelatih', 'Tiada', '1', '1', '2012-09-24 02:18:37');
INSERT INTO `kew_program_giatmara` VALUES ('5', 'Felda Sabah', 'FLD', 'Pelatih', '-', '1', '1', '2012-09-27 01:11:21');
INSERT INTO `kew_program_giatmara` VALUES ('6', 'JELAJAH 1 MALAYSIA', 'JOM', 'Tiada', 'Tiada', '1', '1', '2012-10-12 09:09:44');
INSERT INTO `kew_program_giatmara` VALUES ('7', 'LATIHAN MENJANA PENDAPATAN - PRE', 'LMP', 'Pelatih', 'Tiada', '1', '1', '2012-10-12 09:10:08');
INSERT INTO `kew_program_giatmara` VALUES ('8', 'LATIHAN 1 MALAYSIA', 'LOM', 'Tiada', 'Tiada', '1', '1', '2012-10-12 09:10:26');
INSERT INTO `kew_program_giatmara` VALUES ('9', 'PROGRAM BANTUAN RUMAH', 'PBR', 'Tiada', 'Tiada', '1', '1', '2012-10-12 09:10:44');
INSERT INTO `kew_program_giatmara` VALUES ('10', 'PELATIH LUAR NEGARA', 'PLN', 'Tiada', 'Tiada', '1', '1', '2012-10-12 09:11:00');
INSERT INTO `kew_program_giatmara` VALUES ('11', 'PINJAMAN/PEMBIAYAAN ANGGOTA KERJA', 'PNJ', 'Tiada', 'Tiada', '1', '1', '2012-10-12 09:11:22');
INSERT INTO `kew_program_giatmara` VALUES ('12', 'PERANTISAN', 'PRN', 'Tiada', 'Tiada', '1', '1', '2012-10-12 09:11:43');
INSERT INTO `kew_program_giatmara` VALUES ('13', 'PPRS SABAH - EPU', 'PRS', 'Tiada', 'Tiada', '1', '1', '2012-10-12 09:11:58');
INSERT INTO `kew_program_giatmara` VALUES ('14', 'PROGRAM PEMBENTUKAN USAHAWAN TEKNIKAL (PUTEK)', 'PUT', 'Tiada', 'Tiada', '1', '1', '2012-10-12 09:12:15');
INSERT INTO `kew_program_giatmara` VALUES ('15', 'MENGURUS', '123', 'PELATIH', 'SMASH', '1', '1', '2013-11-18 07:14:33');

-- ----------------------------
-- Table structure for kurikulum_sijil
-- ----------------------------
DROP TABLE IF EXISTS `kurikulum_sijil`;
CREATE TABLE `kurikulum_sijil` (
  `id` int(10) NOT NULL AUTO_INCREMENT,
  `id_pelatih` int(10) NOT NULL,
  `professional` int(2) NOT NULL,
  `professional_no_sijil` varchar(200) COLLATE utf8mb4_unicode_ci NOT NULL,
  `professional_tarikh_jana` date NOT NULL,
  `kemahiran` int(2) NOT NULL,
  `kemahiran_no_sijil` varchar(200) COLLATE utf8mb4_unicode_ci NOT NULL,
  `kemahiran_tarikh_jana` date NOT NULL,
  `eksekutif` int(2) NOT NULL,
  `eksekutif_no_sijil` varchar(200) COLLATE utf8mb4_unicode_ci NOT NULL,
  `eksekutif_tarikh_jana` date NOT NULL,
  `kemahiranlanjutan` int(2) NOT NULL,
  `kemahiranlanjutan_no_sijil` varchar(200) COLLATE utf8mb4_unicode_ci NOT NULL,
  `kemahiranlanjutan_tarikh_jana` date NOT NULL,
  `dicetak_oleh` int(10) NOT NULL,
  PRIMARY KEY (`id`)
) ENGINE=InnoDB DEFAULT CHARSET=utf8mb4 COLLATE=utf8mb4_unicode_ci;

-- ----------------------------
-- Records of kurikulum_sijil
-- ----------------------------

-- ----------------------------
-- Table structure for login_attempts
-- ----------------------------
DROP TABLE IF EXISTS `login_attempts`;
CREATE TABLE `login_attempts` (
  `id` int(11) unsigned NOT NULL AUTO_INCREMENT,
  `ip_address` varchar(15) NOT NULL,
  `login` varchar(100) NOT NULL,
  `time` int(11) unsigned DEFAULT NULL,
  PRIMARY KEY (`id`)
) ENGINE=InnoDB DEFAULT CHARSET=utf8;

-- ----------------------------
-- Records of login_attempts
-- ----------------------------

-- ----------------------------
-- Table structure for lpp_04
-- ----------------------------
DROP TABLE IF EXISTS `lpp_04`;
CREATE TABLE `lpp_04` (
  `id` int(10) NOT NULL AUTO_INCREMENT,
  `id_pelatih` int(10) NOT NULL,
  `status_jana` int(2) DEFAULT NULL,
  `dijana_oleh` int(10) DEFAULT NULL,
  `dijana_pada` datetime DEFAULT NULL,
  PRIMARY KEY (`id`),
  KEY `id_pelatih` (`id_pelatih`),
  CONSTRAINT `lpp_04_ibfk_1` FOREIGN KEY (`id_pelatih`) REFERENCES `pelatih` (`id_pelatih`)
) ENGINE=InnoDB AUTO_INCREMENT=72 DEFAULT CHARSET=utf8mb4 COLLATE=utf8mb4_unicode_ci;

-- ----------------------------
-- Records of lpp_04
-- ----------------------------
INSERT INTO `lpp_04` VALUES ('2', '16', '1', '35', '2017-10-26 08:07:58');
INSERT INTO `lpp_04` VALUES ('5', '19', null, null, null);
INSERT INTO `lpp_04` VALUES ('8', '22', null, null, null);
INSERT INTO `lpp_04` VALUES ('9', '23', null, null, null);
INSERT INTO `lpp_04` VALUES ('10', '24', null, null, null);
INSERT INTO `lpp_04` VALUES ('11', '25', null, null, null);
INSERT INTO `lpp_04` VALUES ('12', '26', null, null, null);
INSERT INTO `lpp_04` VALUES ('13', '27', null, null, null);
INSERT INTO `lpp_04` VALUES ('14', '28', null, null, null);
INSERT INTO `lpp_04` VALUES ('15', '29', null, null, null);
INSERT INTO `lpp_04` VALUES ('16', '30', null, null, null);
INSERT INTO `lpp_04` VALUES ('17', '31', '1', '88', '2017-10-26 07:45:55');
INSERT INTO `lpp_04` VALUES ('18', '32', '1', '88', '2017-10-26 07:45:55');
INSERT INTO `lpp_04` VALUES ('19', '33', '1', '88', '2017-10-26 07:45:55');
INSERT INTO `lpp_04` VALUES ('20', '34', '1', '88', '2017-10-26 07:45:55');
INSERT INTO `lpp_04` VALUES ('21', '35', '1', '88', '2017-10-26 07:45:55');
INSERT INTO `lpp_04` VALUES ('22', '36', '1', '88', '2017-10-26 07:45:55');
INSERT INTO `lpp_04` VALUES ('23', '37', '1', '88', '2017-10-26 07:45:55');
INSERT INTO `lpp_04` VALUES ('24', '38', '1', '88', '2017-10-26 07:45:55');
INSERT INTO `lpp_04` VALUES ('25', '39', '1', '88', '2017-10-26 07:45:55');
INSERT INTO `lpp_04` VALUES ('26', '40', '1', '88', '2017-10-26 07:45:55');
INSERT INTO `lpp_04` VALUES ('27', '41', '1', '88', '2017-10-26 07:45:55');
INSERT INTO `lpp_04` VALUES ('28', '42', '1', '88', '2017-10-26 07:45:55');
INSERT INTO `lpp_04` VALUES ('29', '43', '1', '88', '2017-10-26 07:45:55');
INSERT INTO `lpp_04` VALUES ('30', '44', '1', '88', '2017-10-26 07:45:55');
INSERT INTO `lpp_04` VALUES ('31', '45', '1', '88', '2017-10-26 07:45:55');
INSERT INTO `lpp_04` VALUES ('32', '46', '1', '88', '2017-10-26 07:45:55');
INSERT INTO `lpp_04` VALUES ('33', '47', '1', '88', '2017-10-26 07:45:55');
INSERT INTO `lpp_04` VALUES ('34', '48', '1', '88', '2017-10-26 07:45:55');
INSERT INTO `lpp_04` VALUES ('35', '49', '1', '88', '2017-10-26 07:45:55');
INSERT INTO `lpp_04` VALUES ('36', '50', '1', '88', '2017-10-26 07:45:55');
INSERT INTO `lpp_04` VALUES ('37', '51', '1', '84', '2017-10-26 06:41:10');
INSERT INTO `lpp_04` VALUES ('38', '53', '1', '84', '2017-10-26 06:41:53');
INSERT INTO `lpp_04` VALUES ('39', '54', '1', '84', '2017-10-26 07:37:38');
INSERT INTO `lpp_04` VALUES ('40', '55', '1', '84', '2017-10-26 07:37:38');
INSERT INTO `lpp_04` VALUES ('41', '56', '1', '84', '2017-10-26 07:37:38');
INSERT INTO `lpp_04` VALUES ('42', '57', '1', '84', '2017-10-26 07:37:38');
INSERT INTO `lpp_04` VALUES ('43', '58', '1', '84', '2017-10-26 07:37:38');
INSERT INTO `lpp_04` VALUES ('44', '59', '1', '84', '2017-10-26 07:37:38');
INSERT INTO `lpp_04` VALUES ('45', '60', '1', '84', '2017-10-26 07:37:38');
INSERT INTO `lpp_04` VALUES ('46', '61', '1', '84', '2017-10-26 07:37:38');
INSERT INTO `lpp_04` VALUES ('47', '62', '1', '84', '2017-10-26 07:37:50');
INSERT INTO `lpp_04` VALUES ('48', '63', '1', '84', '2017-10-26 07:38:28');
INSERT INTO `lpp_04` VALUES ('49', '64', '1', '84', '2017-10-26 07:38:40');
INSERT INTO `lpp_04` VALUES ('50', '65', '1', '84', '2017-10-26 07:39:14');
INSERT INTO `lpp_04` VALUES ('51', '66', '1', '84', '2017-10-26 07:39:24');
INSERT INTO `lpp_04` VALUES ('52', '67', '1', '84', '2017-10-26 07:39:35');
INSERT INTO `lpp_04` VALUES ('53', '68', '1', '84', '2017-10-26 07:39:50');
INSERT INTO `lpp_04` VALUES ('54', '69', null, null, null);
INSERT INTO `lpp_04` VALUES ('55', '70', null, null, null);
INSERT INTO `lpp_04` VALUES ('56', '72', null, null, null);
INSERT INTO `lpp_04` VALUES ('57', '73', null, null, null);
INSERT INTO `lpp_04` VALUES ('58', '74', null, null, null);
INSERT INTO `lpp_04` VALUES ('59', '75', null, null, null);
INSERT INTO `lpp_04` VALUES ('60', '84', null, null, null);
INSERT INTO `lpp_04` VALUES ('61', '85', '1', '84', '2017-10-27 07:59:57');
INSERT INTO `lpp_04` VALUES ('62', '105', null, null, null);
INSERT INTO `lpp_04` VALUES ('63', '106', null, null, null);
INSERT INTO `lpp_04` VALUES ('64', '107', null, null, null);
INSERT INTO `lpp_04` VALUES ('65', '108', null, null, null);
INSERT INTO `lpp_04` VALUES ('66', '110', null, null, null);
INSERT INTO `lpp_04` VALUES ('67', '113', null, null, null);
INSERT INTO `lpp_04` VALUES ('68', '114', null, null, null);
INSERT INTO `lpp_04` VALUES ('69', '115', null, null, null);
INSERT INTO `lpp_04` VALUES ('70', '116', null, null, null);
INSERT INTO `lpp_04` VALUES ('71', '117', null, null, null);

-- ----------------------------
-- Table structure for lpp_06
-- ----------------------------
DROP TABLE IF EXISTS `lpp_06`;
CREATE TABLE `lpp_06` (
  `id` int(10) NOT NULL AUTO_INCREMENT,
  `id_pelatih` int(10) NOT NULL,
  `cara_bayaran_asal` varchar(200) COLLATE utf8mb4_unicode_ci NOT NULL DEFAULT '',
  `cara_bayaran_baru` varchar(200) COLLATE utf8mb4_unicode_ci NOT NULL DEFAULT '',
  `nama_bank_asal` varchar(200) COLLATE utf8mb4_unicode_ci NOT NULL,
  `nama_bank_baru` varchar(200) COLLATE utf8mb4_unicode_ci NOT NULL,
  `no_akaun_asal` varchar(100) COLLATE utf8mb4_unicode_ci NOT NULL,
  `no_akaun_baru` varchar(100) COLLATE utf8mb4_unicode_ci NOT NULL,
  `dihantar_oleh` int(10) NOT NULL,
  `dihantar_pada` datetime NOT NULL,
  `status_jana` int(2) DEFAULT NULL,
  `dijana_oleh` int(10) DEFAULT NULL,
  `dijana_pada` datetime DEFAULT NULL,
  PRIMARY KEY (`id`)
) ENGINE=InnoDB AUTO_INCREMENT=15 DEFAULT CHARSET=utf8mb4 COLLATE=utf8mb4_unicode_ci;

-- ----------------------------
-- Records of lpp_06
-- ----------------------------
INSERT INTO `lpp_06` VALUES ('1', '13', '', '', 'BANK ISLAM MALAYSIA BERHAD', 'AFFIN BANK BERHAD', '123452', '123456', '8', '2017-10-21 13:26:49', '1', '35', '2017-10-21 13:27:31');
INSERT INTO `lpp_06` VALUES ('3', '15', '', '', 'ALLIANCE BANK MALAYSIA BERHAD', 'ALLIANCE ISLAMIC BANK BERHAD', '654545464', '654545464A', '7', '2017-10-23 11:33:02', null, null, null);
INSERT INTO `lpp_06` VALUES ('4', '16', '', '', 'BANK ISLAM MALAYSIA BERHAD', 'ALLIANCE BANK MALAYSIA BERHAD', '45654654646456', '243242432432424234', '59', '2017-10-24 02:52:42', '1', '35', '2017-10-26 08:19:56');
INSERT INTO `lpp_06` VALUES ('5', '17', '', '', 'BANK ISLAM MALAYSIA BERHAD', 'AFFIN BANK BERHAD', '34242424', '1122334455', '59', '2017-10-24 15:52:50', '1', '35', '2017-10-24 15:53:12');
INSERT INTO `lpp_06` VALUES ('6', '23', '', '', 'BANK ISLAM MALAYSIA BERHAD', 'AM BANK BERHAD', '987654321', '12321346543', '64', '2017-10-25 03:56:32', '1', '35', '2017-10-25 04:10:40');
INSERT INTO `lpp_06` VALUES ('7', '21', '', '', 'BANK ISLAM MALAYSIA BERHAD', 'BANK SIMPANAN NASIONAL', '123456789', '012345678', '64', '2017-10-25 03:56:49', '1', '35', '2017-10-25 04:10:47');
INSERT INTO `lpp_06` VALUES ('8', '22', '', '', 'BANK ISLAM MALAYSIA BERHAD', 'AM BANK BERHAD', '12234569', '', '64', '2017-10-25 03:57:42', '1', '35', '2017-10-25 04:10:52');
INSERT INTO `lpp_06` VALUES ('9', '19', '', '', 'MALAYAN BANKING BERHAD', 'BANGKOK BANK', '153010238614', '125543782', '59', '2017-10-25 03:59:14', '1', '35', '2017-10-26 08:19:56');
INSERT INTO `lpp_06` VALUES ('10', '22', '', '', 'BANK ISLAM MALAYSIA BERHAD', 'AM BANK BERHAD', '12234569', '', '64', '2017-10-25 04:09:14', '1', '35', '2017-10-25 04:11:01');
INSERT INTO `lpp_06` VALUES ('11', '23', '', '', 'AM BANK BERHAD', 'AFFIN BANK BERHAD', '12321346543', '123456', '64', '2017-10-25 05:52:57', '1', '35', '2017-10-25 05:54:03');
INSERT INTO `lpp_06` VALUES ('12', '24', '', '', 'CIMB BANK BERHAD', 'AFFIN BANK BERHAD', '1111111111111111', '12345678', '64', '2017-10-25 05:54:23', '1', '35', '2017-10-26 08:19:56');
INSERT INTO `lpp_06` VALUES ('13', '54', '', '', 'CIMB BANK BERHAD', 'AM BANK BERHAD', '123455678', '13456789', '75', '2017-10-26 06:41:36', '1', '84', '2017-10-26 07:34:25');
INSERT INTO `lpp_06` VALUES ('14', '50', '', '', 'MALAYAN BANKING BERHAD', 'CIMB ISLAMIC BANK BHD', '153010233333', '153010233333', '79', '2017-10-26 06:42:21', '1', '88', '2017-10-26 06:52:24');

-- ----------------------------
-- Table structure for lpp_08
-- ----------------------------
DROP TABLE IF EXISTS `lpp_08`;
CREATE TABLE `lpp_08` (
  `id` int(10) NOT NULL AUTO_INCREMENT,
  `id_pelatih` int(10) NOT NULL,
  `status_baru` int(10) NOT NULL,
  `tarikh_kuatkuasa` date NOT NULL,
  `dihantar_oleh` int(10) NOT NULL,
  `dihantar_pada` datetime NOT NULL,
  `status_jana` int(2) DEFAULT NULL,
  `dijana_oleh` int(10) DEFAULT NULL,
  `dijana_pada` datetime DEFAULT NULL,
  PRIMARY KEY (`id`)
) ENGINE=InnoDB AUTO_INCREMENT=7 DEFAULT CHARSET=utf8mb4 COLLATE=utf8mb4_unicode_ci;

-- ----------------------------
-- Records of lpp_08
-- ----------------------------
INSERT INTO `lpp_08` VALUES ('3', '15', '2', '2017-10-23', '7', '2017-10-23 11:29:13', null, null, null);
INSERT INTO `lpp_08` VALUES ('4', '22', '2', '2017-10-25', '64', '2017-10-25 04:08:00', '1', '35', '2017-10-26 08:20:58');
INSERT INTO `lpp_08` VALUES ('5', '25', '7', '2017-10-26', '64', '2017-10-26 07:28:52', '1', '88', '2017-10-26 07:33:12');
INSERT INTO `lpp_08` VALUES ('6', '27', '2', '2017-10-30', '59', '2017-10-30 09:27:52', '1', '35', '2017-10-30 10:42:26');

-- ----------------------------
-- Table structure for lpp_09
-- ----------------------------
DROP TABLE IF EXISTS `lpp_09`;
CREATE TABLE `lpp_09` (
  `id` int(10) NOT NULL AUTO_INCREMENT,
  `id_pelatih` int(10) NOT NULL,
  `status_jana` int(2) DEFAULT NULL,
  `dijana_oleh` int(10) DEFAULT NULL,
  `dijana_pada` datetime DEFAULT NULL,
  `id_permohonan_kursus_lpp09` int(10) DEFAULT NULL,
  PRIMARY KEY (`id`),
  KEY `id_pelatih` (`id_pelatih`),
  CONSTRAINT `lpp_09_ibfk_1` FOREIGN KEY (`id_pelatih`) REFERENCES `pelatih` (`id_pelatih`)
) ENGINE=InnoDB AUTO_INCREMENT=2 DEFAULT CHARSET=utf8mb4 COLLATE=utf8mb4_unicode_ci;

-- ----------------------------
-- Records of lpp_09
-- ----------------------------
INSERT INTO `lpp_09` VALUES ('1', '148', null, null, null, null);

-- ----------------------------
-- Table structure for lpp_10
-- ----------------------------
DROP TABLE IF EXISTS `lpp_10`;
CREATE TABLE `lpp_10` (
  `id` int(10) NOT NULL AUTO_INCREMENT,
  `id_pelatih` int(10) NOT NULL,
  `giatmara_baru` int(10) DEFAULT NULL,
  `giatmara_asal` int(10) DEFAULT NULL,
  `kursus_baru` int(10) DEFAULT NULL,
  `kursus_asal` int(10) DEFAULT NULL,
  `nota` text COLLATE utf8mb4_unicode_ci,
  `jenis_pertukaran` varchar(10) COLLATE utf8mb4_unicode_ci DEFAULT NULL,
  `dihantar_oleh` int(10) NOT NULL,
  `dihantar_pada` datetime NOT NULL,
  `status_jana` int(2) DEFAULT NULL,
  `dijana_oleh` int(10) DEFAULT NULL,
  `dijana_pada` datetime DEFAULT NULL,
  PRIMARY KEY (`id`)
) ENGINE=InnoDB AUTO_INCREMENT=16 DEFAULT CHARSET=utf8mb4 COLLATE=utf8mb4_unicode_ci;

-- ----------------------------
-- Records of lpp_10
-- ----------------------------
INSERT INTO `lpp_10` VALUES ('4', '15', '144', '136', '2', '1', null, null, '7', '2017-10-23 13:47:53', null, null, null);
INSERT INTO `lpp_10` VALUES ('5', '16', '18', '136', null, null, '-', null, '59', '2017-10-24 04:49:25', '1', '35', '2017-10-26 08:24:57');
INSERT INTO `lpp_10` VALUES ('6', '17', null, null, '2', '1', '-', null, '59', '2017-10-24 04:49:36', '1', '35', '2017-10-24 04:50:08');
INSERT INTO `lpp_10` VALUES ('7', '19', '135', '136', null, null, null, null, '59', '2017-10-25 04:09:19', '1', '35', '2017-10-26 08:24:37');
INSERT INTO `lpp_10` VALUES ('12', '18', null, null, '2', '1', null, null, '59', '2017-10-25 04:17:52', '1', '35', '2017-10-25 04:18:22');
INSERT INTO `lpp_10` VALUES ('15', '19', '136', '135', null, null, null, null, '64', '2017-10-25 05:14:54', '1', '35', '2017-10-25 09:28:48');

-- ----------------------------
-- Table structure for lpp_5a
-- ----------------------------
DROP TABLE IF EXISTS `lpp_5a`;
CREATE TABLE `lpp_5a` (
  `id` int(10) NOT NULL AUTO_INCREMENT,
  `id_pelatih` int(10) NOT NULL,
  `nama_asal` varchar(250) COLLATE utf8mb4_unicode_ci NOT NULL,
  `nama_baru` varchar(250) COLLATE utf8mb4_unicode_ci NOT NULL,
  `dihantar_oleh` int(10) DEFAULT NULL,
  `dihantar_pada` datetime DEFAULT NULL,
  `status_jana` int(2) DEFAULT NULL,
  `dijana_oleh` int(10) DEFAULT NULL,
  `dijana_pada` datetime DEFAULT NULL,
  PRIMARY KEY (`id`)
) ENGINE=InnoDB AUTO_INCREMENT=16 DEFAULT CHARSET=utf8mb4 COLLATE=utf8mb4_unicode_ci;

-- ----------------------------
-- Records of lpp_5a
-- ----------------------------
INSERT INTO `lpp_5a` VALUES ('1', '14', 'Nurul Syafiqah binti Abdul Latif', 'Nurul Syafiqah binti Abdul Rahman', '59', '2017-10-22 04:24:30', null, null, null);
INSERT INTO `lpp_5a` VALUES ('3', '15', 'Nur Amalina Husin 4', 'sasasas', '7', '2017-10-23 11:32:03', '1', '35', '2017-10-23 18:18:22');
INSERT INTO `lpp_5a` VALUES ('4', '16', 'Nur Amalina Husin 2', 'Nur Amalina Binti Husin 2', '59', '2017-10-24 02:30:09', null, null, null);
INSERT INTO `lpp_5a` VALUES ('5', '17', 'Nur Amalina Husin 1', 'Nur Amalina Hussein', '59', '2017-10-25 01:23:18', '1', '35', '2017-10-25 01:24:47');
INSERT INTO `lpp_5a` VALUES ('6', '21', 'rosman ibrahim', 'rosman bin ibrahim', '64', '2017-10-25 03:52:31', '1', '35', '2017-10-25 03:58:34');
INSERT INTO `lpp_5a` VALUES ('7', '18', 'Mohd Zuhaimi Bin Mohd Salleh', 'MOHD ZUHAIMI BIN MOHD SALLEH', '59', '2017-10-25 03:52:50', '1', '35', '2017-10-25 03:58:41');
INSERT INTO `lpp_5a` VALUES ('8', '22', 'Masnur Shuhada bin Mohamad Sharafuddin', 'MAT NOOR BIN MOHAMAD SHARAFUDDIN', '64', '2017-10-25 03:55:19', '1', '35', '2017-10-26 08:17:20');
INSERT INTO `lpp_5a` VALUES ('9', '24', 'Ahmad Ali', 'Ahmad Izz', '64', '2017-10-25 03:58:17', '1', '35', '2017-10-26 06:33:13');
INSERT INTO `lpp_5a` VALUES ('10', '19', 'Maslinda Binti Omar', 'maslin binti omar', '59', '2017-10-25 03:58:45', '1', '35', '2017-10-26 08:17:20');
INSERT INTO `lpp_5a` VALUES ('11', '31', 'UMAIMAH BINTI MOHD NASIR', 'UMAIRAH BINTI MOHD NASIR', '79', '2017-10-26 06:36:48', '1', '88', '2017-10-26 06:45:45');
INSERT INTO `lpp_5a` VALUES ('12', '51', 'MUHAMMAD AMIRRUL AMIN BIN MAHAT', 'MUHAMMAD AMIRUL AMIN BIN MAHAT', '75', '2017-10-26 06:37:02', '1', '84', '2017-10-26 06:43:43');
INSERT INTO `lpp_5a` VALUES ('13', '51', 'MUHAMMAD AMIRUL AMIN BIN MAHAT', 'MUHAMMAD AMIRRUL AMIN BIN MAHAT', '75', '2017-10-26 06:44:51', '1', '84', '2017-10-26 07:06:08');
INSERT INTO `lpp_5a` VALUES ('14', '105', 'Siti Fatimah binti Abdul Rahman', 'Siti Fatimah ARA', '59', '2017-10-31 03:08:36', null, null, null);
INSERT INTO `lpp_5a` VALUES ('15', '110', 'Ahmad Zaidi bin Osman', 'AHMAD ZAIDI BIN OTHMAN', '59', '2017-10-31 03:44:23', '1', '35', '2017-10-31 03:45:59');

-- ----------------------------
-- Table structure for lpp_5b
-- ----------------------------
DROP TABLE IF EXISTS `lpp_5b`;
CREATE TABLE `lpp_5b` (
  `id` int(10) NOT NULL AUTO_INCREMENT,
  `id_pelatih` int(10) NOT NULL,
  `mykad_asal` varchar(20) COLLATE utf8mb4_unicode_ci NOT NULL,
  `mykad_baru` varchar(20) COLLATE utf8mb4_unicode_ci NOT NULL,
  `tarikh_lahir_asal` varchar(20) COLLATE utf8mb4_unicode_ci NOT NULL,
  `tarikh_lahir_baru` varchar(20) COLLATE utf8mb4_unicode_ci NOT NULL,
  `umur_asal` varchar(20) COLLATE utf8mb4_unicode_ci NOT NULL,
  `umur_baru` varchar(20) COLLATE utf8mb4_unicode_ci NOT NULL,
  `jantina_asal` varchar(2) COLLATE utf8mb4_unicode_ci NOT NULL,
  `jantina_baru` varchar(2) COLLATE utf8mb4_unicode_ci NOT NULL,
  `dihantar_oleh` int(10) NOT NULL,
  `dihantar_pada` datetime NOT NULL,
  `status_jana` int(2) DEFAULT NULL,
  `dijana_oleh` int(10) DEFAULT NULL,
  `dijana_pada` datetime DEFAULT NULL,
  PRIMARY KEY (`id`)
) ENGINE=InnoDB AUTO_INCREMENT=13 DEFAULT CHARSET=utf8mb4 COLLATE=utf8mb4_unicode_ci;

-- ----------------------------
-- Records of lpp_5b
-- ----------------------------
INSERT INTO `lpp_5b` VALUES ('2', '15', '991022015559', '991022015554', '1999-10-22', '2017-10-23', '18', '0', '', '1', '7', '2017-10-23 11:32:22', null, null, null);
INSERT INTO `lpp_5b` VALUES ('3', '16', '991022015556', '991022011111', '1999-10-22', '1999-10-22', '18', '18', '', '2', '59', '2017-10-24 02:44:36', '1', '35', '2017-10-26 08:18:49');
INSERT INTO `lpp_5b` VALUES ('4', '21', '670821025137', '770821025137', '1967-08-21', '1977-08-21', '50', '40', '', '1', '64', '2017-10-25 03:53:22', '1', '35', '2017-10-25 04:01:26');
INSERT INTO `lpp_5b` VALUES ('5', '22', '780929025195', '670821025137', '1978-09-29', '1967-08-21', '39', '50', '', '1', '64', '2017-10-25 03:56:42', '1', '35', '2017-10-25 04:02:08');
INSERT INTO `lpp_5b` VALUES ('6', '18', '730523145765', '730523145767', '1973-05-23', '2017-10-25', '44', '0', '', '1', '59', '2017-10-25 03:57:20', '1', '35', '2017-10-25 09:27:56');
INSERT INTO `lpp_5b` VALUES ('7', '19', '921107075202', '921107085202', '1992-11-07', '2017-10-25', '25', '0', '', '2', '59', '2017-10-25 04:02:09', '1', '35', '2017-10-26 08:18:49');
INSERT INTO `lpp_5b` VALUES ('8', '16', '991022011111', '991022011111A', '1999-10-22', '1998-10-22', '18', '19', '2', '1', '8', '2017-10-25 07:29:52', '1', '35', '2017-10-25 09:28:00');
INSERT INTO `lpp_5b` VALUES ('9', '28', '900931115227', '900930115227', '1990-09-30', '1990-09-30', '27', '27', '', '1', '64', '2017-10-25 10:41:35', '1', '35', '2017-10-26 08:18:49');
INSERT INTO `lpp_5b` VALUES ('10', '28', '900931115227', '900930115227', '1990-09-30', '1990-09-30', '27', '27', '', '1', '64', '2017-10-25 10:45:54', null, null, null);
INSERT INTO `lpp_5b` VALUES ('11', '40', '010328030289', '010428030289', '2001-03-28', '2001-04-28', '16', '16', '', '1', '79', '2017-10-26 06:39:06', '1', '88', '2017-10-26 06:47:11');
INSERT INTO `lpp_5b` VALUES ('12', '53', '000621081617', '000621081615', '2000-06-21', '2000-06-21', '17', '17', '', '1', '75', '2017-10-26 06:39:15', '1', '84', '2017-10-27 01:13:40');

-- ----------------------------
-- Table structure for lpp_5d
-- ----------------------------
DROP TABLE IF EXISTS `lpp_5d`;
CREATE TABLE `lpp_5d` (
  `id` int(10) NOT NULL AUTO_INCREMENT,
  `id_pelatih` int(10) NOT NULL,
  `alamat_asal` varchar(250) COLLATE utf8mb4_unicode_ci NOT NULL,
  `alamat_baru` varchar(250) COLLATE utf8mb4_unicode_ci NOT NULL,
  `poskod_asal` int(10) NOT NULL,
  `poskod_baru` int(10) NOT NULL,
  `kewarganegaraan_asal` int(10) NOT NULL,
  `kewarganegaraan_baru` int(10) NOT NULL,
  `taraf_perkahwinan_asal` int(10) NOT NULL,
  `taraf_perkahwinan_baru` int(10) NOT NULL,
  `no_hp_asal` varchar(20) COLLATE utf8mb4_unicode_ci NOT NULL,
  `no_hp_baru` varchar(20) COLLATE utf8mb4_unicode_ci NOT NULL,
  `dihantar_oleh` int(10) NOT NULL,
  `dihantar_pada` datetime NOT NULL,
  `status_jana` int(2) DEFAULT NULL,
  `dijana_oleh` int(10) DEFAULT NULL,
  `dijana_pada` datetime DEFAULT NULL,
  PRIMARY KEY (`id`)
) ENGINE=InnoDB AUTO_INCREMENT=10 DEFAULT CHARSET=utf8mb4 COLLATE=utf8mb4_unicode_ci;

-- ----------------------------
-- Records of lpp_5d
-- ----------------------------
INSERT INTO `lpp_5d` VALUES ('2', '15', 'hfghfgf', 'Baru', '315', '521', '1', '1', '1', '1', '036546546611', '0987654321', '7', '2017-10-23 11:32:39', null, null, null);
INSERT INTO `lpp_5d` VALUES ('3', '16', 'sdfsd', 'No. 3, Jln Sutera 2', '315', '195', '1', '1', '1', '1', '01879789888', '0192104055', '59', '2017-10-24 02:50:13', '1', '35', '2017-10-26 08:19:21');
INSERT INTO `lpp_5d` VALUES ('4', '21', '29 jalan bandar u', '123, jalan cameron highland', '25', '104', '1', '1', '2', '1', '0326912690', '01111111111', '64', '2017-10-25 03:55:52', '1', '35', '2017-10-25 04:06:19');
INSERT INTO `lpp_5d` VALUES ('5', '22', 'D222 apartment sri wira\r\nukay perdana', '', '332', '25', '1', '1', '2', '2', '0133456789', '0194247952', '64', '2017-10-25 03:57:12', '1', '35', '2017-10-25 04:06:33');
INSERT INTO `lpp_5d` VALUES ('6', '19', 'No.14 Jalan Mawar 3', 'WANGSA MAJU', '352', '301', '1', '1', '1', '1', '0104211324', '012233000', '59', '2017-10-25 03:58:58', '1', '35', '2017-10-26 08:19:22');
INSERT INTO `lpp_5d` VALUES ('7', '24', 'No. 39 & 41, Jalan Medan Tuanku', 'Jalan Medan Tuanku', '278', '278', '1', '1', '2', '2', '0192381352', '0192381352', '64', '2017-10-25 03:59:13', '1', '35', '2017-10-25 04:06:46');
INSERT INTO `lpp_5d` VALUES ('8', '24', 'Jalan Medan Tuanku', 'No. 15, Jalan TP3/15B', '278', '361', '1', '1', '2', '1', '0192381352', '', '64', '2017-10-25 08:21:18', null, null, null);
INSERT INTO `lpp_5d` VALUES ('9', '46', 'C-20, Perumahan Awam, Kampung Genting', 'LOT 53, PENGKALAN JUBAKAR', '55', '55', '1', '1', '1', '1', '0148486235', '', '79', '2017-10-26 06:40:41', '1', '88', '2017-10-26 06:50:44');

-- ----------------------------
-- Table structure for lpp_7a
-- ----------------------------
DROP TABLE IF EXISTS `lpp_7a`;
CREATE TABLE `lpp_7a` (
  `id` int(10) NOT NULL AUTO_INCREMENT,
  `id_pelatih` int(10) NOT NULL,
  `id_kew_potongan` int(10) NOT NULL,
  `kekerapan` int(10) DEFAULT NULL,
  `jumlah` float(4,2) DEFAULT NULL,
  `tarikh_mula` date NOT NULL,
  `tarikh_tamat` date NOT NULL,
  `dihantar_oleh` int(10) DEFAULT NULL,
  `dihantar_pada` datetime DEFAULT NULL,
  `status_jana` int(2) DEFAULT NULL,
  `dijana_oleh` int(10) DEFAULT NULL,
  `dijana_pada` datetime DEFAULT NULL,
  PRIMARY KEY (`id`)
) ENGINE=InnoDB AUTO_INCREMENT=33 DEFAULT CHARSET=utf8mb4 COLLATE=utf8mb4_unicode_ci;

-- ----------------------------
-- Records of lpp_7a
-- ----------------------------
INSERT INTO `lpp_7a` VALUES ('1', '15', '1', '2', '38.00', '2017-10-01', '2017-10-23', '8', '2017-10-23 10:04:28', null, null, null);
INSERT INTO `lpp_7a` VALUES ('2', '16', '4', '2', '13.20', '2017-10-16', '2017-10-17', '59', '2017-10-24 03:05:35', '1', '35', '2017-10-26 08:20:30');
INSERT INTO `lpp_7a` VALUES ('3', '17', '4', '2', '13.20', '1970-01-01', '1970-01-01', '59', '2017-10-24 16:39:38', '1', '35', '2017-10-24 16:40:21');
INSERT INTO `lpp_7a` VALUES ('4', '17', '4', '1', '6.60', '1970-01-01', '1970-01-01', '59', '2017-10-24 16:44:40', null, null, null);
INSERT INTO `lpp_7a` VALUES ('10', '18', '4', '1', '6.60', '2017-10-02', '2017-10-31', '59', '2017-10-25 03:28:52', '1', '35', '2017-10-25 03:29:43');
INSERT INTO `lpp_7a` VALUES ('13', '69', '4', '5', '33.00', '2018-02-01', '2018-02-28', '75', '2017-10-26 03:20:52', '1', '84', '2017-10-26 07:40:21');
INSERT INTO `lpp_7a` VALUES ('16', '51', '4', '8', '52.80', '2017-11-01', '2017-11-30', '75', '2017-10-26 07:09:17', '1', '84', '2017-10-26 07:34:03');
INSERT INTO `lpp_7a` VALUES ('17', '36', '12', '3', '9.90', '2018-01-01', '2018-01-31', '79', '2017-10-26 07:17:59', null, null, null);
INSERT INTO `lpp_7a` VALUES ('23', '16', '1', '1', '19.00', '2017-10-01', '2017-10-23', '8', '2017-10-26 09:52:38', null, null, null);
INSERT INTO `lpp_7a` VALUES ('29', '105', '12', '1', '3.30', '2017-10-24', '2017-10-25', '59', '2017-10-31 05:34:07', '1', '35', '2017-10-31 05:34:25');
INSERT INTO `lpp_7a` VALUES ('30', '106', '1', '1', '19.00', '2017-10-01', '2017-10-31', '7', '2017-10-31 04:12:26', null, null, null);
INSERT INTO `lpp_7a` VALUES ('31', '106', '2', '1', '38.00', '2017-10-02', '2017-10-23', '7', '2017-10-31 04:12:26', null, null, null);
INSERT INTO `lpp_7a` VALUES ('32', '110', '1', '1', '19.00', '2017-10-31', '2017-10-31', '59', '2017-10-31 03:45:36', '1', '35', '2017-10-31 03:46:09');

-- ----------------------------
-- Table structure for markah_modul
-- ----------------------------
DROP TABLE IF EXISTS `markah_modul`;
CREATE TABLE `markah_modul` (
  `id` int(10) NOT NULL AUTO_INCREMENT,
  `id_pelatih` int(10) NOT NULL,
  `id_kursus` int(10) NOT NULL,
  `id_modul` int(11) NOT NULL,
  `pb_teori` float(5,2) DEFAULT '0.00',
  `pb_amali` float(5,2) DEFAULT '0.00',
  `pam_teori` float(5,2) DEFAULT '0.00',
  `pam_amali` float(5,2) DEFAULT '0.00',
  `markah` float(5,2) DEFAULT '0.00',
  `status_isi_markah` int(2) DEFAULT '0',
  `tarikh_hantar_pengajar` datetime DEFAULT NULL,
  `tarikh_hantar_pengurus` datetime DEFAULT NULL,
  `tarikh_hantar_pgn` datetime DEFAULT NULL,
  `catatan_pengurus` varchar(250) COLLATE utf8mb4_unicode_ci DEFAULT NULL,
  `catatan_pgn` varchar(250) COLLATE utf8mb4_unicode_ci DEFAULT NULL,
  `catatan_ppkl` varchar(250) COLLATE utf8mb4_unicode_ci DEFAULT NULL,
  `status_terampil` int(11) DEFAULT NULL,
  PRIMARY KEY (`id`),
  KEY `id_pelatih` (`id_pelatih`),
  CONSTRAINT `markah_modul_ibfk_1` FOREIGN KEY (`id_pelatih`) REFERENCES `pelatih` (`id_pelatih`)
) ENGINE=InnoDB AUTO_INCREMENT=1192 DEFAULT CHARSET=utf8mb4 COLLATE=utf8mb4_unicode_ci;

-- ----------------------------
-- Records of markah_modul
-- ----------------------------
INSERT INTO `markah_modul` VALUES ('66', '22', '32', '1986', '18.00', '75.00', '18.00', '77.00', '93.60', '2', '2017-10-25 02:47:14', null, null, null, null, null, null);
INSERT INTO `markah_modul` VALUES ('67', '22', '32', '1987', '15.00', '70.00', '18.00', '78.00', '88.30', '4', '2017-10-25 01:29:42', null, null, null, null, null, null);
INSERT INTO `markah_modul` VALUES ('68', '22', '32', '1988', '16.00', '65.00', '16.00', '66.00', '81.30', '4', '2017-10-25 01:30:02', null, null, null, null, null, null);
INSERT INTO `markah_modul` VALUES ('69', '22', '32', '1990', '16.40', '69.00', '14.90', '79.00', '87.95', '4', '2017-10-25 01:30:21', null, null, null, null, null, null);
INSERT INTO `markah_modul` VALUES ('70', '22', '32', '1992', '10.00', '52.00', '14.00', '60.00', '65.60', '4', '2017-10-25 01:30:36', null, null, null, null, null, null);
INSERT INTO `markah_modul` VALUES ('71', '22', '32', '1993', '14.00', '76.00', '15.50', '66.00', '87.45', '4', '2017-10-25 01:30:51', null, null, null, null, null, null);
INSERT INTO `markah_modul` VALUES ('72', '22', '32', '1994', '4.50', '38.00', '10.90', '50.00', '48.02', '2', '2017-10-25 02:24:50', null, null, null, '', null, null);
INSERT INTO `markah_modul` VALUES ('73', '22', '32', '1995', '17.00', '66.00', '17.00', '72.00', '84.80', '2', '2017-10-25 01:58:30', null, null, null, null, null, null);
INSERT INTO `markah_modul` VALUES ('74', '22', '32', '1996', '18.70', '70.00', '18.00', '77.00', '90.59', '2', '2017-10-25 02:52:11', null, null, null, null, null, null);
INSERT INTO `markah_modul` VALUES ('75', '23', '277', '1466', '0.00', '0.00', '0.00', '0.00', '0.00', '0', null, null, null, null, null, null, null);
INSERT INTO `markah_modul` VALUES ('76', '23', '277', '1467', '0.00', '0.00', '0.00', '0.00', '0.00', '0', null, null, null, null, null, null, null);
INSERT INTO `markah_modul` VALUES ('77', '23', '277', '1468', '0.00', '0.00', '0.00', '0.00', '0.00', '0', null, null, null, null, null, null, null);
INSERT INTO `markah_modul` VALUES ('78', '23', '277', '1469', '0.00', '0.00', '0.00', '0.00', '0.00', '0', null, null, null, null, null, null, null);
INSERT INTO `markah_modul` VALUES ('79', '23', '277', '1470', '0.00', '0.00', '0.00', '0.00', '0.00', '0', null, null, null, null, null, null, null);
INSERT INTO `markah_modul` VALUES ('80', '23', '277', '1471', '0.00', '0.00', '0.00', '0.00', '0.00', '0', null, null, null, null, null, null, null);
INSERT INTO `markah_modul` VALUES ('81', '23', '277', '1472', '0.00', '0.00', '0.00', '0.00', '0.00', '0', null, null, null, null, null, null, null);
INSERT INTO `markah_modul` VALUES ('82', '23', '277', '1473', '0.00', '0.00', '0.00', '0.00', '0.00', '0', null, null, null, null, null, null, null);
INSERT INTO `markah_modul` VALUES ('83', '23', '277', '1474', '0.00', '0.00', '0.00', '0.00', '0.00', '0', null, null, null, null, null, null, null);
INSERT INTO `markah_modul` VALUES ('84', '23', '277', '1475', '0.00', '0.00', '0.00', '0.00', '0.00', '0', null, null, null, null, null, null, null);
INSERT INTO `markah_modul` VALUES ('85', '24', '32', '1986', '20.00', '80.00', '20.00', '80.00', '100.00', '7', '2017-10-25 10:19:58', null, null, null, 'mencadangkan sijil modular', 'berikan SKGM', null);
INSERT INTO `markah_modul` VALUES ('86', '24', '32', '1987', '18.00', '76.00', '18.00', '70.00', '92.20', '7', '2017-10-25 10:21:41', null, null, null, 'mencadangkan sijil modular', 'berikan SKGM', null);
INSERT INTO `markah_modul` VALUES ('87', '24', '32', '1988', '18.00', '68.00', '20.00', '72.00', '87.80', '7', '2017-10-25 10:21:53', null, null, null, 'mencadangkan sijil modular', 'berikan SKGM', null);
INSERT INTO `markah_modul` VALUES ('88', '24', '32', '1990', '18.00', '67.00', '17.00', '70.00', '85.60', '7', '2017-10-25 10:22:08', null, null, null, 'mencadangkan sijil modular', 'berikan SKGM', null);
INSERT INTO `markah_modul` VALUES ('89', '24', '32', '1992', '17.90', '77.00', '18.00', '79.00', '95.53', '7', '2017-10-25 10:22:25', null, null, null, 'mencadangkan sijil modular', 'berikan SKGM', null);
INSERT INTO `markah_modul` VALUES ('90', '24', '32', '1993', '16.00', '80.00', '19.00', '67.00', '93.00', '7', '2017-10-25 10:22:48', null, null, null, 'mencadangkan sijil modular', 'berikan SKGM', null);
INSERT INTO `markah_modul` VALUES ('91', '24', '32', '1994', '17.00', '74.00', '16.70', '20.00', '74.71', '7', '2017-10-25 10:29:51', null, null, null, 'mencadangkan sijil modular', 'berikan SKGM', null);
INSERT INTO `markah_modul` VALUES ('92', '24', '32', '1995', '18.00', '78.00', '18.60', '78.00', '96.18', '7', '2017-10-25 10:23:58', null, null, null, 'mencadangkan sijil modular', 'berikan SKGM', null);
INSERT INTO `markah_modul` VALUES ('93', '24', '32', '1996', '16.00', '70.00', '15.50', '69.00', '85.55', '7', '2017-10-25 10:24:12', null, null, null, 'mencadangkan sijil modular', 'berikan SKGM', null);
INSERT INTO `markah_modul` VALUES ('94', '25', '32', '1986', '20.00', '80.00', '20.00', '80.00', '100.00', '6', '2017-10-25 09:17:42', null, null, null, '', 'tukar PB Teori = 10', null);
INSERT INTO `markah_modul` VALUES ('95', '25', '32', '1987', '20.00', '80.00', '20.00', '40.00', '88.00', '6', '2017-10-25 07:54:08', null, null, 'semua 100?', '', null, null);
INSERT INTO `markah_modul` VALUES ('96', '25', '32', '1988', '20.00', '80.00', '20.00', '80.00', '100.00', '6', '2017-10-25 07:46:58', null, null, null, '', null, null);
INSERT INTO `markah_modul` VALUES ('97', '25', '32', '1990', '20.00', '80.00', '20.00', '80.00', '100.00', '6', '2017-10-25 08:39:29', null, null, null, '', null, null);
INSERT INTO `markah_modul` VALUES ('98', '25', '32', '1992', '10.00', '60.00', '10.00', '60.00', '70.00', '6', '2017-10-25 08:06:30', null, null, 'ni juga 100?', '', null, null);
INSERT INTO `markah_modul` VALUES ('99', '25', '32', '1993', '10.00', '70.00', '10.00', '70.00', '80.00', '6', '2017-10-25 08:52:08', null, null, null, '', null, null);
INSERT INTO `markah_modul` VALUES ('100', '25', '32', '1994', '20.00', '80.00', '20.00', '80.00', '100.00', '6', '2017-10-25 07:48:18', null, null, null, '', null, null);
INSERT INTO `markah_modul` VALUES ('101', '25', '32', '1995', '10.00', '70.00', '10.00', '70.00', '80.00', '6', '2017-10-25 08:56:18', null, null, null, '', null, null);
INSERT INTO `markah_modul` VALUES ('102', '25', '32', '1996', '10.00', '70.00', '10.00', '70.00', '80.00', '6', '2017-10-25 08:59:37', null, null, 'PB teori = 10', '', null, null);
INSERT INTO `markah_modul` VALUES ('103', '26', '32', '1986', '15.00', '55.00', '15.00', '55.00', '70.00', '6', '2017-10-26 05:59:45', null, null, null, '', null, null);
INSERT INTO `markah_modul` VALUES ('104', '26', '32', '1987', '20.00', '80.00', '20.00', '80.00', '100.00', '6', '2017-10-26 06:00:23', null, null, null, '', null, null);
INSERT INTO `markah_modul` VALUES ('105', '26', '32', '1988', '20.00', '80.00', '20.00', '80.00', '100.00', '6', '2017-10-26 06:01:01', null, null, null, '', null, null);
INSERT INTO `markah_modul` VALUES ('106', '26', '32', '1990', '20.00', '80.00', '20.00', '80.00', '100.00', '6', '2017-10-26 06:01:36', null, null, null, '', null, null);
INSERT INTO `markah_modul` VALUES ('107', '26', '32', '1992', '20.00', '80.00', '20.00', '80.00', '100.00', '6', '2017-10-26 06:02:17', null, null, null, '', null, null);
INSERT INTO `markah_modul` VALUES ('108', '26', '32', '1993', '20.00', '80.00', '20.00', '80.00', '100.00', '6', '2017-10-26 06:02:54', null, null, null, '', null, null);
INSERT INTO `markah_modul` VALUES ('109', '26', '32', '1994', '20.00', '80.00', '20.00', '80.00', '100.00', '6', '2017-10-26 06:03:36', null, null, null, '', null, null);
INSERT INTO `markah_modul` VALUES ('110', '26', '32', '1995', '20.00', '80.00', '20.00', '80.00', '100.00', '6', '2017-10-26 06:04:27', null, null, null, '', null, null);
INSERT INTO `markah_modul` VALUES ('111', '26', '32', '1996', '20.00', '80.00', '20.00', '80.00', '100.00', '6', '2017-10-26 06:05:00', null, null, null, '', null, null);
INSERT INTO `markah_modul` VALUES ('112', '27', '33', '1986', '18.00', '75.00', '17.00', '70.00', '91.20', '7', '2017-10-25 09:46:12', null, null, null, null, null, null);
INSERT INTO `markah_modul` VALUES ('113', '27', '33', '1987', '17.00', '60.00', '15.00', '70.00', '79.40', '7', '2017-10-25 09:46:35', null, null, null, null, null, null);
INSERT INTO `markah_modul` VALUES ('114', '27', '33', '1988', '15.00', '70.00', '15.00', '75.00', '86.50', '7', '2017-10-25 09:49:02', null, null, null, null, null, null);
INSERT INTO `markah_modul` VALUES ('115', '27', '33', '1990', '18.00', '80.00', '20.00', '70.00', '95.60', '7', '2017-10-25 09:46:50', null, null, null, null, null, null);
INSERT INTO `markah_modul` VALUES ('116', '27', '33', '1992', '17.00', '60.00', '18.00', '70.00', '80.30', '7', '2017-10-25 09:47:05', null, null, null, null, null, null);
INSERT INTO `markah_modul` VALUES ('117', '27', '33', '1993', '15.00', '70.00', '18.00', '70.00', '85.90', '7', '2017-10-25 09:47:24', null, null, null, null, null, null);
INSERT INTO `markah_modul` VALUES ('118', '27', '33', '1994', '15.00', '70.00', '18.00', '70.00', '85.90', '7', '2017-10-25 09:47:39', null, null, null, null, null, null);
INSERT INTO `markah_modul` VALUES ('119', '27', '33', '1995', '17.00', '80.00', '15.00', '60.00', '90.40', '7', '2017-10-25 09:47:57', null, null, null, null, null, null);
INSERT INTO `markah_modul` VALUES ('120', '27', '33', '1996', '15.00', '70.00', '18.00', '60.00', '82.90', '7', '2017-10-25 09:48:08', null, null, null, null, null, null);
INSERT INTO `markah_modul` VALUES ('121', '28', '32', '1986', '20.00', '80.00', '20.00', '80.00', '100.00', '7', '2017-10-25 10:15:33', null, null, null, '', '', null);
INSERT INTO `markah_modul` VALUES ('122', '28', '32', '1987', '20.00', '80.00', '20.00', '80.00', '100.00', '7', '2017-10-25 10:16:40', null, null, null, '', '', null);
INSERT INTO `markah_modul` VALUES ('123', '28', '32', '1988', '20.00', '80.00', '20.00', '80.00', '100.00', '7', '2017-10-25 10:18:17', null, null, null, '', '', null);
INSERT INTO `markah_modul` VALUES ('124', '28', '32', '1990', '20.00', '80.00', '20.00', '80.00', '100.00', '7', '2017-10-25 10:19:14', null, null, null, '', '', null);
INSERT INTO `markah_modul` VALUES ('125', '28', '32', '1992', '20.00', '80.00', '19.90', '80.00', '99.97', '7', '2017-10-25 10:20:10', null, null, null, '', '', null);
INSERT INTO `markah_modul` VALUES ('126', '28', '32', '1993', '19.00', '80.00', '20.00', '80.00', '99.30', '7', '2017-10-25 10:21:03', null, null, null, '', '', null);
INSERT INTO `markah_modul` VALUES ('127', '28', '32', '1994', '20.00', '80.00', '20.00', '80.00', '100.00', '7', '2017-10-25 10:31:11', null, null, null, '', '', null);
INSERT INTO `markah_modul` VALUES ('128', '28', '32', '1995', '20.00', '80.00', '20.00', '80.00', '100.00', '7', '2017-10-25 10:22:45', null, null, null, '', '', null);
INSERT INTO `markah_modul` VALUES ('129', '28', '32', '1996', '20.00', '80.00', '20.00', '80.00', '100.00', '7', '2017-10-25 10:28:08', null, null, null, '', '', null);
INSERT INTO `markah_modul` VALUES ('130', '29', '32', '1986', '10.00', '70.00', '10.00', '70.00', '80.00', '7', '2017-10-25 11:53:15', null, null, null, 'pgn beri SAEGM', 'tak layak SAEGM', null);
INSERT INTO `markah_modul` VALUES ('131', '29', '32', '1987', '10.00', '70.00', '10.00', '70.00', '80.00', '7', '2017-10-25 11:48:00', null, null, null, 'pgn beri SAEGM', 'tak layak SAEGM', null);
INSERT INTO `markah_modul` VALUES ('132', '29', '32', '1988', '10.00', '70.00', '10.00', '70.00', '80.00', '7', '2017-10-25 11:48:18', null, null, null, 'pgn beri SAEGM', 'tak layak SAEGM', null);
INSERT INTO `markah_modul` VALUES ('133', '29', '32', '1990', '10.00', '70.00', '10.00', '70.00', '80.00', '7', '2017-10-25 11:48:34', null, null, null, 'pgn beri SAEGM', 'tak layak SAEGM', null);
INSERT INTO `markah_modul` VALUES ('134', '29', '32', '1992', '10.00', '70.00', '10.00', '70.00', '80.00', '7', '2017-10-25 11:48:54', null, null, null, 'pgn beri SAEGM', 'tak layak SAEGM', null);
INSERT INTO `markah_modul` VALUES ('135', '29', '32', '1993', '10.00', '70.00', '10.00', '70.00', '80.00', '7', '2017-10-25 11:49:16', null, null, null, 'pgn beri SAEGM', 'tak layak SAEGM', null);
INSERT INTO `markah_modul` VALUES ('136', '29', '32', '1994', '10.00', '70.00', '10.00', '70.00', '80.00', '7', '2017-10-25 11:49:49', null, null, null, 'pgn beri SAEGM', 'tak layak SAEGM', null);
INSERT INTO `markah_modul` VALUES ('137', '29', '32', '1995', '10.00', '70.00', '10.00', '70.00', '80.00', '7', '2017-10-25 11:50:07', null, null, null, 'pgn beri SAEGM', 'tak layak SAEGM', null);
INSERT INTO `markah_modul` VALUES ('138', '29', '32', '1996', '10.00', '70.00', '10.00', '70.00', '80.00', '7', '2017-10-25 11:50:22', null, null, null, 'pgn beri SAEGM', 'tak layak SAEGM', null);
INSERT INTO `markah_modul` VALUES ('139', '30', '278', '1466', '0.00', '0.00', '0.00', '0.00', '0.00', '0', null, null, null, null, null, null, null);
INSERT INTO `markah_modul` VALUES ('140', '30', '278', '1467', '0.00', '0.00', '0.00', '0.00', '0.00', '0', null, null, null, null, null, null, null);
INSERT INTO `markah_modul` VALUES ('141', '30', '278', '1468', '0.00', '0.00', '0.00', '0.00', '0.00', '0', null, null, null, null, null, null, null);
INSERT INTO `markah_modul` VALUES ('142', '30', '278', '1469', '0.00', '0.00', '0.00', '0.00', '0.00', '0', null, null, null, null, null, null, null);
INSERT INTO `markah_modul` VALUES ('143', '30', '278', '1470', '0.00', '0.00', '0.00', '0.00', '0.00', '0', null, null, null, null, null, null, null);
INSERT INTO `markah_modul` VALUES ('144', '30', '278', '1471', '0.00', '0.00', '0.00', '0.00', '0.00', '0', null, null, null, null, null, null, null);
INSERT INTO `markah_modul` VALUES ('145', '30', '278', '1472', '0.00', '0.00', '0.00', '0.00', '0.00', '0', null, null, null, null, null, null, null);
INSERT INTO `markah_modul` VALUES ('146', '30', '278', '1473', '0.00', '0.00', '0.00', '0.00', '0.00', '0', null, null, null, null, null, null, null);
INSERT INTO `markah_modul` VALUES ('147', '30', '278', '1474', '0.00', '0.00', '0.00', '0.00', '0.00', '0', null, null, null, null, null, null, null);
INSERT INTO `markah_modul` VALUES ('148', '30', '278', '1475', '0.00', '0.00', '0.00', '0.00', '0.00', '0', null, null, null, null, null, null, null);
INSERT INTO `markah_modul` VALUES ('149', '31', '922', '1466', '18.00', '79.00', '18.00', '79.00', '97.00', '7', '2017-10-26 01:06:32', null, null, null, '', '', null);
INSERT INTO `markah_modul` VALUES ('150', '31', '922', '1467', '17.00', '75.00', '14.00', '69.00', '89.30', '7', '2017-10-26 01:16:03', null, null, null, '', '', null);
INSERT INTO `markah_modul` VALUES ('151', '31', '922', '1468', '15.00', '71.00', '11.00', '65.00', '83.00', '7', '2017-10-26 01:33:53', null, null, null, '', '', null);
INSERT INTO `markah_modul` VALUES ('152', '31', '922', '1469', '11.00', '65.00', '13.00', '78.00', '80.50', '7', '2017-10-26 01:42:18', null, null, null, '', '', null);
INSERT INTO `markah_modul` VALUES ('153', '31', '922', '1470', '17.00', '60.00', '15.00', '70.00', '79.40', '7', '2017-10-26 01:26:48', null, null, null, '', '', null);
INSERT INTO `markah_modul` VALUES ('154', '31', '922', '1471', '15.00', '65.00', '18.00', '70.00', '82.40', '7', '2017-10-26 01:27:29', null, null, null, '', '', null);
INSERT INTO `markah_modul` VALUES ('155', '31', '922', '1472', '16.00', '60.00', '18.00', '70.00', '79.60', '7', '2017-10-26 01:28:14', null, null, null, '', '', null);
INSERT INTO `markah_modul` VALUES ('156', '31', '922', '1473', '17.00', '65.00', '18.00', '70.00', '83.80', '7', '2017-10-26 01:29:11', null, null, null, '', '', null);
INSERT INTO `markah_modul` VALUES ('157', '31', '922', '1474', '18.00', '77.00', '15.00', '77.00', '94.10', '7', '2017-10-26 01:37:36', null, null, null, '', '', null);
INSERT INTO `markah_modul` VALUES ('158', '31', '922', '1475', '10.00', '72.00', '14.00', '10.00', '64.60', '7', '2017-10-26 01:39:23', null, null, null, '', '', null);
INSERT INTO `markah_modul` VALUES ('159', '32', '922', '1466', '17.00', '75.00', '18.00', '75.00', '92.30', '7', '2017-10-26 01:06:32', null, null, null, '', '', null);
INSERT INTO `markah_modul` VALUES ('160', '32', '922', '1467', '13.00', '65.00', '13.00', '69.00', '79.20', '7', '2017-10-26 01:16:03', null, null, null, '', '', null);
INSERT INTO `markah_modul` VALUES ('161', '32', '922', '1468', '10.90', '72.90', '11.60', '75.40', '84.76', '7', '2017-10-26 01:33:53', null, null, null, '', '', null);
INSERT INTO `markah_modul` VALUES ('162', '32', '922', '1469', '11.00', '56.00', '12.30', '65.00', '70.09', '7', '2017-10-26 01:42:18', null, null, null, '', '', null);
INSERT INTO `markah_modul` VALUES ('163', '32', '922', '1470', '16.00', '60.00', '18.00', '65.00', '78.10', '7', '2017-10-26 01:26:48', null, null, null, '', '', null);
INSERT INTO `markah_modul` VALUES ('164', '32', '922', '1471', '16.00', '60.00', '15.00', '65.00', '77.20', '7', '2017-10-26 01:27:29', null, null, null, '', '', null);
INSERT INTO `markah_modul` VALUES ('165', '32', '922', '1472', '18.00', '65.00', '17.00', '65.00', '82.70', '7', '2017-10-26 01:28:14', null, null, null, '', '', null);
INSERT INTO `markah_modul` VALUES ('166', '32', '922', '1473', '15.00', '70.00', '16.00', '75.00', '86.80', '7', '2017-10-26 01:29:11', null, null, null, '', '', null);
INSERT INTO `markah_modul` VALUES ('167', '32', '922', '1474', '10.00', '75.00', '16.00', '56.00', '81.10', '7', '2017-10-26 01:37:36', null, null, null, '', '', null);
INSERT INTO `markah_modul` VALUES ('168', '32', '922', '1475', '18.00', '78.00', '17.00', '65.00', '91.80', '7', '2017-10-26 01:39:23', null, null, null, '', '', null);
INSERT INTO `markah_modul` VALUES ('169', '33', '922', '1466', '18.00', '78.00', '18.00', '80.00', '96.60', '7', '2017-10-26 01:06:32', null, null, null, '', '', null);
INSERT INTO `markah_modul` VALUES ('170', '33', '922', '1467', '12.00', '66.00', '13.00', '65.00', '78.00', '7', '2017-10-26 01:16:03', null, null, null, '', '', null);
INSERT INTO `markah_modul` VALUES ('171', '33', '922', '1468', '13.20', '65.00', '12.00', '60.00', '76.34', '7', '2017-10-26 01:33:53', null, null, null, '', '', null);
INSERT INTO `markah_modul` VALUES ('172', '33', '922', '1469', '14.20', '50.20', '17.00', '60.00', '68.18', '7', '2017-10-26 01:42:18', null, null, null, '', '', null);
INSERT INTO `markah_modul` VALUES ('173', '33', '922', '1470', '15.00', '70.00', '16.00', '75.00', '86.80', '7', '2017-10-26 01:26:48', null, null, null, '', '', null);
INSERT INTO `markah_modul` VALUES ('174', '33', '922', '1471', '17.00', '60.00', '18.00', '70.00', '80.30', '7', '2017-10-26 01:27:29', null, null, null, '', '', null);
INSERT INTO `markah_modul` VALUES ('175', '33', '922', '1472', '16.00', '60.00', '16.00', '65.00', '77.50', '7', '2017-10-26 01:28:14', null, null, null, '', '', null);
INSERT INTO `markah_modul` VALUES ('176', '33', '922', '1473', '16.00', '65.00', '17.00', '75.00', '84.30', '7', '2017-10-26 01:29:11', null, null, null, '', '', null);
INSERT INTO `markah_modul` VALUES ('177', '33', '922', '1474', '9.00', '55.00', '8.00', '67.00', '67.30', '7', '2017-10-26 01:34:45', null, null, null, '', '', null);
INSERT INTO `markah_modul` VALUES ('178', '33', '922', '1475', '12.00', '75.00', '10.00', '77.00', '87.00', '7', '2017-10-26 01:39:23', null, null, null, '', '', null);
INSERT INTO `markah_modul` VALUES ('179', '34', '922', '1466', '15.00', '65.00', '16.00', '68.00', '81.20', '7', '2017-10-26 01:06:32', null, null, null, '', '', null);
INSERT INTO `markah_modul` VALUES ('180', '34', '922', '1467', '12.00', '60.00', '13.00', '66.00', '74.10', '7', '2017-10-26 01:16:03', null, null, null, '', '', null);
INSERT INTO `markah_modul` VALUES ('181', '34', '922', '1468', '10.00', '55.00', '15.00', '65.00', '69.50', '7', '2017-10-26 01:34:13', null, null, null, '', '', null);
INSERT INTO `markah_modul` VALUES ('182', '34', '922', '1469', '12.00', '59.00', '16.00', '31.00', '63.80', '7', '2017-10-26 01:42:18', null, null, null, '', '', null);
INSERT INTO `markah_modul` VALUES ('183', '34', '922', '1470', '15.00', '75.00', '17.00', '70.00', '89.10', '7', '2017-10-26 01:26:48', null, null, null, '', '', null);
INSERT INTO `markah_modul` VALUES ('184', '34', '922', '1471', '15.00', '65.00', '17.00', '65.00', '80.60', '7', '2017-10-26 01:27:29', null, null, null, '', '', null);
INSERT INTO `markah_modul` VALUES ('185', '34', '922', '1472', '18.00', '70.00', '17.00', '75.00', '89.20', '7', '2017-10-26 01:28:14', null, null, null, '', '', null);
INSERT INTO `markah_modul` VALUES ('186', '34', '922', '1473', '17.00', '60.00', '16.00', '65.00', '78.20', '7', '2017-10-26 01:29:11', null, null, null, '', '', null);
INSERT INTO `markah_modul` VALUES ('187', '34', '922', '1474', '17.00', '67.00', '18.00', '57.00', '81.30', '7', '2017-10-26 01:37:36', null, null, null, '', '', null);
INSERT INTO `markah_modul` VALUES ('188', '34', '922', '1475', '10.00', '78.00', '18.00', '73.00', '88.90', '7', '2017-10-26 01:39:23', null, null, null, '', '', null);
INSERT INTO `markah_modul` VALUES ('189', '35', '922', '1466', '14.00', '60.00', '17.00', '63.00', '75.80', '7', '2017-10-26 01:06:32', null, null, null, '', '', null);
INSERT INTO `markah_modul` VALUES ('190', '35', '922', '1467', '17.00', '76.00', '17.00', '77.00', '93.30', '7', '2017-10-26 01:16:03', null, null, null, '', '', null);
INSERT INTO `markah_modul` VALUES ('191', '35', '922', '1468', '14.00', '76.00', '17.00', '80.00', '92.10', '7', '2017-10-26 01:33:53', null, null, null, '', '', null);
INSERT INTO `markah_modul` VALUES ('192', '35', '922', '1469', '18.00', '78.00', '13.00', '77.00', '94.20', '7', '2017-10-26 01:42:18', null, null, null, '', '', null);
INSERT INTO `markah_modul` VALUES ('193', '35', '922', '1470', '16.00', '70.00', '18.00', '70.00', '86.60', '7', '2017-10-26 01:26:48', null, null, null, '', '', null);
INSERT INTO `markah_modul` VALUES ('194', '35', '922', '1471', '17.00', '76.00', '16.00', '76.00', '92.70', '7', '2017-10-26 01:27:29', null, null, null, '', '', null);
INSERT INTO `markah_modul` VALUES ('195', '35', '922', '1472', '17.00', '65.00', '15.00', '70.00', '82.90', '7', '2017-10-26 01:28:14', null, null, null, '', '', null);
INSERT INTO `markah_modul` VALUES ('196', '35', '922', '1473', '15.00', '65.00', '17.00', '60.00', '79.10', '7', '2017-10-26 01:29:11', null, null, null, '', '', null);
INSERT INTO `markah_modul` VALUES ('197', '35', '922', '1474', '20.00', '79.00', '20.00', '78.00', '98.70', '7', '2017-10-26 01:37:36', null, null, null, '', '', null);
INSERT INTO `markah_modul` VALUES ('198', '35', '922', '1475', '15.00', '67.00', '15.00', '66.00', '81.70', '7', '2017-10-26 01:39:23', null, null, null, '', '', null);
INSERT INTO `markah_modul` VALUES ('199', '36', '922', '1466', '17.50', '66.90', '18.90', '70.50', '85.90', '7', '2017-10-26 01:06:32', null, null, null, '', '', null);
INSERT INTO `markah_modul` VALUES ('200', '36', '922', '1467', '12.50', '55.30', '12.30', '65.00', '70.65', '7', '2017-10-26 01:16:03', null, null, null, '', '', null);
INSERT INTO `markah_modul` VALUES ('201', '36', '922', '1468', '18.00', '77.00', '19.50', '80.00', '96.35', '7', '2017-10-26 01:33:53', null, null, null, '', '', null);
INSERT INTO `markah_modul` VALUES ('202', '36', '922', '1469', '15.00', '65.00', '13.00', '50.00', '74.90', '7', '2017-10-26 01:42:18', null, null, null, '', '', null);
INSERT INTO `markah_modul` VALUES ('203', '36', '922', '1470', '15.00', '60.00', '15.00', '65.00', '76.50', '7', '2017-10-26 01:26:48', null, null, null, '', '', null);
INSERT INTO `markah_modul` VALUES ('204', '36', '922', '1471', '10.00', '50.00', '10.00', '40.00', '57.00', '7', '2017-10-26 01:27:29', null, null, null, '', '', null);
INSERT INTO `markah_modul` VALUES ('205', '36', '922', '1472', '16.00', '55.00', '15.00', '60.00', '72.20', '7', '2017-10-26 01:28:14', null, null, null, '', '', null);
INSERT INTO `markah_modul` VALUES ('206', '36', '922', '1473', '17.00', '60.00', '18.00', '65.00', '78.80', '7', '2017-10-26 01:29:11', null, null, null, '', '', null);
INSERT INTO `markah_modul` VALUES ('207', '36', '922', '1474', '10.00', '40.00', '10.00', '40.00', '50.00', '7', '2017-10-26 01:34:45', null, null, null, '', '', null);
INSERT INTO `markah_modul` VALUES ('208', '36', '922', '1475', '16.70', '74.00', '18.00', '58.00', '86.29', '7', '2017-10-26 01:39:23', null, null, null, '', '', null);
INSERT INTO `markah_modul` VALUES ('209', '37', '922', '1466', '15.60', '70.80', '19.00', '79.90', '90.15', '7', '2017-10-26 01:06:32', null, null, null, '', '', null);
INSERT INTO `markah_modul` VALUES ('210', '37', '922', '1467', '11.20', '61.90', '15.00', '77.00', '78.77', '7', '2017-10-26 01:16:03', null, null, null, '', '', null);
INSERT INTO `markah_modul` VALUES ('211', '37', '922', '1468', '14.00', '55.00', '15.00', '53.00', '68.70', '7', '2017-10-26 01:34:13', null, null, null, '', '', null);
INSERT INTO `markah_modul` VALUES ('212', '37', '922', '1469', '9.00', '49.30', '10.00', '50.00', '58.81', '7', '2017-10-26 01:42:18', null, null, null, '', '', null);
INSERT INTO `markah_modul` VALUES ('213', '37', '922', '1470', '18.00', '70.00', '18.00', '75.00', '89.50', '7', '2017-10-26 01:26:48', null, null, null, '', '', null);
INSERT INTO `markah_modul` VALUES ('214', '37', '922', '1471', '15.00', '60.00', '15.00', '70.00', '78.00', '7', '2017-10-26 01:27:29', null, null, null, '', '', null);
INSERT INTO `markah_modul` VALUES ('215', '37', '922', '1472', '17.00', '60.00', '17.00', '65.00', '78.50', '7', '2017-10-26 01:28:14', null, null, null, '', '', null);
INSERT INTO `markah_modul` VALUES ('216', '37', '922', '1473', '15.00', '65.00', '17.00', '60.00', '79.10', '7', '2017-10-26 01:29:11', null, null, null, '', '', null);
INSERT INTO `markah_modul` VALUES ('217', '37', '922', '1474', '13.00', '68.00', '10.00', '79.00', '83.40', '7', '2017-10-26 01:37:36', null, null, null, '', '', null);
INSERT INTO `markah_modul` VALUES ('218', '37', '922', '1475', '14.00', '37.00', '15.00', '55.00', '56.70', '7', '2017-10-26 01:39:23', null, null, null, '', '', null);
INSERT INTO `markah_modul` VALUES ('219', '38', '922', '1466', '18.90', '74.90', '16.90', '75.00', '93.23', '7', '2017-10-26 01:06:32', null, null, null, '', '', null);
INSERT INTO `markah_modul` VALUES ('220', '38', '922', '1467', '15.00', '68.00', '11.30', '65.00', '80.99', '7', '2017-10-26 01:16:03', null, null, null, '', '', null);
INSERT INTO `markah_modul` VALUES ('221', '38', '922', '1468', '10.20', '50.00', '10.00', '50.00', '60.14', '7', '2017-10-26 01:34:13', null, null, null, '', '', null);
INSERT INTO `markah_modul` VALUES ('222', '38', '922', '1469', '10.50', '45.00', '11.00', '50.00', '57.15', '7', '2017-10-26 01:42:18', null, null, null, '', '', null);
INSERT INTO `markah_modul` VALUES ('223', '38', '922', '1470', '15.00', '70.00', '17.00', '70.00', '85.60', '7', '2017-10-26 01:26:48', null, null, null, '', '', null);
INSERT INTO `markah_modul` VALUES ('224', '38', '922', '1471', '16.00', '60.00', '17.00', '76.00', '81.10', '7', '2017-10-26 01:27:29', null, null, null, '', '', null);
INSERT INTO `markah_modul` VALUES ('225', '38', '922', '1472', '18.00', '70.00', '19.00', '70.00', '88.30', '7', '2017-10-26 01:28:14', null, null, null, '', '', null);
INSERT INTO `markah_modul` VALUES ('226', '38', '922', '1473', '17.00', '60.00', '18.00', '75.00', '81.80', '7', '2017-10-26 01:29:11', null, null, null, '', '', null);
INSERT INTO `markah_modul` VALUES ('227', '38', '922', '1474', '8.00', '34.00', '9.00', '30.00', '41.10', '7', '2017-10-26 01:34:45', null, null, null, '', '', null);
INSERT INTO `markah_modul` VALUES ('228', '38', '922', '1475', '15.00', '49.00', '16.00', '58.00', '67.00', '7', '2017-10-26 01:39:23', null, null, null, '', '', null);
INSERT INTO `markah_modul` VALUES ('229', '39', '922', '1466', '19.00', '80.00', '19.00', '80.00', '99.00', '7', '2017-10-26 01:06:32', null, null, null, '', '', null);
INSERT INTO `markah_modul` VALUES ('230', '39', '922', '1467', '19.00', '79.80', '13.00', '78.00', '96.46', '7', '2017-10-26 01:16:03', null, null, null, '', '', null);
INSERT INTO `markah_modul` VALUES ('231', '39', '922', '1468', '15.30', '60.00', '15.20', '50.00', '72.27', '7', '2017-10-26 01:34:13', null, null, null, '', '', null);
INSERT INTO `markah_modul` VALUES ('232', '39', '922', '1469', '16.00', '58.00', '16.00', '53.00', '72.50', '7', '2017-10-26 01:42:18', null, null, null, '', '', null);
INSERT INTO `markah_modul` VALUES ('233', '39', '922', '1470', '18.00', '70.00', '16.00', '70.00', '87.40', '7', '2017-10-26 01:26:48', null, null, null, '', '', null);
INSERT INTO `markah_modul` VALUES ('234', '39', '922', '1471', '17.00', '60.00', '17.00', '65.00', '78.50', '7', '2017-10-26 01:27:29', null, null, null, '', '', null);
INSERT INTO `markah_modul` VALUES ('235', '39', '922', '1472', '17.00', '60.00', '16.00', '75.00', '81.20', '7', '2017-10-26 01:28:14', null, null, null, '', '', null);
INSERT INTO `markah_modul` VALUES ('236', '39', '922', '1473', '18.00', '65.00', '17.00', '70.00', '84.20', '7', '2017-10-26 01:29:11', null, null, null, '', '', null);
INSERT INTO `markah_modul` VALUES ('237', '39', '922', '1474', '10.00', '50.00', '10.00', '60.00', '63.00', '7', '2017-10-26 01:34:45', null, null, null, '', '', null);
INSERT INTO `markah_modul` VALUES ('238', '39', '922', '1475', '14.00', '67.00', '15.00', '48.00', '75.60', '7', '2017-10-26 01:39:23', null, null, null, '', '', null);
INSERT INTO `markah_modul` VALUES ('239', '40', '922', '1466', '17.90', '70.90', '19.00', '76.50', '90.81', '7', '2017-10-26 01:06:32', null, null, null, '', '', null);
INSERT INTO `markah_modul` VALUES ('240', '40', '922', '1467', '17.00', '65.00', '19.00', '15.00', '67.60', '7', '2017-10-26 01:16:03', null, null, null, '', '', null);
INSERT INTO `markah_modul` VALUES ('241', '40', '922', '1468', '19.00', '75.00', '18.00', '64.00', '90.40', '7', '2017-10-26 01:33:53', null, null, null, '', '', null);
INSERT INTO `markah_modul` VALUES ('242', '40', '922', '1469', '19.00', '80.00', '14.00', '70.00', '94.50', '7', '2017-10-26 01:42:18', null, null, null, '', '', null);
INSERT INTO `markah_modul` VALUES ('243', '40', '922', '1470', '15.00', '65.00', '16.00', '60.00', '78.80', '7', '2017-10-26 01:26:48', null, null, null, '', '', null);
INSERT INTO `markah_modul` VALUES ('244', '40', '922', '1471', '15.00', '65.00', '18.00', '50.00', '76.40', '7', '2017-10-26 01:27:29', null, null, null, '', '', null);
INSERT INTO `markah_modul` VALUES ('245', '40', '922', '1472', '15.00', '65.00', '16.00', '70.00', '81.80', '7', '2017-10-26 01:28:14', null, null, null, '', '', null);
INSERT INTO `markah_modul` VALUES ('246', '40', '922', '1473', '15.00', '75.00', '18.00', '70.00', '89.40', '7', '2017-10-26 01:29:11', null, null, null, '', '', null);
INSERT INTO `markah_modul` VALUES ('247', '40', '922', '1474', '9.00', '70.00', '15.00', '65.00', '79.30', '7', '2017-10-26 01:37:36', null, null, null, '', '', null);
INSERT INTO `markah_modul` VALUES ('248', '40', '922', '1475', '15.00', '65.00', '13.00', '78.00', '83.30', '7', '2017-10-26 01:39:23', null, null, null, '', '', null);
INSERT INTO `markah_modul` VALUES ('249', '41', '922', '1466', '15.00', '60.00', '15.00', '60.00', '75.00', '7', '2017-10-26 01:06:32', null, null, null, '', '', null);
INSERT INTO `markah_modul` VALUES ('250', '41', '922', '1467', '11.80', '76.00', '13.00', '65.00', '84.86', '7', '2017-10-26 01:16:03', null, null, null, '', '', null);
INSERT INTO `markah_modul` VALUES ('251', '41', '922', '1468', '17.00', '72.00', '13.30', '50.00', '81.29', '7', '2017-10-26 01:33:53', null, null, null, '', '', null);
INSERT INTO `markah_modul` VALUES ('252', '41', '922', '1469', '13.00', '65.00', '14.00', '55.00', '75.30', '7', '2017-10-26 01:42:18', null, null, null, '', '', null);
INSERT INTO `markah_modul` VALUES ('253', '41', '922', '1470', '13.00', '60.00', '16.00', '65.00', '75.40', '7', '2017-10-26 01:26:48', null, null, null, '', '', null);
INSERT INTO `markah_modul` VALUES ('254', '41', '922', '1471', '16.00', '60.00', '18.00', '60.00', '76.60', '7', '2017-10-26 01:27:29', null, null, null, '', '', null);
INSERT INTO `markah_modul` VALUES ('255', '41', '922', '1472', '17.00', '60.00', '17.00', '76.00', '81.80', '7', '2017-10-26 01:28:14', null, null, null, '', '', null);
INSERT INTO `markah_modul` VALUES ('256', '41', '922', '1473', '16.00', '70.00', '16.00', '75.00', '87.50', '7', '2017-10-26 01:29:11', null, null, null, '', '', null);
INSERT INTO `markah_modul` VALUES ('257', '41', '922', '1474', '14.00', '65.00', '16.00', '58.00', '77.50', '7', '2017-10-26 01:34:45', null, null, null, '', '', null);
INSERT INTO `markah_modul` VALUES ('258', '41', '922', '1475', '10.00', '45.00', '19.00', '56.00', '61.00', '7', '2017-10-26 01:39:23', null, null, null, '', '', null);
INSERT INTO `markah_modul` VALUES ('259', '42', '922', '1466', '17.00', '79.00', '18.00', '79.00', '96.30', '7', '2017-10-26 01:06:32', null, null, null, '', '', null);
INSERT INTO `markah_modul` VALUES ('260', '42', '922', '1467', '10.00', '50.90', '11.00', '49.90', '60.90', '7', '2017-10-26 01:16:03', null, null, null, '', '', null);
INSERT INTO `markah_modul` VALUES ('261', '42', '922', '1468', '15.00', '77.00', '18.00', '69.00', '90.50', '7', '2017-10-26 01:33:53', null, null, null, '', '', null);
INSERT INTO `markah_modul` VALUES ('262', '42', '922', '1469', '12.00', '55.00', '15.00', '65.00', '70.90', '7', '2017-10-26 01:42:18', null, null, null, '', '', null);
INSERT INTO `markah_modul` VALUES ('263', '42', '922', '1470', '15.00', '70.00', '17.00', '60.00', '82.60', '7', '2017-10-26 01:26:48', null, null, null, '', '', null);
INSERT INTO `markah_modul` VALUES ('264', '42', '922', '1471', '18.00', '70.00', '16.00', '50.00', '81.40', '7', '2017-10-26 01:27:29', null, null, null, '', '', null);
INSERT INTO `markah_modul` VALUES ('265', '42', '922', '1472', '15.00', '55.00', '15.00', '65.00', '73.00', '7', '2017-10-26 01:28:14', null, null, null, '', '', null);
INSERT INTO `markah_modul` VALUES ('266', '42', '922', '1473', '17.00', '75.00', '16.00', '70.00', '90.20', '7', '2017-10-26 01:29:11', null, null, null, '', '', null);
INSERT INTO `markah_modul` VALUES ('267', '42', '922', '1474', '18.00', '78.00', '16.00', '67.00', '92.10', '7', '2017-10-26 01:37:36', null, null, null, '', '', null);
INSERT INTO `markah_modul` VALUES ('268', '42', '922', '1475', '9.00', '57.00', '10.00', '68.00', '69.60', '7', '2017-10-26 01:39:23', null, null, null, '', '', null);
INSERT INTO `markah_modul` VALUES ('269', '43', '922', '1466', '18.00', '77.00', '17.90', '69.00', '92.57', '7', '2017-10-26 01:06:32', null, null, null, '', '', null);
INSERT INTO `markah_modul` VALUES ('270', '43', '922', '1467', '10.90', '55.90', '10.00', '50.00', '64.76', '7', '2017-10-26 01:16:03', null, null, null, '', '', null);
INSERT INTO `markah_modul` VALUES ('271', '43', '922', '1468', '16.40', '60.00', '17.20', '61.30', '77.03', '7', '2017-10-26 01:33:53', null, null, null, '', '', null);
INSERT INTO `markah_modul` VALUES ('272', '43', '922', '1469', '17.00', '78.00', '18.40', '78.90', '95.69', '7', '2017-10-26 01:42:18', null, null, null, '', '', null);
INSERT INTO `markah_modul` VALUES ('273', '43', '922', '1470', '16.00', '70.00', '16.00', '65.00', '84.50', '7', '2017-10-26 01:26:48', null, null, null, '', '', null);
INSERT INTO `markah_modul` VALUES ('274', '43', '922', '1471', '17.00', '60.00', '15.00', '70.00', '79.40', '7', '2017-10-26 01:27:29', null, null, null, '', '', null);
INSERT INTO `markah_modul` VALUES ('275', '43', '922', '1472', '16.00', '60.00', '17.00', '60.00', '76.30', '7', '2017-10-26 01:28:14', null, null, null, '', '', null);
INSERT INTO `markah_modul` VALUES ('276', '43', '922', '1473', '17.00', '70.00', '15.00', '65.00', '84.90', '7', '2017-10-26 01:29:11', null, null, null, '', '', null);
INSERT INTO `markah_modul` VALUES ('277', '43', '922', '1474', '16.00', '0.00', '18.00', '61.00', '34.90', '7', '2017-10-26 01:34:45', null, null, null, '', '', null);
INSERT INTO `markah_modul` VALUES ('278', '43', '922', '1475', '15.00', '55.00', '11.00', '54.00', '68.50', '7', '2017-10-26 01:39:23', null, null, null, '', '', null);
INSERT INTO `markah_modul` VALUES ('279', '44', '922', '1466', '13.00', '55.80', '15.00', '60.00', '70.66', '7', '2017-10-26 01:06:32', null, null, null, '', '', null);
INSERT INTO `markah_modul` VALUES ('280', '44', '922', '1467', '13.00', '61.00', '13.00', '62.00', '74.30', '7', '2017-10-26 01:16:03', null, null, null, '', '', null);
INSERT INTO `markah_modul` VALUES ('281', '44', '922', '1468', '10.30', '50.20', '11.00', '51.00', '60.95', '7', '2017-10-26 01:34:13', null, null, null, '', '', null);
INSERT INTO `markah_modul` VALUES ('282', '44', '922', '1469', '14.00', '77.00', '19.00', '78.00', '92.80', '7', '2017-10-26 01:42:18', null, null, null, '', '', null);
INSERT INTO `markah_modul` VALUES ('283', '44', '922', '1470', '18.00', '70.00', '17.00', '70.00', '87.70', '7', '2017-10-26 01:26:48', null, null, null, '', '', null);
INSERT INTO `markah_modul` VALUES ('284', '44', '922', '1471', '17.00', '50.00', '17.00', '60.00', '70.00', '7', '2017-10-26 01:27:29', null, null, null, '', '', null);
INSERT INTO `markah_modul` VALUES ('285', '44', '922', '1472', '17.00', '65.00', '18.00', '75.00', '85.30', '7', '2017-10-26 01:28:14', null, null, null, '', '', null);
INSERT INTO `markah_modul` VALUES ('286', '44', '922', '1473', '18.00', '65.00', '16.00', '70.00', '83.90', '7', '2017-10-26 01:29:11', null, null, null, '', '', null);
INSERT INTO `markah_modul` VALUES ('287', '44', '922', '1474', '14.00', '74.00', '11.00', '64.00', '84.10', '7', '2017-10-26 01:37:36', null, null, null, '', '', null);
INSERT INTO `markah_modul` VALUES ('288', '44', '922', '1475', '14.00', '58.00', '15.00', '71.00', '76.20', '7', '2017-10-26 01:39:23', null, null, null, '', '', null);
INSERT INTO `markah_modul` VALUES ('289', '45', '922', '1466', '14.60', '59.00', '17.60', '79.00', '80.50', '7', '2017-10-26 01:06:32', null, null, null, null, '', null);
INSERT INTO `markah_modul` VALUES ('290', '45', '922', '1467', '16.00', '75.00', '17.00', '77.00', '91.90', '7', '2017-10-26 01:16:03', null, null, null, null, '', null);
INSERT INTO `markah_modul` VALUES ('291', '45', '922', '1468', '12.50', '65.00', '14.00', '50.00', '73.45', '7', '2017-10-26 01:34:13', null, null, null, null, '', null);
INSERT INTO `markah_modul` VALUES ('292', '45', '922', '1469', '18.00', '67.00', '18.00', '76.00', '87.70', '7', '2017-10-26 01:42:18', null, null, null, null, '', null);
INSERT INTO `markah_modul` VALUES ('293', '45', '922', '1470', '18.00', '60.00', '15.00', '60.00', '77.10', '7', '2017-10-26 01:26:48', null, null, null, null, '', null);
INSERT INTO `markah_modul` VALUES ('294', '45', '922', '1471', '16.00', '57.00', '18.00', '70.00', '77.50', '7', '2017-10-26 01:27:29', null, null, null, null, '', null);
INSERT INTO `markah_modul` VALUES ('295', '45', '922', '1472', '17.00', '55.00', '15.00', '70.00', '75.90', '7', '2017-10-26 01:28:14', null, null, null, null, '', null);
INSERT INTO `markah_modul` VALUES ('296', '45', '922', '1473', '17.00', '60.00', '16.00', '70.00', '79.70', '7', '2017-10-26 01:29:11', null, null, null, null, '', null);
INSERT INTO `markah_modul` VALUES ('297', '45', '922', '1474', '18.00', '50.00', '15.00', '76.00', '74.90', '7', '2017-10-26 01:34:45', null, null, null, null, '', null);
INSERT INTO `markah_modul` VALUES ('298', '45', '922', '1475', '13.00', '74.00', '16.00', '64.00', '84.90', '7', '2017-10-26 01:39:23', null, null, null, null, '', null);
INSERT INTO `markah_modul` VALUES ('299', '46', '922', '1466', '19.00', '80.00', '20.00', '80.00', '99.30', '7', '2017-10-26 01:06:32', null, null, null, '', '', null);
INSERT INTO `markah_modul` VALUES ('300', '46', '922', '1467', '19.00', '75.00', '18.00', '69.00', '91.90', '7', '2017-10-26 01:16:03', null, null, null, '', '', null);
INSERT INTO `markah_modul` VALUES ('301', '46', '922', '1468', '10.90', '49.00', '16.00', '50.90', '62.00', '7', '2017-10-26 01:34:13', null, null, null, '', '', null);
INSERT INTO `markah_modul` VALUES ('302', '46', '922', '1469', '17.00', '76.00', '18.00', '79.00', '94.20', '7', '2017-10-26 01:42:18', null, null, null, '', '', null);
INSERT INTO `markah_modul` VALUES ('303', '46', '922', '1470', '17.00', '65.00', '18.00', '70.00', '83.80', '7', '2017-10-26 01:26:48', null, null, null, '', '', null);
INSERT INTO `markah_modul` VALUES ('304', '46', '922', '1471', '17.00', '60.00', '19.00', '70.00', '80.60', '7', '2017-10-26 01:27:29', null, null, null, '', '', null);
INSERT INTO `markah_modul` VALUES ('305', '46', '922', '1472', '15.00', '60.00', '16.00', '75.00', '79.80', '7', '2017-10-26 01:28:14', null, null, null, '', '', null);
INSERT INTO `markah_modul` VALUES ('306', '46', '922', '1473', '18.00', '65.00', '16.00', '76.00', '85.70', '7', '2017-10-26 01:29:11', null, null, null, '', '', null);
INSERT INTO `markah_modul` VALUES ('307', '46', '922', '1474', '15.00', '75.00', '19.00', '52.00', '84.30', '7', '2017-10-26 01:37:36', null, null, null, '', '', null);
INSERT INTO `markah_modul` VALUES ('308', '46', '922', '1475', '9.00', '32.00', '7.00', '40.00', '42.80', '7', '2017-10-26 01:39:23', null, null, null, '', '', null);
INSERT INTO `markah_modul` VALUES ('309', '47', '922', '1466', '14.00', '50.00', '16.00', '70.00', '70.60', '7', '2017-10-26 01:06:32', null, null, null, '', '', null);
INSERT INTO `markah_modul` VALUES ('310', '47', '922', '1467', '18.00', '73.00', '18.00', '64.00', '88.30', '7', '2017-10-26 01:16:03', null, null, null, '', '', null);
INSERT INTO `markah_modul` VALUES ('311', '47', '922', '1468', '12.00', '55.00', '14.00', '58.00', '68.50', '7', '2017-10-26 01:34:13', null, null, null, '', '', null);
INSERT INTO `markah_modul` VALUES ('312', '47', '922', '1469', '16.50', '78.30', '17.40', '78.80', '95.22', '7', '2017-10-26 01:42:18', null, null, null, '', '', null);
INSERT INTO `markah_modul` VALUES ('313', '47', '922', '1470', '18.00', '78.00', '19.00', '78.00', '96.30', '7', '2017-10-26 01:26:48', null, null, null, '', '', null);
INSERT INTO `markah_modul` VALUES ('314', '47', '922', '1471', '16.00', '60.00', '17.00', '60.00', '76.30', '7', '2017-10-26 01:27:29', null, null, null, '', '', null);
INSERT INTO `markah_modul` VALUES ('315', '47', '922', '1472', '16.00', '65.00', '15.00', '65.00', '80.70', '7', '2017-10-26 01:28:14', null, null, null, '', '', null);
INSERT INTO `markah_modul` VALUES ('316', '47', '922', '1473', '15.00', '65.00', '17.00', '75.00', '83.60', '7', '2017-10-26 01:29:11', null, null, null, '', '', null);
INSERT INTO `markah_modul` VALUES ('317', '47', '922', '1474', '15.00', '74.00', '11.00', '78.00', '89.00', '7', '2017-10-26 01:37:36', null, null, null, '', '', null);
INSERT INTO `markah_modul` VALUES ('318', '47', '922', '1475', '18.00', '79.00', '14.00', '75.00', '94.60', '7', '2017-10-26 01:39:23', null, null, null, '', '', null);
INSERT INTO `markah_modul` VALUES ('319', '48', '922', '1466', '10.00', '49.00', '10.00', '49.00', '59.00', '7', '2017-10-26 01:06:32', null, null, null, '', '', null);
INSERT INTO `markah_modul` VALUES ('320', '48', '922', '1467', '17.00', '70.00', '18.00', '77.00', '89.40', '7', '2017-10-26 01:16:03', null, null, null, '', '', null);
INSERT INTO `markah_modul` VALUES ('321', '48', '922', '1468', '15.00', '54.00', '16.00', '57.00', '70.20', '7', '2017-10-26 01:34:13', null, null, null, '', '', null);
INSERT INTO `markah_modul` VALUES ('322', '48', '922', '1469', '15.00', '65.00', '18.00', '67.00', '81.50', '7', '2017-10-26 01:42:18', null, null, null, '', '', null);
INSERT INTO `markah_modul` VALUES ('323', '48', '922', '1470', '15.00', '70.00', '16.00', '70.00', '85.30', '7', '2017-10-26 01:26:48', null, null, null, '', '', null);
INSERT INTO `markah_modul` VALUES ('324', '48', '922', '1471', '15.00', '65.00', '18.00', '78.00', '84.80', '7', '2017-10-26 01:27:29', null, null, null, '', '', null);
INSERT INTO `markah_modul` VALUES ('325', '48', '922', '1472', '18.00', '60.00', '17.00', '70.00', '80.70', '7', '2017-10-26 01:28:14', null, null, null, '', '', null);
INSERT INTO `markah_modul` VALUES ('326', '48', '922', '1473', '16.00', '60.00', '17.00', '70.00', '79.30', '7', '2017-10-26 01:29:11', null, null, null, '', '', null);
INSERT INTO `markah_modul` VALUES ('327', '48', '922', '1474', '6.00', '45.00', '8.00', '77.00', '61.20', '7', '2017-10-26 01:34:45', null, null, null, '', '', null);
INSERT INTO `markah_modul` VALUES ('328', '48', '922', '1475', '13.00', '75.00', '17.00', '75.00', '89.20', '7', '2017-10-26 01:39:23', null, null, null, '', '', null);
INSERT INTO `markah_modul` VALUES ('329', '49', '922', '1466', '13.00', '50.00', '15.00', '51.00', '63.90', '7', '2017-10-26 01:06:32', null, null, null, '', '', null);
INSERT INTO `markah_modul` VALUES ('330', '49', '922', '1467', '15.00', '80.00', '17.00', '79.00', '95.30', '7', '2017-10-26 01:16:03', null, null, null, '', '', null);
INSERT INTO `markah_modul` VALUES ('331', '49', '922', '1468', '10.50', '49.30', '15.00', '55.00', '62.86', '7', '2017-10-26 01:34:13', null, null, null, '', '', null);
INSERT INTO `markah_modul` VALUES ('332', '49', '922', '1469', '19.00', '80.00', '19.00', '75.00', '97.50', '7', '2017-10-26 01:42:18', null, null, null, '', '', null);
INSERT INTO `markah_modul` VALUES ('333', '49', '922', '1470', '18.00', '60.00', '17.00', '70.00', '80.70', '7', '2017-10-26 01:26:48', null, null, null, '', '', null);
INSERT INTO `markah_modul` VALUES ('334', '49', '922', '1471', '17.00', '55.00', '17.00', '70.00', '76.50', '7', '2017-10-26 01:27:29', null, null, null, '', '', null);
INSERT INTO `markah_modul` VALUES ('335', '49', '922', '1472', '18.00', '60.00', '16.00', '65.00', '78.90', '7', '2017-10-26 01:28:14', null, null, null, '', '', null);
INSERT INTO `markah_modul` VALUES ('336', '49', '922', '1473', '15.00', '60.00', '18.00', '78.00', '81.30', '7', '2017-10-26 01:29:11', null, null, null, '', '', null);
INSERT INTO `markah_modul` VALUES ('337', '49', '922', '1474', '15.00', '35.00', '17.00', '58.00', '57.50', '7', '2017-10-26 01:34:45', null, null, null, '', '', null);
INSERT INTO `markah_modul` VALUES ('338', '49', '922', '1475', '14.00', '68.00', '18.00', '63.00', '81.70', '7', '2017-10-26 01:39:23', null, null, null, '', '', null);
INSERT INTO `markah_modul` VALUES ('339', '50', '922', '1466', '18.00', '79.60', '19.00', '80.00', '98.02', '7', '2017-10-26 01:06:32', null, null, null, '', '', null);
INSERT INTO `markah_modul` VALUES ('340', '50', '922', '1467', '12.60', '72.30', '19.00', '75.90', '87.90', '7', '2017-10-26 01:16:03', null, null, null, '', '', null);
INSERT INTO `markah_modul` VALUES ('341', '50', '922', '1468', '17.50', '73.00', '20.00', '79.00', '93.05', '7', '2017-10-26 01:33:53', null, null, null, '', '', null);
INSERT INTO `markah_modul` VALUES ('342', '50', '922', '1469', '18.90', '76.30', '19.00', '78.00', '95.74', '7', '2017-10-26 01:42:18', null, null, null, '', '', null);
INSERT INTO `markah_modul` VALUES ('343', '50', '922', '1470', '17.00', '60.00', '17.00', '65.00', '78.50', '7', '2017-10-26 01:26:48', null, null, null, '', '', null);
INSERT INTO `markah_modul` VALUES ('344', '50', '922', '1471', '16.00', '70.00', '16.00', '75.00', '87.50', '7', '2017-10-26 01:27:29', null, null, null, '', '', null);
INSERT INTO `markah_modul` VALUES ('345', '50', '922', '1472', '16.00', '60.00', '17.00', '75.00', '80.80', '7', '2017-10-26 01:28:14', null, null, null, '', '', null);
INSERT INTO `markah_modul` VALUES ('346', '50', '922', '1473', '18.00', '75.00', '18.00', '75.00', '93.00', '7', '2017-10-26 01:29:11', null, null, null, '', '', null);
INSERT INTO `markah_modul` VALUES ('347', '50', '922', '1474', '8.00', '35.00', '8.00', '35.00', '43.00', '7', '2017-10-26 01:34:45', null, null, null, '', '', null);
INSERT INTO `markah_modul` VALUES ('348', '50', '922', '1475', '14.00', '74.00', '15.00', '72.00', '87.70', '7', '2017-10-26 01:39:23', null, null, null, '', '', null);
INSERT INTO `markah_modul` VALUES ('349', '51', '919', '1986', '17.00', '68.00', '17.00', '70.00', '85.60', '7', '2017-10-26 01:34:12', null, null, null, '', '', null);
INSERT INTO `markah_modul` VALUES ('350', '51', '919', '1987', '12.00', '55.00', '10.00', '45.00', '63.40', '7', '2017-10-26 02:10:32', null, null, null, '', '', null);
INSERT INTO `markah_modul` VALUES ('351', '51', '919', '1988', '12.00', '56.00', '13.00', '56.00', '68.30', '7', '2017-10-26 02:09:38', null, null, null, '', '', null);
INSERT INTO `markah_modul` VALUES ('352', '51', '919', '1990', '18.00', '79.00', '16.70', '72.60', '94.69', '7', '2017-10-26 01:45:29', null, null, null, '', '', null);
INSERT INTO `markah_modul` VALUES ('353', '51', '919', '1992', '15.00', '78.00', '18.00', '69.00', '91.20', '7', '2017-10-26 02:04:22', null, null, null, '', '', null);
INSERT INTO `markah_modul` VALUES ('354', '51', '919', '1993', '14.00', '60.00', '16.00', '78.00', '80.00', '7', '2017-10-26 02:15:53', null, null, null, '', '', null);
INSERT INTO `markah_modul` VALUES ('355', '51', '919', '1994', '12.00', '55.00', '12.00', '65.00', '70.00', '7', '2017-10-26 02:22:14', null, null, null, '', '', null);
INSERT INTO `markah_modul` VALUES ('356', '51', '919', '1995', '18.90', '75.00', '15.00', '65.70', '89.94', '7', '2017-10-26 01:42:31', null, null, null, '', '', null);
INSERT INTO `markah_modul` VALUES ('357', '51', '919', '1996', '12.00', '56.00', '12.00', '78.00', '74.60', '7', '2017-10-26 01:49:16', null, null, null, '', '', null);
INSERT INTO `markah_modul` VALUES ('358', '53', '919', '1986', '13.00', '46.00', '11.00', '60.00', '62.60', '7', '2017-10-26 02:44:31', null, null, 'markah tak terampil', 'JSPGN bil 15/2018 memutuskan perlu rayuan sijil modular', '', null);
INSERT INTO `markah_modul` VALUES ('359', '53', '919', '1987', '10.00', '45.00', '12.00', '60.00', '60.10', '7', '2017-10-26 02:10:32', null, null, null, 'JSPGN bil 15/2018 memutuskan perlu rayuan sijil modular', '', null);
INSERT INTO `markah_modul` VALUES ('360', '53', '919', '1988', '9.00', '28.00', '10.00', '40.00', '40.90', '7', '2017-10-26 03:37:46', null, null, null, 'JSPGN bil 15/2018 memutuskan perlu rayuan sijil modular', '', null);
INSERT INTO `markah_modul` VALUES ('361', '53', '919', '1990', '16.56', '75.00', '15.00', '71.70', '90.10', '7', '2017-10-26 01:45:29', null, null, null, 'JSPGN bil 15/2018 memutuskan perlu rayuan sijil modular', '', null);
INSERT INTO `markah_modul` VALUES ('362', '53', '919', '1992', '15.00', '42.00', '13.00', '56.00', '60.60', '7', '2017-10-26 02:46:22', null, null, 'markah tak terampil', 'JSPGN bil 15/2018 memutuskan perlu rayuan sijil modular', '', null);
INSERT INTO `markah_modul` VALUES ('363', '53', '919', '1993', '12.00', '56.00', '16.00', '65.00', '71.90', '7', '2017-10-26 02:16:54', null, null, null, 'JSPGN bil 15/2018 memutuskan perlu rayuan sijil modular', '', null);
INSERT INTO `markah_modul` VALUES ('364', '53', '919', '1994', '13.00', '67.00', '16.00', '77.00', '83.90', '7', '2017-10-26 02:22:14', null, null, null, 'JSPGN bil 15/2018 memutuskan perlu rayuan sijil modular', '', null);
INSERT INTO `markah_modul` VALUES ('365', '53', '919', '1995', '9.00', '45.00', '9.00', '45.00', '54.00', '7', '2017-10-26 03:38:39', null, null, null, 'JSPGN bil 15/2018 memutuskan perlu rayuan sijil modular', '', null);
INSERT INTO `markah_modul` VALUES ('366', '53', '919', '1996', '13.00', '78.00', '13.00', '67.00', '87.70', '7', '2017-10-26 01:49:16', null, null, null, 'JSPGN bil 15/2018 memutuskan perlu rayuan sijil modular', '', null);
INSERT INTO `markah_modul` VALUES ('367', '54', '919', '1986', '17.00', '71.00', '18.00', '71.00', '88.30', '7', '2017-10-26 01:34:12', null, null, null, '', '', null);
INSERT INTO `markah_modul` VALUES ('368', '54', '919', '1987', '13.00', '48.00', '10.00', '54.00', '61.90', '7', '2017-10-26 02:10:32', null, null, null, '', '', null);
INSERT INTO `markah_modul` VALUES ('369', '54', '919', '1988', '11.00', '58.00', '11.00', '71.00', '72.90', '7', '2017-10-26 02:09:38', null, null, null, '', '', null);
INSERT INTO `markah_modul` VALUES ('370', '54', '919', '1990', '17.78', '50.00', '19.10', '69.00', '73.88', '7', '2017-10-26 01:45:29', null, null, null, '', '', null);
INSERT INTO `markah_modul` VALUES ('371', '54', '919', '1992', '18.00', '70.00', '17.00', '78.00', '90.10', '7', '2017-10-26 02:04:22', null, null, null, '', '', null);
INSERT INTO `markah_modul` VALUES ('372', '54', '919', '1993', '17.00', '67.00', '18.00', '67.00', '84.30', '7', '2017-10-26 02:15:53', null, null, null, '', '', null);
INSERT INTO `markah_modul` VALUES ('373', '54', '919', '1994', '16.00', '56.00', '17.00', '66.00', '75.30', '7', '2017-10-26 02:22:14', null, null, null, '', '', null);
INSERT INTO `markah_modul` VALUES ('374', '54', '919', '1995', '14.00', '67.00', '18.00', '19.00', '67.80', '7', '2017-10-26 01:42:31', null, null, null, '', '', null);
INSERT INTO `markah_modul` VALUES ('375', '54', '919', '1996', '13.00', '78.00', '14.00', '65.00', '87.40', '7', '2017-10-26 01:49:16', null, null, null, '', '', null);
INSERT INTO `markah_modul` VALUES ('376', '55', '919', '1986', '13.00', '69.00', '10.00', '79.00', '84.10', '7', '2017-10-26 01:34:12', null, null, null, '', '', null);
INSERT INTO `markah_modul` VALUES ('377', '55', '919', '1987', '16.00', '60.00', '12.00', '50.00', '71.80', '7', '2017-10-26 02:45:16', null, null, 'markah tak terampil', '', '', null);
INSERT INTO `markah_modul` VALUES ('378', '55', '919', '1988', '10.00', '50.00', '15.00', '67.00', '66.60', '7', '2017-10-26 02:09:06', null, null, null, '', '', null);
INSERT INTO `markah_modul` VALUES ('379', '55', '919', '1990', '15.00', '40.00', '12.00', '67.00', '62.20', '7', '2017-10-26 01:45:29', null, null, null, '', '', null);
INSERT INTO `markah_modul` VALUES ('380', '55', '919', '1992', '12.00', '59.00', '17.00', '69.00', '75.50', '7', '2017-10-26 02:04:22', null, null, null, '', '', null);
INSERT INTO `markah_modul` VALUES ('381', '55', '919', '1993', '15.00', '77.00', '16.00', '76.00', '92.00', '7', '2017-10-26 02:15:53', null, null, null, '', '', null);
INSERT INTO `markah_modul` VALUES ('382', '55', '919', '1994', '17.00', '77.00', '12.00', '77.00', '92.50', '7', '2017-10-26 02:22:14', null, null, null, '', '', null);
INSERT INTO `markah_modul` VALUES ('383', '55', '919', '1995', '20.00', '78.00', '14.00', '67.00', '92.90', '7', '2017-10-26 01:42:31', null, null, null, '', '', null);
INSERT INTO `markah_modul` VALUES ('384', '55', '919', '1996', '11.00', '78.00', '20.00', '80.00', '92.30', '7', '2017-10-26 01:49:16', null, null, null, '', '', null);
INSERT INTO `markah_modul` VALUES ('385', '56', '919', '1986', '13.00', '77.00', '12.00', '60.00', '84.60', '7', '2017-10-26 01:34:12', null, null, null, '', '', null);
INSERT INTO `markah_modul` VALUES ('386', '56', '919', '1987', '11.00', '51.00', '15.00', '60.00', '65.90', '7', '2017-10-26 02:10:32', null, null, null, '', '', null);
INSERT INTO `markah_modul` VALUES ('387', '56', '919', '1988', '9.00', '67.00', '11.00', '78.00', '79.90', '7', '2017-10-26 02:09:38', null, null, null, '', '', null);
INSERT INTO `markah_modul` VALUES ('388', '56', '919', '1990', '17.00', '78.00', '19.00', '80.00', '96.20', '7', '2017-10-26 01:45:29', null, null, null, '', '', null);
INSERT INTO `markah_modul` VALUES ('389', '56', '919', '1992', '17.00', '79.00', '18.00', '76.00', '95.40', '7', '2017-10-26 02:04:22', null, null, null, '', '', null);
INSERT INTO `markah_modul` VALUES ('390', '56', '919', '1993', '17.00', '66.00', '18.00', '67.00', '83.60', '7', '2017-10-26 02:15:53', null, null, null, '', '', null);
INSERT INTO `markah_modul` VALUES ('391', '56', '919', '1994', '13.00', '67.00', '15.00', '77.00', '83.60', '7', '2017-10-26 02:22:14', null, null, null, '', '', null);
INSERT INTO `markah_modul` VALUES ('392', '56', '919', '1995', '14.00', '56.00', '12.00', '78.00', '76.00', '7', '2017-10-26 01:42:31', null, null, null, '', '', null);
INSERT INTO `markah_modul` VALUES ('393', '56', '919', '1996', '12.00', '56.00', '13.00', '80.00', '75.50', '7', '2017-10-26 01:49:16', null, null, null, '', '', null);
INSERT INTO `markah_modul` VALUES ('394', '57', '919', '1986', '11.00', '65.00', '10.00', '50.00', '71.20', '7', '2017-10-26 01:34:12', null, null, null, '', '', null);
INSERT INTO `markah_modul` VALUES ('395', '57', '919', '1987', '15.00', '62.00', '10.00', '68.00', '77.30', '7', '2017-10-26 02:10:32', null, null, null, '', '', null);
INSERT INTO `markah_modul` VALUES ('396', '57', '919', '1988', '13.00', '63.00', '12.00', '60.00', '74.80', '7', '2017-10-26 02:09:38', null, null, null, '', '', null);
INSERT INTO `markah_modul` VALUES ('397', '57', '919', '1990', '15.80', '78.80', '17.00', '77.00', '94.42', '7', '2017-10-26 01:45:29', null, null, null, '', '', null);
INSERT INTO `markah_modul` VALUES ('398', '57', '919', '1992', '16.00', '72.00', '18.00', '78.00', '90.40', '7', '2017-10-26 02:04:22', null, null, null, '', '', null);
INSERT INTO `markah_modul` VALUES ('399', '57', '919', '1993', '17.00', '77.00', '17.00', '78.00', '94.30', '7', '2017-10-26 02:15:53', null, null, null, '', '', null);
INSERT INTO `markah_modul` VALUES ('400', '57', '919', '1994', '13.00', '56.00', '16.00', '77.00', '76.20', '7', '2017-10-26 02:22:14', null, null, null, '', '', null);
INSERT INTO `markah_modul` VALUES ('401', '57', '919', '1995', '14.80', '80.00', '20.00', '80.00', '96.36', '7', '2017-10-26 01:42:31', null, null, null, '', '', null);
INSERT INTO `markah_modul` VALUES ('402', '57', '919', '1996', '14.00', '70.00', '12.00', '66.00', '82.20', '7', '2017-10-26 01:49:16', null, null, null, '', '', null);
INSERT INTO `markah_modul` VALUES ('403', '58', '919', '1986', '19.50', '79.00', '19.00', '79.00', '98.35', '7', '2017-10-26 03:35:18', null, null, null, null, '', null);
INSERT INTO `markah_modul` VALUES ('404', '58', '919', '1987', '19.00', '79.00', '19.00', '79.00', '98.00', '7', '2017-10-26 03:36:03', null, null, null, null, '', null);
INSERT INTO `markah_modul` VALUES ('405', '58', '919', '1988', '19.50', '79.50', '19.50', '79.50', '99.00', '7', '2017-10-26 03:37:46', null, null, null, null, '', null);
INSERT INTO `markah_modul` VALUES ('406', '58', '919', '1990', '18.00', '76.00', '16.00', '76.77', '93.63', '7', '2017-10-26 01:45:29', null, null, null, null, '', null);
INSERT INTO `markah_modul` VALUES ('407', '58', '919', '1992', '18.00', '78.00', '17.00', '77.00', '95.40', '7', '2017-10-26 02:04:22', null, null, null, null, '', null);
INSERT INTO `markah_modul` VALUES ('408', '58', '919', '1993', '18.00', '78.00', '12.00', '76.00', '93.60', '7', '2017-10-26 02:15:53', null, null, null, null, '', null);
INSERT INTO `markah_modul` VALUES ('409', '58', '919', '1994', '16.00', '77.00', '15.00', '56.00', '86.40', '7', '2017-10-26 02:22:14', null, null, null, null, '', null);
INSERT INTO `markah_modul` VALUES ('410', '58', '919', '1995', '16.00', '79.00', '14.90', '55.00', '87.47', '7', '2017-10-26 01:42:31', null, null, null, null, '', null);
INSERT INTO `markah_modul` VALUES ('411', '58', '919', '1996', '13.00', '79.00', '13.00', '78.00', '91.70', '7', '2017-10-26 01:49:16', null, null, null, null, '', null);
INSERT INTO `markah_modul` VALUES ('412', '59', '919', '1986', '13.00', '73.00', '13.00', '44.00', '77.30', '7', '2017-10-26 01:34:12', null, null, null, '', '', null);
INSERT INTO `markah_modul` VALUES ('413', '59', '919', '1987', '12.00', '53.00', '14.90', '62.00', '68.57', '7', '2017-10-26 02:10:32', null, null, null, '', '', null);
INSERT INTO `markah_modul` VALUES ('414', '59', '919', '1988', '12.00', '53.00', '12.00', '72.00', '70.70', '7', '2017-10-26 02:09:38', null, null, null, '', '', null);
INSERT INTO `markah_modul` VALUES ('415', '59', '919', '1990', '12.50', '67.00', '18.90', '72.76', '83.15', '7', '2017-10-26 01:45:29', null, null, null, '', '', null);
INSERT INTO `markah_modul` VALUES ('416', '59', '919', '1992', '16.00', '76.00', '15.00', '69.00', '89.60', '7', '2017-10-26 02:04:44', null, null, null, '', '', null);
INSERT INTO `markah_modul` VALUES ('417', '59', '919', '1993', '16.00', '66.00', '15.00', '65.00', '81.40', '7', '2017-10-26 02:15:53', null, null, null, '', '', null);
INSERT INTO `markah_modul` VALUES ('418', '59', '919', '1994', '14.00', '65.00', '16.00', '65.00', '79.60', '7', '2017-10-26 02:22:14', null, null, null, '', '', null);
INSERT INTO `markah_modul` VALUES ('419', '59', '919', '1995', '17.00', '74.00', '11.00', '80.00', '91.00', '7', '2017-10-26 01:42:31', null, null, null, '', '', null);
INSERT INTO `markah_modul` VALUES ('420', '59', '919', '1996', '11.00', '80.00', '13.00', '80.00', '91.60', '7', '2017-10-26 01:49:16', null, null, null, '', '', null);
INSERT INTO `markah_modul` VALUES ('421', '60', '919', '1986', '12.00', '65.00', '10.00', '36.00', '67.70', '7', '2017-10-26 01:34:12', null, null, null, '', '', null);
INSERT INTO `markah_modul` VALUES ('422', '60', '919', '1987', '10.00', '58.00', '14.00', '55.00', '68.30', '7', '2017-10-26 02:10:32', null, null, null, '', '', null);
INSERT INTO `markah_modul` VALUES ('423', '60', '919', '1988', '10.00', '59.00', '11.00', '45.00', '65.10', '7', '2017-10-26 02:09:06', null, null, null, '', '', null);
INSERT INTO `markah_modul` VALUES ('424', '60', '919', '1990', '18.90', '76.99', '16.65', '77.76', '95.45', '7', '2017-10-26 01:45:29', null, null, null, '', '', null);
INSERT INTO `markah_modul` VALUES ('425', '60', '919', '1992', '19.00', '77.00', '12.00', '77.00', '93.90', '7', '2017-10-26 02:04:22', null, null, null, '', '', null);
INSERT INTO `markah_modul` VALUES ('426', '60', '919', '1993', '15.00', '59.00', '17.00', '76.00', '79.70', '7', '2017-10-26 02:16:54', null, null, null, '', '', null);
INSERT INTO `markah_modul` VALUES ('427', '60', '919', '1994', '12.00', '66.00', '13.00', '66.00', '78.30', '7', '2017-10-26 02:22:14', null, null, null, '', '', null);
INSERT INTO `markah_modul` VALUES ('428', '60', '919', '1995', '20.00', '80.00', '20.00', '80.00', '100.00', '7', '2017-10-26 01:42:31', null, null, null, '', '', null);
INSERT INTO `markah_modul` VALUES ('429', '60', '919', '1996', '12.00', '56.00', '11.00', '78.00', '74.30', '7', '2017-10-26 01:49:16', null, null, null, '', '', null);
INSERT INTO `markah_modul` VALUES ('430', '61', '919', '1986', '14.00', '55.00', '13.00', '38.00', '63.60', '7', '2017-10-26 01:34:12', null, null, null, '', '', null);
INSERT INTO `markah_modul` VALUES ('431', '61', '919', '1987', '12.00', '51.00', '12.00', '58.00', '65.10', '7', '2017-10-26 02:10:32', null, null, null, '', '', null);
INSERT INTO `markah_modul` VALUES ('432', '61', '919', '1988', '15.00', '60.00', '15.00', '58.00', '74.40', '7', '2017-10-26 02:09:38', null, null, null, '', '', null);
INSERT INTO `markah_modul` VALUES ('433', '61', '919', '1990', '12.66', '45.00', '13.00', '67.00', '64.36', '7', '2017-10-26 01:45:29', null, null, null, '', '', null);
INSERT INTO `markah_modul` VALUES ('434', '61', '919', '1992', '11.00', '67.00', '17.00', '66.00', '79.50', '7', '2017-10-26 02:04:22', null, null, null, '', '', null);
INSERT INTO `markah_modul` VALUES ('435', '61', '919', '1993', '16.00', '66.00', '18.00', '66.00', '82.60', '7', '2017-10-26 02:15:53', null, null, null, '', '', null);
INSERT INTO `markah_modul` VALUES ('436', '61', '919', '1994', '14.00', '67.00', '16.00', '66.00', '81.30', '7', '2017-10-26 02:22:14', null, null, null, '', '', null);
INSERT INTO `markah_modul` VALUES ('437', '61', '919', '1995', '13.00', '78.00', '11.00', '45.00', '80.50', '7', '2017-10-26 01:42:31', null, null, null, '', '', null);
INSERT INTO `markah_modul` VALUES ('438', '61', '919', '1996', '12.00', '67.00', '14.00', '80.00', '83.50', '7', '2017-10-26 01:49:16', null, null, null, '', '', null);
INSERT INTO `markah_modul` VALUES ('439', '62', '919', '1986', '16.00', '49.00', '10.00', '47.00', '62.60', '7', '2017-10-26 01:34:12', null, null, null, '', '', null);
INSERT INTO `markah_modul` VALUES ('440', '62', '919', '1987', '11.00', '60.00', '11.00', '78.00', '76.40', '7', '2017-10-26 02:10:32', null, null, null, '', '', null);
INSERT INTO `markah_modul` VALUES ('441', '62', '919', '1988', '16.00', '54.00', '14.00', '72.00', '74.80', '7', '2017-10-26 02:09:38', null, null, null, '', '', null);
INSERT INTO `markah_modul` VALUES ('442', '62', '919', '1990', '10.11', '66.00', '16.00', '55.00', '74.58', '7', '2017-10-26 01:45:29', null, null, null, '', '', null);
INSERT INTO `markah_modul` VALUES ('443', '62', '919', '1992', '17.00', '78.00', '18.00', '77.00', '95.00', '7', '2017-10-26 02:04:22', null, null, null, '', '', null);
INSERT INTO `markah_modul` VALUES ('444', '62', '919', '1993', '17.00', '67.00', '15.00', '76.00', '86.10', '7', '2017-10-26 02:15:53', null, null, null, '', '', null);
INSERT INTO `markah_modul` VALUES ('445', '62', '919', '1994', '12.00', '66.00', '13.00', '66.00', '78.30', '7', '2017-10-26 02:22:14', null, null, null, '', '', null);
INSERT INTO `markah_modul` VALUES ('446', '62', '919', '1995', '17.00', '80.00', '20.00', '55.00', '90.40', '7', '2017-10-26 01:42:31', null, null, null, '', '', null);
INSERT INTO `markah_modul` VALUES ('447', '62', '919', '1996', '20.00', '80.00', '20.00', '80.00', '100.00', '7', '2017-10-26 01:49:16', null, null, null, '', '', null);
INSERT INTO `markah_modul` VALUES ('448', '63', '919', '1986', '13.00', '78.00', '15.00', '53.00', '84.10', '7', '2017-10-26 01:34:12', null, null, null, '', '', null);
INSERT INTO `markah_modul` VALUES ('449', '63', '919', '1987', '15.00', '55.00', '10.00', '67.00', '72.10', '7', '2017-10-26 02:10:32', null, null, null, '', '', null);
INSERT INTO `markah_modul` VALUES ('450', '63', '919', '1988', '9.00', '56.00', '11.00', '64.00', '68.00', '7', '2017-10-26 02:09:06', null, null, null, '', '', null);
INSERT INTO `markah_modul` VALUES ('451', '63', '919', '1990', '18.00', '78.00', '19.00', '77.00', '96.00', '7', '2017-10-26 01:45:29', null, null, null, '', '', null);
INSERT INTO `markah_modul` VALUES ('452', '63', '919', '1992', '15.00', '76.00', '18.00', '77.00', '92.20', '7', '2017-10-26 02:04:22', null, null, null, '', '', null);
INSERT INTO `markah_modul` VALUES ('453', '63', '919', '1993', '12.00', '67.00', '14.00', '76.99', '82.60', '7', '2017-10-26 02:15:53', null, null, null, '', '', null);
INSERT INTO `markah_modul` VALUES ('454', '63', '919', '1994', '14.00', '56.00', '15.00', '66.00', '73.30', '7', '2017-10-26 02:22:14', null, null, null, '', '', null);
INSERT INTO `markah_modul` VALUES ('455', '63', '919', '1995', '11.00', '75.00', '20.00', '55.00', '82.70', '7', '2017-10-26 01:42:31', null, null, null, '', '', null);
INSERT INTO `markah_modul` VALUES ('456', '63', '919', '1996', '12.00', '76.00', '12.00', '78.90', '88.87', '7', '2017-10-26 01:49:16', null, null, null, '', '', null);
INSERT INTO `markah_modul` VALUES ('457', '64', '919', '1986', '12.00', '59.00', '9.00', '55.00', '68.90', '7', '2017-10-26 01:34:12', null, null, null, '', '', null);
INSERT INTO `markah_modul` VALUES ('458', '64', '919', '1987', '13.00', '65.00', '9.90', '67.00', '77.67', '7', '2017-10-26 02:10:32', null, null, null, '', '', null);
INSERT INTO `markah_modul` VALUES ('459', '64', '919', '1988', '13.00', '53.00', '13.00', '65.00', '69.60', '7', '2017-10-26 02:09:06', null, null, null, '', '', null);
INSERT INTO `markah_modul` VALUES ('460', '64', '919', '1990', '16.00', '68.00', '17.00', '77.00', '87.00', '7', '2017-10-26 01:45:29', null, null, null, '', '', null);
INSERT INTO `markah_modul` VALUES ('461', '64', '919', '1992', '16.00', '79.00', '16.00', '68.00', '91.70', '7', '2017-10-26 02:04:22', null, null, null, '', '', null);
INSERT INTO `markah_modul` VALUES ('462', '64', '919', '1993', '12.00', '65.00', '13.00', '78.00', '81.20', '7', '2017-10-26 02:16:54', null, null, null, '', '', null);
INSERT INTO `markah_modul` VALUES ('463', '64', '919', '1994', '14.00', '66.00', '16.00', '66.00', '80.60', '7', '2017-10-26 02:22:14', null, null, null, '', '', null);
INSERT INTO `markah_modul` VALUES ('464', '64', '919', '1995', '20.00', '80.00', '20.00', '80.00', '100.00', '7', '2017-10-26 01:42:31', null, null, null, '', '', null);
INSERT INTO `markah_modul` VALUES ('465', '64', '919', '1996', '11.00', '80.00', '14.00', '76.00', '90.70', '7', '2017-10-26 01:49:16', null, null, null, '', '', null);
INSERT INTO `markah_modul` VALUES ('466', '65', '919', '1986', '14.00', '56.00', '10.00', '34.00', '62.20', '7', '2017-10-26 01:34:12', null, null, null, '', '', null);
INSERT INTO `markah_modul` VALUES ('467', '65', '919', '1987', '11.00', '51.00', '12.00', '45.00', '60.50', '7', '2017-10-26 02:10:32', null, null, null, '', '', null);
INSERT INTO `markah_modul` VALUES ('468', '65', '919', '1988', '12.00', '62.00', '16.00', '54.00', '72.80', '7', '2017-10-26 02:09:38', null, null, null, '', '', null);
INSERT INTO `markah_modul` VALUES ('469', '65', '919', '1990', '19.00', '76.00', '18.90', '78.00', '95.57', '7', '2017-10-26 01:45:29', null, null, null, '', '', null);
INSERT INTO `markah_modul` VALUES ('470', '65', '919', '1992', '15.00', '78.00', '18.00', '67.00', '90.60', '7', '2017-10-26 02:04:22', null, null, null, '', '', null);
INSERT INTO `markah_modul` VALUES ('471', '65', '919', '1993', '17.00', '67.00', '12.00', '77.00', '85.50', '7', '2017-10-26 02:16:54', null, null, null, '', '', null);
INSERT INTO `markah_modul` VALUES ('472', '65', '919', '1994', '18.00', '77.00', '15.00', '77.00', '94.10', '7', '2017-10-26 02:22:14', null, null, null, '', '', null);
INSERT INTO `markah_modul` VALUES ('473', '65', '919', '1995', '10.00', '70.00', '10.00', '70.00', '80.00', '7', '2017-10-26 01:42:31', null, null, null, '', '', null);
INSERT INTO `markah_modul` VALUES ('474', '65', '919', '1996', '14.00', '77.00', '11.00', '77.00', '90.10', '7', '2017-10-26 01:49:16', null, null, null, '', '', null);
INSERT INTO `markah_modul` VALUES ('475', '66', '919', '1986', '10.00', '50.00', '15.00', '45.00', '60.00', '7', '2017-10-26 01:34:12', null, null, null, '', '', null);
INSERT INTO `markah_modul` VALUES ('476', '66', '919', '1987', '12.90', '50.00', '9.00', '65.00', '66.23', '7', '2017-10-26 02:10:32', null, null, null, '', '', null);
INSERT INTO `markah_modul` VALUES ('477', '66', '919', '1988', '10.00', '53.00', '11.00', '61.00', '65.70', '7', '2017-10-26 02:09:06', null, null, null, '', '', null);
INSERT INTO `markah_modul` VALUES ('478', '66', '919', '1990', '19.80', '78.77', '18.00', '77.00', '97.50', '7', '2017-10-26 01:45:29', null, null, null, '', '', null);
INSERT INTO `markah_modul` VALUES ('479', '66', '919', '1992', '17.00', '77.00', '17.00', '76.00', '93.70', '7', '2017-10-26 02:04:44', null, null, null, '', '', null);
INSERT INTO `markah_modul` VALUES ('480', '66', '919', '1993', '16.00', '56.00', '17.00', '66.00', '75.30', '7', '2017-10-26 02:16:54', null, null, null, '', '', null);
INSERT INTO `markah_modul` VALUES ('481', '66', '919', '1994', '14.00', '65.00', '14.00', '55.00', '76.00', '7', '2017-10-26 02:22:14', null, null, null, '', '', null);
INSERT INTO `markah_modul` VALUES ('482', '66', '919', '1995', '11.00', '55.00', '11.00', '78.00', '72.90', '7', '2017-10-26 01:42:31', null, null, null, '', '', null);
INSERT INTO `markah_modul` VALUES ('483', '66', '919', '1996', '11.00', '80.00', '12.00', '67.00', '87.40', '7', '2017-10-26 01:49:16', null, null, null, '', '', null);
INSERT INTO `markah_modul` VALUES ('484', '67', '919', '1986', '13.00', '54.00', '12.00', '34.00', '60.70', '7', '2017-10-26 01:34:12', null, null, null, '', '', null);
INSERT INTO `markah_modul` VALUES ('485', '67', '919', '1987', '13.00', '49.00', '11.00', '68.00', '67.10', '7', '2017-10-26 02:10:32', null, null, null, '', '', null);
INSERT INTO `markah_modul` VALUES ('486', '67', '919', '1988', '16.00', '51.00', '10.00', '56.00', '66.70', '7', '2017-10-26 02:09:06', null, null, null, '', '', null);
INSERT INTO `markah_modul` VALUES ('487', '67', '919', '1990', '20.00', '70.00', '17.00', '77.00', '91.20', '7', '2017-10-26 01:45:29', null, null, null, '', '', null);
INSERT INTO `markah_modul` VALUES ('488', '67', '919', '1992', '18.00', '67.00', '17.00', '77.00', '87.70', '7', '2017-10-26 02:04:22', null, null, null, '', '', null);
INSERT INTO `markah_modul` VALUES ('489', '67', '919', '1993', '16.00', '67.00', '18.00', '76.00', '86.30', '7', '2017-10-26 02:16:54', null, null, null, '', '', null);
INSERT INTO `markah_modul` VALUES ('490', '67', '919', '1994', '15.00', '55.00', '16.00', '72.00', '75.40', '7', '2017-10-26 02:22:14', null, null, null, '', '', null);
INSERT INTO `markah_modul` VALUES ('491', '67', '919', '1995', '12.00', '34.00', '20.00', '80.00', '62.20', '7', '2017-10-26 01:42:31', null, null, null, '', '', null);
INSERT INTO `markah_modul` VALUES ('492', '67', '919', '1996', '17.00', '80.00', '12.00', '65.00', '91.00', '7', '2017-10-26 01:49:16', null, null, null, '', '', null);
INSERT INTO `markah_modul` VALUES ('493', '68', '919', '1986', '16.40', '50.90', '10.80', '36.70', '61.36', '7', '2017-10-26 01:34:12', null, null, null, '', '', null);
INSERT INTO `markah_modul` VALUES ('494', '68', '919', '1987', '12.00', '68.00', '17.00', '74.00', '83.30', '7', '2017-10-26 02:10:32', null, null, null, '', '', null);
INSERT INTO `markah_modul` VALUES ('495', '68', '919', '1988', '10.00', '67.00', '12.00', '50.00', '72.50', '7', '2017-10-26 02:09:38', null, null, null, '', '', null);
INSERT INTO `markah_modul` VALUES ('496', '68', '919', '1990', '17.88', '77.88', '18.00', '79.00', '96.13', '7', '2017-10-26 01:45:29', null, null, null, '', '', null);
INSERT INTO `markah_modul` VALUES ('497', '68', '919', '1992', '16.00', '77.00', '13.00', '76.00', '91.80', '7', '2017-10-26 02:05:15', null, null, null, '', '', null);
INSERT INTO `markah_modul` VALUES ('498', '68', '919', '1993', '14.00', '67.00', '17.00', '67.00', '81.90', '7', '2017-10-26 02:16:54', null, null, null, '', '', null);
INSERT INTO `markah_modul` VALUES ('499', '68', '919', '1994', '14.00', '55.00', '16.00', '55.00', '69.60', '7', '2017-10-26 02:22:14', null, null, null, '', '', null);
INSERT INTO `markah_modul` VALUES ('500', '68', '919', '1995', '11.00', '45.00', '14.00', '80.00', '67.40', '7', '2017-10-26 01:42:31', null, null, null, '', '', null);
INSERT INTO `markah_modul` VALUES ('501', '68', '919', '1996', '12.00', '56.00', '12.00', '80.00', '75.20', '7', '2017-10-26 01:49:16', null, null, null, '', '', null);
INSERT INTO `markah_modul` VALUES ('502', '69', '920', '1466', '0.00', '0.00', '0.00', '0.00', '0.00', '0', null, null, null, null, null, null, null);
INSERT INTO `markah_modul` VALUES ('503', '69', '920', '1467', '0.00', '0.00', '0.00', '0.00', '0.00', '0', null, null, null, null, null, null, null);
INSERT INTO `markah_modul` VALUES ('504', '69', '920', '1468', '0.00', '0.00', '0.00', '0.00', '0.00', '0', null, null, null, null, null, null, null);
INSERT INTO `markah_modul` VALUES ('505', '69', '920', '1469', '0.00', '0.00', '0.00', '0.00', '0.00', '0', null, null, null, null, null, null, null);
INSERT INTO `markah_modul` VALUES ('506', '69', '920', '1470', '0.00', '0.00', '0.00', '0.00', '0.00', '0', null, null, null, null, null, null, null);
INSERT INTO `markah_modul` VALUES ('507', '69', '920', '1471', '0.00', '0.00', '0.00', '0.00', '0.00', '0', null, null, null, null, null, null, null);
INSERT INTO `markah_modul` VALUES ('508', '69', '920', '1472', '0.00', '0.00', '0.00', '0.00', '0.00', '0', null, null, null, null, null, null, null);
INSERT INTO `markah_modul` VALUES ('509', '69', '920', '1473', '0.00', '0.00', '0.00', '0.00', '0.00', '0', null, null, null, null, null, null, null);
INSERT INTO `markah_modul` VALUES ('510', '69', '920', '1474', '0.00', '0.00', '0.00', '0.00', '0.00', '0', null, null, null, null, null, null, null);
INSERT INTO `markah_modul` VALUES ('511', '69', '920', '1475', '0.00', '0.00', '0.00', '0.00', '0.00', '0', null, null, null, null, null, null, null);
INSERT INTO `markah_modul` VALUES ('512', '70', '919', '1986', '20.00', '80.00', '20.00', '80.00', '100.00', '7', '2017-10-27 05:28:15', null, null, null, '', '', null);
INSERT INTO `markah_modul` VALUES ('513', '70', '919', '1987', '20.00', '80.00', '20.00', '80.00', '100.00', '7', '2017-11-01 02:12:36', null, null, null, '', '', null);
INSERT INTO `markah_modul` VALUES ('514', '70', '919', '1988', '18.00', '78.00', '18.00', '78.00', '96.00', '7', '2017-11-01 02:29:31', null, null, null, '', '', null);
INSERT INTO `markah_modul` VALUES ('515', '70', '919', '1990', '17.00', '67.00', '17.00', '67.00', '84.00', '7', '2017-11-01 02:30:39', null, null, null, '', '', null);
INSERT INTO `markah_modul` VALUES ('516', '70', '919', '1992', '17.00', '78.00', '17.00', '78.00', '95.00', '7', '2017-11-01 02:31:33', null, null, null, '', '', null);
INSERT INTO `markah_modul` VALUES ('517', '70', '919', '1993', '15.00', '5.00', '6.00', '15.00', '20.30', '7', '2017-11-01 02:32:09', null, null, null, '', '', null);
INSERT INTO `markah_modul` VALUES ('518', '70', '919', '1994', '15.00', '56.00', '15.00', '56.00', '71.00', '7', '2017-11-01 02:32:55', null, null, null, '', '', null);
INSERT INTO `markah_modul` VALUES ('519', '70', '919', '1995', '15.00', '56.00', '1.00', '56.00', '66.80', '7', '2017-11-01 02:34:05', null, null, null, '', '', null);
INSERT INTO `markah_modul` VALUES ('520', '70', '919', '1996', '15.00', '56.00', '15.00', '56.00', '71.00', '7', '2017-11-01 02:34:37', null, null, null, '', '', null);
INSERT INTO `markah_modul` VALUES ('531', '72', '32', '1986', '15.00', '55.00', '14.00', '78.00', '76.60', '6', '2017-10-26 05:59:45', null, null, null, '', null, null);
INSERT INTO `markah_modul` VALUES ('532', '72', '32', '1987', '20.00', '80.00', '20.00', '80.00', '100.00', '6', '2017-10-26 06:00:23', null, null, null, '', null, null);
INSERT INTO `markah_modul` VALUES ('533', '72', '32', '1988', '20.00', '80.00', '20.00', '80.00', '100.00', '6', '2017-10-26 06:01:01', null, null, null, '', null, null);
INSERT INTO `markah_modul` VALUES ('534', '72', '32', '1990', '20.00', '80.00', '20.00', '80.00', '100.00', '6', '2017-10-26 06:01:36', null, null, null, '', null, null);
INSERT INTO `markah_modul` VALUES ('535', '72', '32', '1992', '20.00', '80.00', '20.00', '80.00', '100.00', '6', '2017-10-26 06:02:17', null, null, null, '', null, null);
INSERT INTO `markah_modul` VALUES ('536', '72', '32', '1993', '20.00', '80.00', '20.00', '80.00', '100.00', '6', '2017-10-26 06:02:54', null, null, null, '', null, null);
INSERT INTO `markah_modul` VALUES ('537', '72', '32', '1994', '20.00', '80.00', '20.00', '80.00', '100.00', '6', '2017-10-26 06:03:36', null, null, null, '', null, null);
INSERT INTO `markah_modul` VALUES ('538', '72', '32', '1995', '20.00', '80.00', '20.00', '80.00', '100.00', '6', '2017-10-26 06:04:27', null, null, null, '', null, null);
INSERT INTO `markah_modul` VALUES ('539', '72', '32', '1996', '20.00', '80.00', '20.00', '80.00', '100.00', '6', '2017-10-26 06:05:00', null, null, null, '', null, null);
INSERT INTO `markah_modul` VALUES ('540', '73', '32', '1986', '15.00', '70.00', '20.00', '80.00', '89.50', '6', '2017-10-26 05:59:45', null, null, null, '', null, null);
INSERT INTO `markah_modul` VALUES ('541', '73', '32', '1987', '20.00', '80.00', '20.00', '80.00', '100.00', '6', '2017-10-26 06:00:23', null, null, null, '', null, null);
INSERT INTO `markah_modul` VALUES ('542', '73', '32', '1988', '20.00', '80.00', '20.00', '80.00', '100.00', '6', '2017-10-26 06:01:01', null, null, null, '', null, null);
INSERT INTO `markah_modul` VALUES ('543', '73', '32', '1990', '20.00', '80.00', '20.00', '80.00', '100.00', '6', '2017-10-26 06:01:36', null, null, null, '', null, null);
INSERT INTO `markah_modul` VALUES ('544', '73', '32', '1992', '20.00', '80.00', '20.00', '80.00', '100.00', '6', '2017-10-26 06:02:17', null, null, null, '', null, null);
INSERT INTO `markah_modul` VALUES ('545', '73', '32', '1993', '20.00', '80.00', '20.00', '80.00', '100.00', '6', '2017-10-26 06:02:54', null, null, null, '', null, null);
INSERT INTO `markah_modul` VALUES ('546', '73', '32', '1994', '20.00', '80.00', '20.00', '80.00', '100.00', '6', '2017-10-26 06:03:36', null, null, null, '', null, null);
INSERT INTO `markah_modul` VALUES ('547', '73', '32', '1995', '20.00', '80.00', '20.00', '80.00', '100.00', '6', '2017-10-26 06:04:27', null, null, null, '', null, null);
INSERT INTO `markah_modul` VALUES ('548', '73', '32', '1996', '20.00', '80.00', '20.00', '80.00', '100.00', '6', '2017-10-26 06:05:00', null, null, null, '', null, null);
INSERT INTO `markah_modul` VALUES ('549', '74', '32', '1986', '16.00', '78.00', '16.00', '78.00', '94.00', '6', '2017-10-26 05:59:45', null, null, null, '', null, null);
INSERT INTO `markah_modul` VALUES ('550', '74', '32', '1987', '20.00', '80.00', '20.00', '80.00', '100.00', '6', '2017-10-26 06:00:23', null, null, null, '', null, null);
INSERT INTO `markah_modul` VALUES ('551', '74', '32', '1988', '20.00', '80.00', '20.00', '80.00', '100.00', '6', '2017-10-26 06:01:01', null, null, null, '', null, null);
INSERT INTO `markah_modul` VALUES ('552', '74', '32', '1990', '20.00', '80.00', '20.00', '80.00', '100.00', '6', '2017-10-26 06:01:36', null, null, null, '', null, null);
INSERT INTO `markah_modul` VALUES ('553', '74', '32', '1992', '20.00', '80.00', '20.00', '80.00', '100.00', '6', '2017-10-26 06:02:17', null, null, null, '', null, null);
INSERT INTO `markah_modul` VALUES ('554', '74', '32', '1993', '20.00', '80.00', '20.00', '80.00', '100.00', '6', '2017-10-26 06:02:54', null, null, null, '', null, null);
INSERT INTO `markah_modul` VALUES ('555', '74', '32', '1994', '20.00', '80.00', '20.00', '80.00', '100.00', '6', '2017-10-26 06:03:36', null, null, null, '', null, null);
INSERT INTO `markah_modul` VALUES ('556', '74', '32', '1995', '20.00', '80.00', '20.00', '80.00', '100.00', '6', '2017-10-26 06:04:27', null, null, null, '', null, null);
INSERT INTO `markah_modul` VALUES ('557', '74', '32', '1996', '20.00', '80.00', '20.00', '80.00', '100.00', '6', '2017-10-26 06:05:00', null, null, null, '', null, null);
INSERT INTO `markah_modul` VALUES ('558', '75', '32', '1986', '16.00', '78.00', '15.00', '67.00', '90.40', '6', '2017-10-26 05:59:45', null, null, null, '', null, null);
INSERT INTO `markah_modul` VALUES ('559', '75', '32', '1987', '20.00', '80.00', '20.00', '80.00', '100.00', '6', '2017-10-26 06:00:23', null, null, null, '', null, null);
INSERT INTO `markah_modul` VALUES ('560', '75', '32', '1988', '20.00', '80.00', '20.00', '80.00', '100.00', '6', '2017-10-26 06:01:01', null, null, null, '', null, null);
INSERT INTO `markah_modul` VALUES ('561', '75', '32', '1990', '20.00', '80.00', '20.00', '80.00', '100.00', '6', '2017-10-26 06:01:36', null, null, null, '', null, null);
INSERT INTO `markah_modul` VALUES ('562', '75', '32', '1992', '20.00', '80.00', '20.00', '80.00', '100.00', '6', '2017-10-26 06:02:17', null, null, null, '', null, null);
INSERT INTO `markah_modul` VALUES ('563', '75', '32', '1993', '20.00', '80.00', '20.00', '80.00', '100.00', '6', '2017-10-26 06:02:54', null, null, null, '', null, null);
INSERT INTO `markah_modul` VALUES ('564', '75', '32', '1994', '20.00', '80.00', '20.00', '80.00', '100.00', '6', '2017-10-26 06:03:36', null, null, null, '', null, null);
INSERT INTO `markah_modul` VALUES ('565', '75', '32', '1995', '20.00', '80.00', '20.00', '80.00', '100.00', '6', '2017-10-26 06:04:27', null, null, null, '', null, null);
INSERT INTO `markah_modul` VALUES ('566', '75', '32', '1996', '20.00', '80.00', '20.00', '80.00', '100.00', '6', '2017-10-26 06:05:00', null, null, null, '', null, null);
INSERT INTO `markah_modul` VALUES ('612', '19', '1', '1986', '0.00', '0.00', '0.00', '0.00', '0.00', '0', null, null, null, null, null, null, null);
INSERT INTO `markah_modul` VALUES ('613', '19', '1', '1987', '0.00', '0.00', '0.00', '0.00', '0.00', '0', null, null, null, null, null, null, null);
INSERT INTO `markah_modul` VALUES ('614', '19', '1', '1988', '0.00', '0.00', '0.00', '0.00', '0.00', '0', null, null, null, null, null, null, null);
INSERT INTO `markah_modul` VALUES ('615', '19', '1', '1990', '0.00', '0.00', '0.00', '0.00', '0.00', '0', null, null, null, null, null, null, null);
INSERT INTO `markah_modul` VALUES ('616', '19', '1', '1992', '0.00', '0.00', '0.00', '0.00', '0.00', '0', null, null, null, null, null, null, null);
INSERT INTO `markah_modul` VALUES ('617', '19', '1', '1993', '0.00', '0.00', '0.00', '0.00', '0.00', '0', null, null, null, null, null, null, null);
INSERT INTO `markah_modul` VALUES ('618', '19', '1', '1994', '0.00', '0.00', '0.00', '0.00', '0.00', '0', null, null, null, null, null, null, null);
INSERT INTO `markah_modul` VALUES ('619', '19', '1', '1995', '0.00', '0.00', '0.00', '0.00', '0.00', '0', null, null, null, null, null, null, null);
INSERT INTO `markah_modul` VALUES ('620', '19', '1', '1996', '0.00', '0.00', '0.00', '0.00', '0.00', '0', null, null, null, null, null, null, null);
INSERT INTO `markah_modul` VALUES ('627', '16', '1', '1986', '0.00', '0.00', '0.00', '0.00', '0.00', '0', null, null, null, null, null, null, null);
INSERT INTO `markah_modul` VALUES ('628', '16', '1', '1987', '0.00', '0.00', '0.00', '0.00', '0.00', '0', null, null, null, null, null, null, null);
INSERT INTO `markah_modul` VALUES ('629', '16', '1', '1988', '0.00', '0.00', '0.00', '0.00', '0.00', '0', null, null, null, null, null, null, null);
INSERT INTO `markah_modul` VALUES ('630', '16', '1', '1990', '0.00', '0.00', '0.00', '0.00', '0.00', '0', null, null, null, null, null, null, null);
INSERT INTO `markah_modul` VALUES ('631', '16', '1', '1992', '0.00', '0.00', '0.00', '0.00', '0.00', '0', null, null, null, null, null, null, null);
INSERT INTO `markah_modul` VALUES ('632', '16', '1', '1993', '0.00', '0.00', '0.00', '0.00', '0.00', '0', null, null, null, null, null, null, null);
INSERT INTO `markah_modul` VALUES ('633', '16', '1', '1994', '0.00', '0.00', '0.00', '0.00', '0.00', '0', null, null, null, null, null, null, null);
INSERT INTO `markah_modul` VALUES ('634', '16', '1', '1995', '0.00', '0.00', '0.00', '0.00', '0.00', '0', null, null, null, null, null, null, null);
INSERT INTO `markah_modul` VALUES ('635', '16', '1', '1996', '0.00', '0.00', '0.00', '0.00', '0.00', '0', null, null, null, null, null, null, null);
INSERT INTO `markah_modul` VALUES ('730', '84', '919', '1986', '20.00', '80.00', '20.00', '80.00', '100.00', '7', '2017-11-01 02:27:46', null, null, null, '', '', null);
INSERT INTO `markah_modul` VALUES ('731', '84', '919', '1987', '20.00', '80.00', '20.00', '80.00', '100.00', '7', '2017-11-01 02:12:36', null, null, null, '', '', null);
INSERT INTO `markah_modul` VALUES ('732', '84', '919', '1988', '18.00', '78.00', '18.00', '78.00', '96.00', '7', '2017-11-01 02:29:31', null, null, null, '', '', null);
INSERT INTO `markah_modul` VALUES ('733', '84', '919', '1990', '17.00', '66.00', '16.00', '67.00', '83.00', '7', '2017-11-01 02:30:39', null, null, null, '', '', null);
INSERT INTO `markah_modul` VALUES ('734', '84', '919', '1992', '11.00', '15.00', '15.00', '60.00', '40.70', '7', '2017-11-01 02:31:33', null, null, null, '', '', null);
INSERT INTO `markah_modul` VALUES ('735', '84', '919', '1993', '15.00', '56.00', '15.00', '56.00', '71.00', '7', '2017-11-01 02:32:09', null, null, null, '', '', null);
INSERT INTO `markah_modul` VALUES ('736', '84', '919', '1994', '15.00', '56.00', '15.00', '56.00', '71.00', '7', '2017-11-01 02:32:55', null, null, null, '', '', null);
INSERT INTO `markah_modul` VALUES ('737', '84', '919', '1995', '15.00', '56.00', '15.00', '56.00', '71.00', '7', '2017-11-01 02:34:05', null, null, null, '', '', null);
INSERT INTO `markah_modul` VALUES ('738', '84', '919', '1996', '14.00', '45.00', '14.00', '56.00', '62.30', '7', '2017-11-01 02:34:37', null, null, null, '', '', null);
INSERT INTO `markah_modul` VALUES ('739', '85', '922', '1466', '20.00', '80.00', '20.00', '80.00', '100.00', '2', '2017-10-27 03:55:19', null, null, null, null, null, null);
INSERT INTO `markah_modul` VALUES ('740', '85', '922', '1467', '17.00', '65.00', '17.00', '65.00', '82.00', '2', '2017-10-27 05:31:25', null, null, null, null, null, null);
INSERT INTO `markah_modul` VALUES ('741', '85', '922', '1468', '18.00', '67.00', '17.00', '75.00', '87.10', '2', '2017-10-27 05:32:56', null, null, null, null, null, null);
INSERT INTO `markah_modul` VALUES ('742', '85', '922', '1469', '17.00', '76.00', '17.00', '76.00', '93.00', '2', '2017-10-27 05:34:18', null, null, null, null, null, null);
INSERT INTO `markah_modul` VALUES ('743', '85', '922', '1470', '0.00', '0.00', '0.00', '0.00', '0.00', '0', null, null, null, null, null, null, null);
INSERT INTO `markah_modul` VALUES ('744', '85', '922', '1471', '0.00', '0.00', '0.00', '0.00', '0.00', '0', null, null, null, null, null, null, null);
INSERT INTO `markah_modul` VALUES ('745', '85', '922', '1472', '0.00', '0.00', '0.00', '0.00', '0.00', '0', null, null, null, null, null, null, null);
INSERT INTO `markah_modul` VALUES ('746', '85', '922', '1473', '0.00', '0.00', '0.00', '0.00', '0.00', '0', null, null, null, null, null, null, null);
INSERT INTO `markah_modul` VALUES ('747', '85', '922', '1474', '0.00', '0.00', '0.00', '0.00', '0.00', '0', null, null, null, null, null, null, null);
INSERT INTO `markah_modul` VALUES ('748', '85', '922', '1475', '0.00', '0.00', '0.00', '0.00', '0.00', '0', null, null, null, null, null, null, null);
INSERT INTO `markah_modul` VALUES ('933', '105', '33', '1986', '0.00', '0.00', '0.00', '0.00', '0.00', '0', null, null, null, null, null, null, null);
INSERT INTO `markah_modul` VALUES ('934', '105', '33', '1987', '0.00', '0.00', '0.00', '0.00', '0.00', '0', null, null, null, null, null, null, null);
INSERT INTO `markah_modul` VALUES ('935', '105', '33', '1988', '0.00', '0.00', '0.00', '0.00', '0.00', '0', null, null, null, null, null, null, null);
INSERT INTO `markah_modul` VALUES ('936', '105', '33', '1990', '0.00', '0.00', '0.00', '0.00', '0.00', '0', null, null, null, null, null, null, null);
INSERT INTO `markah_modul` VALUES ('937', '105', '33', '1992', '0.00', '0.00', '0.00', '0.00', '0.00', '0', null, null, null, null, null, null, null);
INSERT INTO `markah_modul` VALUES ('938', '105', '33', '1993', '0.00', '0.00', '0.00', '0.00', '0.00', '0', null, null, null, null, null, null, null);
INSERT INTO `markah_modul` VALUES ('939', '105', '33', '1994', '0.00', '0.00', '0.00', '0.00', '0.00', '0', null, null, null, null, null, null, null);
INSERT INTO `markah_modul` VALUES ('940', '105', '33', '1995', '0.00', '0.00', '0.00', '0.00', '0.00', '0', null, null, null, null, null, null, null);
INSERT INTO `markah_modul` VALUES ('941', '105', '33', '1996', '0.00', '0.00', '0.00', '0.00', '0.00', '0', null, null, null, null, null, null, null);
INSERT INTO `markah_modul` VALUES ('942', '106', '33', '1986', '0.00', '0.00', '0.00', '0.00', '0.00', '0', null, null, null, null, null, null, null);
INSERT INTO `markah_modul` VALUES ('943', '106', '33', '1987', '0.00', '0.00', '0.00', '0.00', '0.00', '0', null, null, null, null, null, null, null);
INSERT INTO `markah_modul` VALUES ('944', '106', '33', '1988', '0.00', '0.00', '0.00', '0.00', '0.00', '0', null, null, null, null, null, null, null);
INSERT INTO `markah_modul` VALUES ('945', '106', '33', '1990', '0.00', '0.00', '0.00', '0.00', '0.00', '0', null, null, null, null, null, null, null);
INSERT INTO `markah_modul` VALUES ('946', '106', '33', '1992', '0.00', '0.00', '0.00', '0.00', '0.00', '0', null, null, null, null, null, null, null);
INSERT INTO `markah_modul` VALUES ('947', '106', '33', '1993', '0.00', '0.00', '0.00', '0.00', '0.00', '0', null, null, null, null, null, null, null);
INSERT INTO `markah_modul` VALUES ('948', '106', '33', '1994', '0.00', '0.00', '0.00', '0.00', '0.00', '0', null, null, null, null, null, null, null);
INSERT INTO `markah_modul` VALUES ('949', '106', '33', '1995', '0.00', '0.00', '0.00', '0.00', '0.00', '0', null, null, null, null, null, null, null);
INSERT INTO `markah_modul` VALUES ('950', '106', '33', '1996', '0.00', '0.00', '0.00', '0.00', '0.00', '0', null, null, null, null, null, null, null);
INSERT INTO `markah_modul` VALUES ('951', '107', '33', '1986', '0.00', '0.00', '0.00', '0.00', '0.00', '0', null, null, null, null, null, null, null);
INSERT INTO `markah_modul` VALUES ('952', '107', '33', '1987', '0.00', '0.00', '0.00', '0.00', '0.00', '0', null, null, null, null, null, null, null);
INSERT INTO `markah_modul` VALUES ('953', '107', '33', '1988', '0.00', '0.00', '0.00', '0.00', '0.00', '0', null, null, null, null, null, null, null);
INSERT INTO `markah_modul` VALUES ('954', '107', '33', '1990', '0.00', '0.00', '0.00', '0.00', '0.00', '0', null, null, null, null, null, null, null);
INSERT INTO `markah_modul` VALUES ('955', '107', '33', '1992', '0.00', '0.00', '0.00', '0.00', '0.00', '0', null, null, null, null, null, null, null);
INSERT INTO `markah_modul` VALUES ('956', '107', '33', '1993', '0.00', '0.00', '0.00', '0.00', '0.00', '0', null, null, null, null, null, null, null);
INSERT INTO `markah_modul` VALUES ('957', '107', '33', '1994', '0.00', '0.00', '0.00', '0.00', '0.00', '0', null, null, null, null, null, null, null);
INSERT INTO `markah_modul` VALUES ('958', '107', '33', '1995', '0.00', '0.00', '0.00', '0.00', '0.00', '0', null, null, null, null, null, null, null);
INSERT INTO `markah_modul` VALUES ('959', '107', '33', '1996', '0.00', '0.00', '0.00', '0.00', '0.00', '0', null, null, null, null, null, null, null);
INSERT INTO `markah_modul` VALUES ('960', '108', '30', '1986', '0.00', '0.00', '0.00', '0.00', '0.00', '0', null, null, null, null, null, null, null);
INSERT INTO `markah_modul` VALUES ('961', '108', '30', '1987', '0.00', '0.00', '0.00', '0.00', '0.00', '0', null, null, null, null, null, null, null);
INSERT INTO `markah_modul` VALUES ('962', '108', '30', '1988', '0.00', '0.00', '0.00', '0.00', '0.00', '0', null, null, null, null, null, null, null);
INSERT INTO `markah_modul` VALUES ('963', '108', '30', '1990', '0.00', '0.00', '0.00', '0.00', '0.00', '0', null, null, null, null, null, null, null);
INSERT INTO `markah_modul` VALUES ('964', '108', '30', '1992', '0.00', '0.00', '0.00', '0.00', '0.00', '0', null, null, null, null, null, null, null);
INSERT INTO `markah_modul` VALUES ('965', '108', '30', '1993', '0.00', '0.00', '0.00', '0.00', '0.00', '0', null, null, null, null, null, null, null);
INSERT INTO `markah_modul` VALUES ('966', '108', '30', '1994', '0.00', '0.00', '0.00', '0.00', '0.00', '0', null, null, null, null, null, null, null);
INSERT INTO `markah_modul` VALUES ('967', '108', '30', '1995', '0.00', '0.00', '0.00', '0.00', '0.00', '0', null, null, null, null, null, null, null);
INSERT INTO `markah_modul` VALUES ('968', '108', '30', '1996', '0.00', '0.00', '0.00', '0.00', '0.00', '0', null, null, null, null, null, null, null);
INSERT INTO `markah_modul` VALUES ('978', '110', '278', '1466', '0.00', '0.00', '0.00', '0.00', '0.00', '0', null, null, null, null, null, null, null);
INSERT INTO `markah_modul` VALUES ('979', '110', '278', '1467', '0.00', '0.00', '0.00', '0.00', '0.00', '0', null, null, null, null, null, null, null);
INSERT INTO `markah_modul` VALUES ('980', '110', '278', '1468', '0.00', '0.00', '0.00', '0.00', '0.00', '0', null, null, null, null, null, null, null);
INSERT INTO `markah_modul` VALUES ('981', '110', '278', '1469', '0.00', '0.00', '0.00', '0.00', '0.00', '0', null, null, null, null, null, null, null);
INSERT INTO `markah_modul` VALUES ('982', '110', '278', '1470', '0.00', '0.00', '0.00', '0.00', '0.00', '0', null, null, null, null, null, null, null);
INSERT INTO `markah_modul` VALUES ('983', '110', '278', '1471', '0.00', '0.00', '0.00', '0.00', '0.00', '0', null, null, null, null, null, null, null);
INSERT INTO `markah_modul` VALUES ('984', '110', '278', '1472', '0.00', '0.00', '0.00', '0.00', '0.00', '0', null, null, null, null, null, null, null);
INSERT INTO `markah_modul` VALUES ('985', '110', '278', '1473', '0.00', '0.00', '0.00', '0.00', '0.00', '0', null, null, null, null, null, null, null);
INSERT INTO `markah_modul` VALUES ('986', '110', '278', '1474', '0.00', '0.00', '0.00', '0.00', '0.00', '0', null, null, null, null, null, null, null);
INSERT INTO `markah_modul` VALUES ('987', '110', '278', '1475', '0.00', '0.00', '0.00', '0.00', '0.00', '0', null, null, null, null, null, null, null);
INSERT INTO `markah_modul` VALUES ('1008', '113', '919', '1986', '20.00', '80.00', '20.00', '80.00', '100.00', '7', '2017-11-01 02:11:48', null, null, null, '', '', null);
INSERT INTO `markah_modul` VALUES ('1009', '113', '919', '1987', '20.00', '80.00', '20.00', '80.00', '100.00', '7', '2017-11-01 02:12:36', null, null, null, '', '', null);
INSERT INTO `markah_modul` VALUES ('1010', '113', '919', '1988', '18.00', '78.00', '18.00', '78.00', '96.00', '7', '2017-11-01 02:29:31', null, null, null, '', '', null);
INSERT INTO `markah_modul` VALUES ('1011', '113', '919', '1990', '17.00', '67.00', '16.00', '67.00', '83.70', '7', '2017-11-01 02:30:39', null, null, null, '', '', null);
INSERT INTO `markah_modul` VALUES ('1012', '113', '919', '1992', '14.00', '15.00', '15.00', '45.00', '38.30', '7', '2017-11-01 02:31:33', null, null, null, '', '', null);
INSERT INTO `markah_modul` VALUES ('1013', '113', '919', '1993', '14.00', '56.00', '15.00', '56.00', '70.30', '7', '2017-11-01 02:32:09', null, null, null, '', '', null);
INSERT INTO `markah_modul` VALUES ('1014', '113', '919', '1994', '11.00', '34.00', '15.00', '57.00', '53.10', '7', '2017-11-01 02:32:55', null, null, null, '', '', null);
INSERT INTO `markah_modul` VALUES ('1015', '113', '919', '1995', '15.00', '56.00', '15.00', '56.00', '71.00', '7', '2017-11-01 02:34:05', null, null, null, '', '', null);
INSERT INTO `markah_modul` VALUES ('1016', '113', '919', '1996', '14.00', '45.00', '14.00', '56.00', '62.30', '7', '2017-11-01 02:34:37', null, null, null, '', '', null);
INSERT INTO `markah_modul` VALUES ('1017', '114', '919', '1986', '20.00', '80.00', '20.00', '80.00', '100.00', '7', '2017-11-01 02:27:46', null, null, null, '', '', null);
INSERT INTO `markah_modul` VALUES ('1018', '114', '919', '1987', '18.00', '78.00', '18.00', '78.00', '96.00', '7', '2017-11-01 02:28:20', null, null, null, '', '', null);
INSERT INTO `markah_modul` VALUES ('1019', '114', '919', '1988', '10.00', '80.00', '18.00', '80.00', '92.40', '7', '2017-11-01 02:29:31', null, null, null, '', '', null);
INSERT INTO `markah_modul` VALUES ('1020', '114', '919', '1990', '15.00', '56.00', '4.00', '80.00', '74.90', '7', '2017-11-01 02:30:39', null, null, null, '', '', null);
INSERT INTO `markah_modul` VALUES ('1021', '114', '919', '1992', '14.00', '56.00', '11.00', '55.00', '68.80', '7', '2017-11-01 02:31:33', null, null, null, '', '', null);
INSERT INTO `markah_modul` VALUES ('1022', '114', '919', '1993', '14.00', '45.00', '16.00', '67.00', '66.20', '7', '2017-11-01 02:32:09', null, null, null, '', '', null);
INSERT INTO `markah_modul` VALUES ('1023', '114', '919', '1994', '17.00', '78.00', '17.00', '78.00', '95.00', '7', '2017-11-01 02:32:55', null, null, null, '', '', null);
INSERT INTO `markah_modul` VALUES ('1024', '114', '919', '1995', '10.00', '67.00', '6.00', '16.00', '60.50', '7', '2017-11-01 02:34:05', null, null, null, '', '', null);
INSERT INTO `markah_modul` VALUES ('1025', '114', '919', '1996', '18.00', '78.00', '17.00', '78.00', '95.70', '7', '2017-11-01 02:34:37', null, null, null, '', '', null);
INSERT INTO `markah_modul` VALUES ('1026', '115', '919', '1986', '20.00', '80.00', '20.00', '80.00', '100.00', '7', '2017-11-01 02:27:46', null, null, null, '', '', null);
INSERT INTO `markah_modul` VALUES ('1027', '115', '919', '1987', '17.00', '78.00', '17.00', '78.00', '95.00', '7', '2017-11-01 02:28:20', null, null, null, '', '', null);
INSERT INTO `markah_modul` VALUES ('1028', '115', '919', '1988', '10.00', '79.00', '18.00', '78.00', '91.10', '7', '2017-11-01 02:29:31', null, null, null, '', '', null);
INSERT INTO `markah_modul` VALUES ('1029', '115', '919', '1990', '1.00', '56.00', '7.00', '78.00', '65.40', '7', '2017-11-01 02:30:39', null, null, null, '', '', null);
INSERT INTO `markah_modul` VALUES ('1030', '115', '919', '1992', '11.00', '34.00', '11.00', '45.00', '48.30', '7', '2017-11-01 02:31:33', null, null, null, '', '', null);
INSERT INTO `markah_modul` VALUES ('1031', '115', '919', '1993', '14.00', '45.00', '16.00', '67.00', '66.20', '7', '2017-11-01 02:32:09', null, null, null, '', '', null);
INSERT INTO `markah_modul` VALUES ('1032', '115', '919', '1994', '15.00', '56.00', '17.00', '67.00', '74.90', '7', '2017-11-01 02:32:55', null, null, null, '', '', null);
INSERT INTO `markah_modul` VALUES ('1033', '115', '919', '1995', '15.00', '56.00', '15.00', '56.00', '71.00', '7', '2017-11-01 02:34:05', null, null, null, '', '', null);
INSERT INTO `markah_modul` VALUES ('1034', '115', '919', '1996', '15.00', '56.00', '15.00', '56.00', '71.00', '7', '2017-11-01 02:34:37', null, null, null, '', '', null);
INSERT INTO `markah_modul` VALUES ('1035', '116', '919', '1986', '20.00', '80.00', '20.00', '80.00', '100.00', '7', '2017-11-01 02:27:46', null, null, null, '', '', null);
INSERT INTO `markah_modul` VALUES ('1036', '116', '919', '1987', '0.00', '78.00', '17.00', '80.00', '83.70', '7', '2017-11-01 02:28:20', null, null, null, '', '', null);
INSERT INTO `markah_modul` VALUES ('1037', '116', '919', '1988', '17.00', '78.00', '17.00', '78.00', '95.00', '7', '2017-11-01 02:29:31', null, null, null, '', '', null);
INSERT INTO `markah_modul` VALUES ('1038', '116', '919', '1990', '20.00', '80.00', '17.00', '78.00', '98.50', '7', '2017-11-01 02:30:39', null, null, null, '', '', null);
INSERT INTO `markah_modul` VALUES ('1039', '116', '919', '1992', '11.00', '45.00', '13.00', '56.00', '59.90', '7', '2017-11-01 02:31:33', null, null, null, '', '', null);
INSERT INTO `markah_modul` VALUES ('1040', '116', '919', '1993', '14.00', '56.00', '15.00', '56.00', '70.30', '7', '2017-11-01 02:32:09', null, null, null, '', '', null);
INSERT INTO `markah_modul` VALUES ('1041', '116', '919', '1994', '11.00', '67.00', '17.00', '67.00', '79.80', '7', '2017-11-01 02:32:55', null, null, null, '', '', null);
INSERT INTO `markah_modul` VALUES ('1042', '116', '919', '1995', '15.00', '57.00', '5.00', '67.00', '72.00', '7', '2017-11-01 02:34:05', null, null, null, '', '', null);
INSERT INTO `markah_modul` VALUES ('1043', '116', '919', '1996', '11.00', '56.00', '16.00', '67.00', '71.80', '7', '2017-11-01 02:34:37', null, null, null, '', '', null);
INSERT INTO `markah_modul` VALUES ('1044', '117', '33', '1986', '0.00', '0.00', '0.00', '0.00', '0.00', '0', null, null, null, null, null, null, null);
INSERT INTO `markah_modul` VALUES ('1045', '117', '33', '1987', '0.00', '0.00', '0.00', '0.00', '0.00', '0', null, null, null, null, null, null, null);
INSERT INTO `markah_modul` VALUES ('1046', '117', '33', '1988', '0.00', '0.00', '0.00', '0.00', '0.00', '0', null, null, null, null, null, null, null);
INSERT INTO `markah_modul` VALUES ('1047', '117', '33', '1990', '0.00', '0.00', '0.00', '0.00', '0.00', '0', null, null, null, null, null, null, null);
INSERT INTO `markah_modul` VALUES ('1048', '117', '33', '1992', '0.00', '0.00', '0.00', '0.00', '0.00', '0', null, null, null, null, null, null, null);
INSERT INTO `markah_modul` VALUES ('1049', '117', '33', '1993', '0.00', '0.00', '0.00', '0.00', '0.00', '0', null, null, null, null, null, null, null);
INSERT INTO `markah_modul` VALUES ('1050', '117', '33', '1994', '0.00', '0.00', '0.00', '0.00', '0.00', '0', null, null, null, null, null, null, null);
INSERT INTO `markah_modul` VALUES ('1051', '117', '33', '1995', '0.00', '0.00', '0.00', '0.00', '0.00', '0', null, null, null, null, null, null, null);
INSERT INTO `markah_modul` VALUES ('1052', '117', '33', '1996', '0.00', '0.00', '0.00', '0.00', '0.00', '0', null, null, null, null, null, null, null);
INSERT INTO `markah_modul` VALUES ('1172', '147', '277', '1466', '0.00', '0.00', '0.00', '0.00', '0.00', '0', null, null, null, null, null, null, null);
INSERT INTO `markah_modul` VALUES ('1173', '147', '277', '1467', '0.00', '0.00', '0.00', '0.00', '0.00', '0', null, null, null, null, null, null, null);
INSERT INTO `markah_modul` VALUES ('1174', '147', '277', '1468', '0.00', '0.00', '0.00', '0.00', '0.00', '0', null, null, null, null, null, null, null);
INSERT INTO `markah_modul` VALUES ('1175', '147', '277', '1469', '0.00', '0.00', '0.00', '0.00', '0.00', '0', null, null, null, null, null, null, null);
INSERT INTO `markah_modul` VALUES ('1176', '147', '277', '1470', '0.00', '0.00', '0.00', '0.00', '0.00', '0', null, null, null, null, null, null, null);
INSERT INTO `markah_modul` VALUES ('1177', '147', '277', '1471', '0.00', '0.00', '0.00', '0.00', '0.00', '0', null, null, null, null, null, null, null);
INSERT INTO `markah_modul` VALUES ('1178', '147', '277', '1472', '0.00', '0.00', '0.00', '0.00', '0.00', '0', null, null, null, null, null, null, null);
INSERT INTO `markah_modul` VALUES ('1179', '147', '277', '1473', '0.00', '0.00', '0.00', '0.00', '0.00', '0', null, null, null, null, null, null, null);
INSERT INTO `markah_modul` VALUES ('1180', '147', '277', '1474', '0.00', '0.00', '0.00', '0.00', '0.00', '0', null, null, null, null, null, null, null);
INSERT INTO `markah_modul` VALUES ('1181', '147', '277', '1475', '0.00', '0.00', '0.00', '0.00', '0.00', '0', null, null, null, null, null, null, null);
INSERT INTO `markah_modul` VALUES ('1182', '148', '277', '1466', '0.00', '0.00', '0.00', '0.00', '0.00', '0', null, null, null, null, null, null, null);
INSERT INTO `markah_modul` VALUES ('1183', '148', '277', '1467', '0.00', '0.00', '0.00', '0.00', '0.00', '0', null, null, null, null, null, null, null);
INSERT INTO `markah_modul` VALUES ('1184', '148', '277', '1468', '0.00', '0.00', '0.00', '0.00', '0.00', '0', null, null, null, null, null, null, null);
INSERT INTO `markah_modul` VALUES ('1185', '148', '277', '1469', '0.00', '0.00', '0.00', '0.00', '0.00', '0', null, null, null, null, null, null, null);
INSERT INTO `markah_modul` VALUES ('1186', '148', '277', '1470', '0.00', '0.00', '0.00', '0.00', '0.00', '0', null, null, null, null, null, null, null);
INSERT INTO `markah_modul` VALUES ('1187', '148', '277', '1471', '0.00', '0.00', '0.00', '0.00', '0.00', '0', null, null, null, null, null, null, null);
INSERT INTO `markah_modul` VALUES ('1188', '148', '277', '1472', '0.00', '0.00', '0.00', '0.00', '0.00', '0', null, null, null, null, null, null, null);
INSERT INTO `markah_modul` VALUES ('1189', '148', '277', '1473', '0.00', '0.00', '0.00', '0.00', '0.00', '0', null, null, null, null, null, null, null);
INSERT INTO `markah_modul` VALUES ('1190', '148', '277', '1474', '0.00', '0.00', '0.00', '0.00', '0.00', '0', null, null, null, null, null, null, null);
INSERT INTO `markah_modul` VALUES ('1191', '148', '277', '1475', '0.00', '0.00', '0.00', '0.00', '0.00', '0', null, null, null, null, null, null, null);

-- ----------------------------
-- Table structure for markah_modul_2
-- ----------------------------
DROP TABLE IF EXISTS `markah_modul_2`;
CREATE TABLE `markah_modul_2` (
  `id` int(10) NOT NULL AUTO_INCREMENT,
  `id_pelatih` int(10) NOT NULL,
  `id_kursus` int(10) NOT NULL,
  `gcpa` float(3,2) DEFAULT '0.00',
  `kokurikulum` int(2) DEFAULT '0',
  `literasi_komputer` int(2) DEFAULT '0',
  `keusahawanan` int(2) DEFAULT '0',
  `puji` int(2) DEFAULT '0',
  `kehadiran` int(3) DEFAULT '0',
  `latihan_industri` int(2) DEFAULT '0',
  `status_isi_markah` int(2) DEFAULT '0',
  `tarikh_hantar_pengajar` datetime DEFAULT NULL,
  `tarikh_hantar_pengurus` datetime DEFAULT NULL,
  `tarikh_hantar_pgn` datetime DEFAULT NULL,
  `catatan_pengurus` varchar(250) COLLATE utf8mb4_unicode_ci DEFAULT NULL,
  `catatan_pgn` varchar(250) COLLATE utf8mb4_unicode_ci DEFAULT NULL,
  `catatan_ppkl` varchar(250) COLLATE utf8mb4_unicode_ci DEFAULT NULL,
  PRIMARY KEY (`id`)
) ENGINE=InnoDB AUTO_INCREMENT=120 DEFAULT CHARSET=utf8mb4 COLLATE=utf8mb4_unicode_ci;

-- ----------------------------
-- Records of markah_modul_2
-- ----------------------------
INSERT INTO `markah_modul_2` VALUES ('8', '22', '32', '2.79', '0', '0', '0', '0', '98', null, '2', '2017-10-25 02:49:25', null, null, null, null, null);
INSERT INTO `markah_modul_2` VALUES ('9', '23', '277', '0.00', '0', '0', '0', '0', '0', '0', '0', null, null, null, null, null, null);
INSERT INTO `markah_modul_2` VALUES ('10', '24', '32', '3.65', '0', '0', '0', '0', '58', null, '7', '2017-10-25 10:30:38', null, null, null, 'mencadangkan sijil modular', 'berikan SKGM');
INSERT INTO `markah_modul_2` VALUES ('11', '25', '32', '3.79', '0', '0', '0', '0', '90', null, '6', '2017-10-25 07:49:17', null, null, null, '', null);
INSERT INTO `markah_modul_2` VALUES ('12', '26', '32', '3.95', '0', '0', '0', '0', '80', null, '6', '2017-10-26 06:05:30', null, null, null, '', null);
INSERT INTO `markah_modul_2` VALUES ('13', '27', '33', '3.71', '0', '0', '0', '0', '80', null, '7', '2017-10-25 10:02:00', null, null, 'sila update kehadiran', null, null);
INSERT INTO `markah_modul_2` VALUES ('14', '28', '32', '4.00', '0', '0', '0', '0', '100', null, '7', '2017-10-25 10:29:20', null, null, null, '', '');
INSERT INTO `markah_modul_2` VALUES ('15', '29', '32', '3.67', '0', '0', '0', '0', '80', null, '7', '2017-10-25 11:50:40', null, null, null, 'pgn beri SAEGM', 'tak layak SAEGM');
INSERT INTO `markah_modul_2` VALUES ('16', '30', '278', '0.00', '0', '0', '0', '0', '0', '0', '0', null, null, null, null, null, null);
INSERT INTO `markah_modul_2` VALUES ('17', '31', '922', '3.49', '0', '0', '0', '0', '50', null, '7', '2017-10-26 01:45:09', null, null, null, '', '');
INSERT INTO `markah_modul_2` VALUES ('18', '32', '922', '3.58', '0', '0', '0', '0', '80', null, '7', '2017-10-26 01:45:09', null, null, null, '', '');
INSERT INTO `markah_modul_2` VALUES ('19', '33', '922', '3.39', '0', '0', '0', '0', '80', null, '7', '2017-10-26 01:57:49', null, null, '', '', '');
INSERT INTO `markah_modul_2` VALUES ('20', '34', '922', '3.41', '0', '0', '0', '0', '90', null, '7', '2017-10-26 01:45:09', null, null, null, '', '');
INSERT INTO `markah_modul_2` VALUES ('21', '35', '922', '3.79', '0', '0', '0', '0', '90', null, '7', '2017-10-26 01:45:09', null, null, null, '', '');
INSERT INTO `markah_modul_2` VALUES ('22', '36', '922', '2.33', '0', '0', '0', '0', '30', null, '7', '2017-10-26 01:45:09', null, null, null, '', '');
INSERT INTO `markah_modul_2` VALUES ('23', '37', '922', '2.86', '1', '0', '1', '0', '80', null, '7', '2017-10-26 01:45:09', null, null, null, '', '');
INSERT INTO `markah_modul_2` VALUES ('24', '38', '922', '2.63', '0', '0', '0', '0', '85', null, '7', '2017-10-26 01:45:09', null, null, null, '', '');
INSERT INTO `markah_modul_2` VALUES ('25', '39', '922', '3.25', '0', '1', '0', '0', '80', null, '7', '2017-10-26 01:45:09', null, null, null, '', '');
INSERT INTO `markah_modul_2` VALUES ('26', '40', '922', '3.54', '0', '0', '0', '0', '87', null, '7', '2017-10-26 01:45:09', null, null, null, '', '');
INSERT INTO `markah_modul_2` VALUES ('27', '41', '922', '3.32', '0', '0', '0', '0', '80', null, '7', '2017-10-26 01:43:35', null, null, null, '', '');
INSERT INTO `markah_modul_2` VALUES ('28', '42', '922', '3.51', '0', '0', '0', '0', '80', null, '7', '2017-10-26 01:43:35', null, null, null, '', '');
INSERT INTO `markah_modul_2` VALUES ('29', '43', '922', '2.81', '0', '0', '0', '0', '88', null, '7', '2017-10-26 01:43:35', null, null, null, '', '');
INSERT INTO `markah_modul_2` VALUES ('30', '44', '922', '3.30', '0', '0', '0', '0', '90', null, '7', '2017-10-26 01:43:35', null, null, null, '', '');
INSERT INTO `markah_modul_2` VALUES ('31', '45', '922', '3.35', '0', '0', '0', '0', '80', null, '7', '2017-10-26 02:08:44', null, null, null, null, '');
INSERT INTO `markah_modul_2` VALUES ('32', '46', '922', '3.12', '0', '0', '0', '0', '83', null, '7', '2017-10-26 01:43:35', null, null, null, '', '');
INSERT INTO `markah_modul_2` VALUES ('33', '47', '922', '3.56', '0', '0', '0', '0', '85', null, '7', '2017-10-26 01:43:35', null, null, null, '', '');
INSERT INTO `markah_modul_2` VALUES ('34', '48', '922', '3.11', '0', '0', '0', '0', '81', null, '7', '2017-10-26 01:43:35', null, null, null, '', '');
INSERT INTO `markah_modul_2` VALUES ('35', '49', '922', '2.77', '0', '0', '0', '0', '87', null, '7', '2017-10-26 01:43:35', null, null, null, '', '');
INSERT INTO `markah_modul_2` VALUES ('36', '50', '922', '3.16', '0', '0', '0', '0', '90', null, '7', '2017-10-26 01:43:35', null, null, null, '', '');
INSERT INTO `markah_modul_2` VALUES ('37', '51', '919', '3.18', '0', '0', '0', '0', '81', null, '7', '2017-10-26 02:50:30', null, null, null, '', '');
INSERT INTO `markah_modul_2` VALUES ('38', '53', '919', '2.26', '0', '0', '0', '0', '82', null, '7', '2017-10-26 02:50:30', null, null, null, 'JSPGN bil 15/2018 memutuskan perlu rayuan sijil modular', '');
INSERT INTO `markah_modul_2` VALUES ('39', '54', '919', '3.20', '0', '0', '0', '0', '84', null, '7', '2017-10-26 02:50:30', null, null, null, '', '');
INSERT INTO `markah_modul_2` VALUES ('40', '55', '919', '3.41', '0', '0', '0', '0', '90', null, '7', '2017-10-26 02:50:30', null, null, null, '', '');
INSERT INTO `markah_modul_2` VALUES ('41', '56', '919', '3.52', '0', '0', '0', '0', '100', null, '7', '2017-10-26 02:50:30', null, null, null, '', '');
INSERT INTO `markah_modul_2` VALUES ('42', '57', '919', '3.53', '0', '0', '0', '0', '83', null, '7', '2017-10-26 02:50:30', null, null, null, '', '');
INSERT INTO `markah_modul_2` VALUES ('43', '58', '919', '3.90', '0', '0', '0', '0', '98', null, '7', '2017-10-26 03:39:31', null, null, null, null, '');
INSERT INTO `markah_modul_2` VALUES ('44', '59', '919', '3.42', '0', '0', '0', '0', '86', null, '7', '2017-10-26 02:50:30', null, null, null, '', '');
INSERT INTO `markah_modul_2` VALUES ('45', '60', '919', '3.27', '0', '0', '0', '0', '84', null, '7', '2017-10-26 02:50:30', null, null, null, '', '');
INSERT INTO `markah_modul_2` VALUES ('46', '61', '919', '3.20', '0', '0', '0', '0', '83', null, '7', '2017-10-26 02:50:30', null, null, null, '', '');
INSERT INTO `markah_modul_2` VALUES ('47', '62', '919', '3.39', '0', '0', '0', '0', '80', null, '7', '2017-10-26 02:50:55', null, null, null, '', '');
INSERT INTO `markah_modul_2` VALUES ('48', '63', '919', '3.34', '0', '0', '0', '0', '86', null, '7', '2017-10-26 02:50:55', null, null, null, '', '');
INSERT INTO `markah_modul_2` VALUES ('49', '64', '919', '3.50', '0', '0', '0', '0', '93', null, '7', '2017-10-26 02:50:55', null, null, null, '', '');
INSERT INTO `markah_modul_2` VALUES ('50', '65', '919', '3.49', '0', '0', '0', '0', '87', null, '7', '2017-10-26 02:50:55', null, null, null, '', '');
INSERT INTO `markah_modul_2` VALUES ('51', '66', '919', '3.21', '0', '0', '0', '0', '96', null, '7', '2017-10-26 02:50:55', null, null, null, '', '');
INSERT INTO `markah_modul_2` VALUES ('52', '67', '919', '3.15', '0', '0', '0', '0', '99', null, '7', '2017-10-26 02:50:55', null, null, null, '', '');
INSERT INTO `markah_modul_2` VALUES ('53', '68', '919', '3.18', '0', '0', '0', '0', '83', null, '7', '2017-10-26 02:50:55', null, null, null, '', '');
INSERT INTO `markah_modul_2` VALUES ('54', '69', '920', '0.00', '0', '0', '0', '0', '0', '0', '0', null, null, null, null, null, null);
INSERT INTO `markah_modul_2` VALUES ('55', '70', '919', '3.17', '0', '0', '0', '0', '80', null, '7', '2017-11-01 02:35:16', null, null, null, '', '');
INSERT INTO `markah_modul_2` VALUES ('57', '72', '32', '3.97', '0', '0', '0', '0', '90', null, '6', '2017-10-26 06:05:30', null, null, null, '', null);
INSERT INTO `markah_modul_2` VALUES ('58', '73', '32', '3.99', '0', '0', '0', '0', '90', null, '6', '2017-10-26 06:05:30', null, null, null, '', null);
INSERT INTO `markah_modul_2` VALUES ('59', '74', '32', '4.00', '0', '0', '0', '0', '80', null, '6', '2017-10-26 06:05:30', null, null, null, '', null);
INSERT INTO `markah_modul_2` VALUES ('60', '75', '32', '4.00', '0', '0', '0', '0', '80', null, '6', '2017-10-26 06:05:30', null, null, null, '', null);
INSERT INTO `markah_modul_2` VALUES ('61', '19', '1', null, '0', '0', '0', '0', '0', '0', '0', null, null, null, null, null, null);
INSERT INTO `markah_modul_2` VALUES ('62', '16', '1', null, '0', '0', '0', '0', '0', '0', '0', null, null, null, null, null, null);
INSERT INTO `markah_modul_2` VALUES ('72', '84', '919', '3.02', '0', '0', '0', '0', '80', null, '7', '2017-11-01 02:35:16', null, null, null, '', '');
INSERT INTO `markah_modul_2` VALUES ('73', '85', '922', '1.00', '0', '0', '0', '0', '80', null, '2', '2017-10-27 03:56:50', null, null, null, null, null);
INSERT INTO `markah_modul_2` VALUES ('93', '105', '33', '0.00', '0', '0', '0', '0', '0', '0', '0', null, null, null, null, null, null);
INSERT INTO `markah_modul_2` VALUES ('94', '106', '33', '0.00', '0', '0', '0', '0', '0', '0', '0', null, null, null, null, null, null);
INSERT INTO `markah_modul_2` VALUES ('95', '107', '33', '0.00', '0', '0', '0', '0', '0', '0', '0', null, null, null, null, null, null);
INSERT INTO `markah_modul_2` VALUES ('96', '108', '30', '0.00', '0', '0', '0', '0', '0', '0', '0', null, null, null, null, null, null);
INSERT INTO `markah_modul_2` VALUES ('98', '110', '278', '0.00', '0', '0', '0', '0', '0', '0', '0', null, null, null, null, null, null);
INSERT INTO `markah_modul_2` VALUES ('101', '113', '919', '2.33', '0', '0', '0', '0', '80', null, '7', '2017-11-01 02:35:16', null, null, null, '', '');
INSERT INTO `markah_modul_2` VALUES ('102', '114', '919', '3.49', '0', '0', '0', '0', '89', null, '7', '2017-11-01 02:35:16', null, null, null, '', '');
INSERT INTO `markah_modul_2` VALUES ('103', '115', '919', '2.99', '0', '0', '0', '0', '85', null, '7', '2017-11-01 02:35:16', null, null, null, '', '');
INSERT INTO `markah_modul_2` VALUES ('104', '116', '919', '3.18', '0', '0', '0', '0', '90', null, '7', '2017-11-01 02:35:16', null, null, null, '', '');
INSERT INTO `markah_modul_2` VALUES ('105', '117', '33', '0.00', '0', '0', '0', '0', '0', '0', '0', null, null, null, null, null, null);
INSERT INTO `markah_modul_2` VALUES ('118', '147', '277', '0.00', '0', '0', '0', '0', '0', '0', '0', null, null, null, null, null, null);
INSERT INTO `markah_modul_2` VALUES ('119', '148', '277', '0.00', '0', '0', '0', '0', '0', '0', '0', null, null, null, null, null, null);

-- ----------------------------
-- Table structure for markah_modul_status
-- ----------------------------
DROP TABLE IF EXISTS `markah_modul_status`;
CREATE TABLE `markah_modul_status` (
  `id` int(11) NOT NULL AUTO_INCREMENT,
  `id_pelatih` int(10) NOT NULL,
  `pengurus` int(2) DEFAULT NULL,
  `pengurus_sah` datetime DEFAULT NULL,
  `pgn` int(2) DEFAULT NULL,
  `pgn_sah` datetime DEFAULT NULL,
  `ppkl` int(2) DEFAULT NULL,
  `ppkl_sah` datetime DEFAULT NULL,
  `spgm` varchar(2) COLLATE utf8mb4_unicode_ci DEFAULT NULL,
  `saegm` varchar(2) COLLATE utf8mb4_unicode_ci DEFAULT NULL,
  `skgm` varchar(2) COLLATE utf8mb4_unicode_ci DEFAULT NULL,
  `smgm` varchar(2) COLLATE utf8mb4_unicode_ci DEFAULT NULL,
  `sklgm` varchar(2) COLLATE utf8mb4_unicode_ci DEFAULT NULL,
  PRIMARY KEY (`id`)
) ENGINE=InnoDB AUTO_INCREMENT=129 DEFAULT CHARSET=utf8mb4 COLLATE=utf8mb4_unicode_ci;

-- ----------------------------
-- Records of markah_modul_status
-- ----------------------------
INSERT INTO `markah_modul_status` VALUES ('8', '22', null, null, null, null, null, null, null, null, null, null, null);
INSERT INTO `markah_modul_status` VALUES ('9', '23', null, null, null, null, null, null, null, null, null, null, null);
INSERT INTO `markah_modul_status` VALUES ('10', '24', '4', '2017-10-25 10:31:04', '6', '2017-10-25 10:33:37', '7', '2017-10-25 12:00:04', null, null, 'on', 'on', null);
INSERT INTO `markah_modul_status` VALUES ('11', '25', '4', '2017-10-26 06:06:45', '6', '2017-10-26 06:15:57', null, null, 'on', 'on', null, null, null);
INSERT INTO `markah_modul_status` VALUES ('12', '26', '4', '2017-10-26 06:06:45', '6', '2017-10-26 06:15:57', null, null, 'on', null, null, null, null);
INSERT INTO `markah_modul_status` VALUES ('13', '27', null, null, null, null, null, null, null, null, null, null, null);
INSERT INTO `markah_modul_status` VALUES ('14', '28', '4', '2017-10-25 10:36:12', '6', '2017-10-25 10:40:17', '7', '2017-10-25 10:40:55', 'on', 'on', null, null, null);
INSERT INTO `markah_modul_status` VALUES ('15', '29', '4', '2017-10-25 11:53:34', '6', '2017-10-25 11:54:18', '7', '2017-10-25 11:55:19', 'on', null, null, null, null);
INSERT INTO `markah_modul_status` VALUES ('16', '30', null, null, null, null, null, null, null, null, null, null, null);
INSERT INTO `markah_modul_status` VALUES ('17', '31', '4', '2017-10-26 01:59:40', '6', '2017-10-26 02:09:44', '7', '2017-10-26 02:22:23', null, null, null, null, null);
INSERT INTO `markah_modul_status` VALUES ('18', '32', '4', '2017-10-26 01:59:40', '6', '2017-10-26 02:09:44', '7', '2017-10-26 02:22:23', 'on', null, null, null, null);
INSERT INTO `markah_modul_status` VALUES ('19', '33', '4', '2017-10-26 01:59:40', '6', '2017-10-26 02:09:44', '7', '2017-10-26 02:22:23', 'on', null, null, null, null);
INSERT INTO `markah_modul_status` VALUES ('20', '34', '4', '2017-10-26 01:59:40', '6', '2017-10-26 02:09:44', '7', '2017-10-26 02:22:23', 'on', null, null, null, null);
INSERT INTO `markah_modul_status` VALUES ('21', '35', '4', '2017-10-26 01:59:40', '6', '2017-10-26 02:09:44', '7', '2017-10-26 02:22:23', 'on', 'on', null, null, null);
INSERT INTO `markah_modul_status` VALUES ('22', '36', '4', '2017-10-26 01:59:40', '6', '2017-10-26 02:09:44', '7', '2017-10-26 02:22:23', null, null, null, null, null);
INSERT INTO `markah_modul_status` VALUES ('23', '37', '4', '2017-10-26 01:59:40', '6', '2017-10-26 02:09:44', '7', '2017-10-26 02:22:23', null, null, 'on', null, null);
INSERT INTO `markah_modul_status` VALUES ('24', '38', '4', '2017-10-26 01:59:40', '6', '2017-10-26 02:09:44', '7', '2017-10-26 02:22:23', null, null, 'on', null, null);
INSERT INTO `markah_modul_status` VALUES ('25', '39', '4', '2017-10-26 01:59:40', '6', '2017-10-26 02:09:44', '7', '2017-10-26 02:22:23', 'on', null, null, null, null);
INSERT INTO `markah_modul_status` VALUES ('26', '40', '4', '2017-10-26 01:59:40', '6', '2017-10-26 02:09:44', '7', '2017-10-26 02:22:23', 'on', null, null, null, null);
INSERT INTO `markah_modul_status` VALUES ('27', '41', '4', '2017-10-26 01:59:40', '6', '2017-10-26 02:09:44', '7', '2017-10-26 02:22:23', 'on', null, null, null, null);
INSERT INTO `markah_modul_status` VALUES ('28', '42', '4', '2017-10-26 01:59:40', '6', '2017-10-26 02:09:44', '7', '2017-10-26 02:22:23', 'on', null, null, null, null);
INSERT INTO `markah_modul_status` VALUES ('29', '43', '4', '2017-10-26 01:59:40', '6', '2017-10-26 02:09:44', '7', '2017-10-26 02:22:23', null, null, 'on', null, null);
INSERT INTO `markah_modul_status` VALUES ('30', '44', '4', '2017-10-26 01:59:40', '6', '2017-10-26 02:09:44', '7', '2017-10-26 02:22:23', 'on', null, null, null, null);
INSERT INTO `markah_modul_status` VALUES ('31', '45', '4', '2017-10-26 02:09:47', '6', '2017-10-26 02:11:12', '7', '2017-10-26 02:22:23', 'on', null, null, null, null);
INSERT INTO `markah_modul_status` VALUES ('32', '46', '4', '2017-10-26 01:59:40', '6', '2017-10-26 02:09:44', '7', '2017-10-26 02:22:23', null, null, 'on', null, null);
INSERT INTO `markah_modul_status` VALUES ('33', '47', '4', '2017-10-26 01:59:40', '6', '2017-10-26 02:09:44', '7', '2017-10-26 02:22:23', 'on', null, null, null, null);
INSERT INTO `markah_modul_status` VALUES ('34', '48', '4', '2017-10-26 01:59:40', '6', '2017-10-26 02:09:44', '7', '2017-10-26 02:22:23', null, null, 'on', null, null);
INSERT INTO `markah_modul_status` VALUES ('35', '49', '4', '2017-10-26 01:59:40', '6', '2017-10-26 02:09:44', '7', '2017-10-26 02:22:23', null, null, 'on', null, null);
INSERT INTO `markah_modul_status` VALUES ('36', '50', '4', '2017-10-26 01:59:40', '6', '2017-10-26 02:09:44', '7', '2017-10-26 02:22:23', null, null, 'on', null, null);
INSERT INTO `markah_modul_status` VALUES ('37', '51', '4', '2017-10-26 03:03:29', '6', '2017-10-26 03:52:07', '7', '2017-10-26 04:06:41', 'on', null, null, null, null);
INSERT INTO `markah_modul_status` VALUES ('38', '53', '4', '2017-10-26 03:44:39', '6', '2017-10-26 03:52:07', '7', '2017-10-26 04:06:41', null, null, null, 'on', null);
INSERT INTO `markah_modul_status` VALUES ('39', '54', '4', '2017-10-26 03:03:29', '6', '2017-10-26 03:52:07', '7', '2017-10-26 04:06:41', 'on', null, null, null, null);
INSERT INTO `markah_modul_status` VALUES ('40', '55', '4', '2017-10-26 03:04:25', '6', '2017-10-26 03:52:07', '7', '2017-10-26 04:06:41', 'on', null, null, null, null);
INSERT INTO `markah_modul_status` VALUES ('41', '56', '4', '2017-10-26 03:04:25', '6', '2017-10-26 03:52:07', '7', '2017-10-26 04:06:41', 'on', null, null, null, null);
INSERT INTO `markah_modul_status` VALUES ('42', '57', '4', '2017-10-26 03:05:07', '6', '2017-10-26 03:52:07', '7', '2017-10-26 04:06:41', 'on', null, null, null, null);
INSERT INTO `markah_modul_status` VALUES ('43', '58', '4', '2017-10-26 03:45:21', '6', '2017-10-26 03:52:07', '7', '2017-10-26 04:06:41', 'on', 'on', null, null, null);
INSERT INTO `markah_modul_status` VALUES ('44', '59', '4', '2017-10-26 03:05:07', '6', '2017-10-26 03:52:07', '7', '2017-10-26 04:06:41', 'on', null, null, null, null);
INSERT INTO `markah_modul_status` VALUES ('45', '60', '4', '2017-10-26 03:05:07', '6', '2017-10-26 03:52:07', '7', '2017-10-26 04:06:41', 'on', null, null, null, null);
INSERT INTO `markah_modul_status` VALUES ('46', '61', '4', '2017-10-26 03:05:07', '6', '2017-10-26 03:52:07', '7', '2017-10-26 04:06:41', 'on', null, null, null, null);
INSERT INTO `markah_modul_status` VALUES ('47', '62', '4', '2017-10-26 03:03:29', '6', '2017-10-26 03:52:07', '7', '2017-10-26 04:06:41', 'on', null, null, null, null);
INSERT INTO `markah_modul_status` VALUES ('48', '63', '4', '2017-10-26 03:05:07', '6', '2017-10-26 03:52:07', '7', '2017-10-26 04:06:41', 'on', null, null, null, null);
INSERT INTO `markah_modul_status` VALUES ('49', '64', '4', '2017-10-26 03:03:29', '6', '2017-10-26 03:52:07', '7', '2017-10-26 04:06:41', 'on', null, null, null, null);
INSERT INTO `markah_modul_status` VALUES ('50', '65', '4', '2017-10-26 03:05:07', '6', '2017-10-26 03:52:07', '7', '2017-10-26 04:06:41', 'on', null, null, null, null);
INSERT INTO `markah_modul_status` VALUES ('51', '66', '4', '2017-10-26 03:03:29', '6', '2017-10-26 03:52:07', '7', '2017-10-26 04:06:41', 'on', null, null, null, null);
INSERT INTO `markah_modul_status` VALUES ('52', '67', '4', '2017-10-26 03:04:25', '6', '2017-10-26 03:52:07', '7', '2017-10-26 04:06:41', 'on', null, null, null, null);
INSERT INTO `markah_modul_status` VALUES ('53', '68', '4', '2017-10-26 03:04:25', '6', '2017-10-26 03:52:07', '7', '2017-10-26 04:06:41', 'on', null, null, null, null);
INSERT INTO `markah_modul_status` VALUES ('54', '69', null, null, null, null, null, null, null, null, null, null, null);
INSERT INTO `markah_modul_status` VALUES ('55', '70', '4', '2017-11-01 02:36:29', '6', '2017-11-01 02:42:41', '7', '2017-11-01 02:44:40', null, null, 'on', null, null);
INSERT INTO `markah_modul_status` VALUES ('57', '72', '4', '2017-10-26 06:06:45', '6', '2017-10-26 06:15:57', null, null, 'on', 'on', null, null, null);
INSERT INTO `markah_modul_status` VALUES ('58', '73', '4', '2017-10-26 06:06:45', '6', '2017-10-26 06:15:57', null, null, 'on', 'on', null, null, null);
INSERT INTO `markah_modul_status` VALUES ('59', '74', '4', '2017-10-26 06:06:45', '6', '2017-10-26 06:15:57', null, null, 'on', null, null, null, null);
INSERT INTO `markah_modul_status` VALUES ('60', '75', '4', '2017-10-26 06:06:45', '6', '2017-10-26 06:15:57', null, null, 'on', null, null, null, null);
INSERT INTO `markah_modul_status` VALUES ('61', '19', null, null, null, null, null, null, null, null, null, null, null);
INSERT INTO `markah_modul_status` VALUES ('62', '16', null, null, null, null, null, null, null, null, null, null, null);
INSERT INTO `markah_modul_status` VALUES ('81', '84', '4', '2017-11-01 02:36:50', '6', '2017-11-01 02:42:41', '7', '2017-11-01 02:44:40', null, null, 'on', null, null);
INSERT INTO `markah_modul_status` VALUES ('82', '85', null, null, null, null, null, null, null, null, null, null, null);
INSERT INTO `markah_modul_status` VALUES ('102', '105', null, null, null, null, null, null, null, null, null, null, null);
INSERT INTO `markah_modul_status` VALUES ('103', '106', null, null, null, null, null, null, null, null, null, null, null);
INSERT INTO `markah_modul_status` VALUES ('104', '107', null, null, null, null, null, null, null, null, null, null, null);
INSERT INTO `markah_modul_status` VALUES ('105', '108', null, null, null, null, null, null, null, null, null, null, null);
INSERT INTO `markah_modul_status` VALUES ('107', '110', null, null, null, null, null, null, null, null, null, null, null);
INSERT INTO `markah_modul_status` VALUES ('110', '113', '4', '2017-11-01 02:36:50', '6', '2017-11-01 02:42:41', '7', '2017-11-01 02:44:40', null, null, 'on', null, null);
INSERT INTO `markah_modul_status` VALUES ('111', '114', '4', '2017-11-01 02:36:50', '6', '2017-11-01 02:42:41', '7', '2017-11-01 02:44:40', 'on', null, null, null, null);
INSERT INTO `markah_modul_status` VALUES ('112', '115', '4', '2017-11-01 02:36:50', '6', '2017-11-01 02:42:41', '7', '2017-11-01 02:44:40', null, null, 'on', null, null);
INSERT INTO `markah_modul_status` VALUES ('113', '116', '4', '2017-11-01 02:36:29', '6', '2017-11-01 02:42:41', '7', '2017-11-01 02:44:40', null, null, 'on', null, null);
INSERT INTO `markah_modul_status` VALUES ('114', '117', null, null, null, null, null, null, null, null, null, null, null);
INSERT INTO `markah_modul_status` VALUES ('127', '147', null, null, null, null, null, null, null, null, null, null, null);
INSERT INTO `markah_modul_status` VALUES ('128', '148', null, null, null, null, null, null, null, null, null, null, null);

-- ----------------------------
-- Table structure for pelatih
-- ----------------------------
DROP TABLE IF EXISTS `pelatih`;
CREATE TABLE `pelatih` (
  `id_pelatih` int(10) NOT NULL AUTO_INCREMENT,
  `id_permohonan` int(10) NOT NULL COMMENT 'permohonan_kursus.id / permohonan_kursus_lpp09.id',
  `no_pelatih` varchar(45) COLLATE utf8mb4_unicode_ci NOT NULL,
  `no_mykad` varchar(20) COLLATE utf8mb4_unicode_ci NOT NULL,
  `id_giatmara` int(10) NOT NULL,
  `id_kursus` int(10) DEFAULT NULL,
  `jenis_pelatih` varchar(10) COLLATE utf8mb4_unicode_ci NOT NULL DEFAULT 'LPP04' COMMENT 'LPP04 / LPP09',
  `status_pelatih` int(2) NOT NULL,
  `id_settings_tawaran_kursus` int(10) DEFAULT NULL,
  `kelayakan_elaun` int(2) DEFAULT NULL,
  `nama_bank` varchar(250) COLLATE utf8mb4_unicode_ci DEFAULT NULL COMMENT 'refer to kew_bank',
  `no_akaun` varchar(250) COLLATE utf8mb4_unicode_ci DEFAULT NULL,
  `cara_bayaran` varchar(250) COLLATE utf8mb4_unicode_ci DEFAULT NULL,
  `id_kew_kod_kombinasi` int(10) DEFAULT NULL,
  `tarikh_mula_kursus` date DEFAULT NULL,
  `tarikh_tamat_kursus` date DEFAULT NULL,
  `tarikh_daftar` date DEFAULT NULL COMMENT 'Tanggal ketika pelatih disahkan',
  `id_permohonan_kursus_lpp09` int(11) DEFAULT NULL COMMENT 'id table permohonan_kursus_lpp09 yang tawaran terus = 1 (tanpa melalui tetapan temuduga)',
  PRIMARY KEY (`id_pelatih`),
  KEY `id_giatmara` (`id_giatmara`),
  KEY `id_permohonan` (`id_permohonan`),
  KEY `id_kew_kod_kombinasi` (`id_kew_kod_kombinasi`),
  KEY `id_settings_tawaran_kursus` (`id_settings_tawaran_kursus`),
  KEY `pelatih_ibfk_1` (`id_kursus`),
  CONSTRAINT `pelatih_ibfk_1` FOREIGN KEY (`id_kursus`) REFERENCES `settings_tawaran_kursus` (`id`),
  CONSTRAINT `pelatih_ibfk_2` FOREIGN KEY (`id_giatmara`) REFERENCES `ref_giatmara` (`id`),
  CONSTRAINT `pelatih_ibfk_6` FOREIGN KEY (`id_kew_kod_kombinasi`) REFERENCES `kew_kod_kombinasi` (`id`),
  CONSTRAINT `pelatih_ibfk_7` FOREIGN KEY (`id_settings_tawaran_kursus`) REFERENCES `settings_tawaran_kursus` (`id`)
) ENGINE=InnoDB AUTO_INCREMENT=149 DEFAULT CHARSET=utf8mb4 COLLATE=utf8mb4_unicode_ci;

-- ----------------------------
-- Records of pelatih
-- ----------------------------
INSERT INTO `pelatih` VALUES ('16', '10', '2017100002', '991022011111', '18', '30', 'LPP04', '1', null, '0', '19', '243242432432424234', '', null, '2018-01-01', '2018-06-30', '2017-10-23', null);
INSERT INTO `pelatih` VALUES ('19', '19', '2017100005', '921107085202', '135', '32', 'LPP04', '1', null, '0', '20', '125543782', '', null, '2018-01-01', '2018-06-30', '2017-10-24', null);
INSERT INTO `pelatih` VALUES ('22', '21', '2017100008', '670821025137', '135', '33', 'LPP04', '2', null, '1', '8', '', '', null, '2018-01-02', '2018-06-30', '2017-10-24', null);
INSERT INTO `pelatih` VALUES ('23', '28', '2017100009', '740523145765', '135', '277', 'LPP04', '1', null, '1', '17', '123456', '', '3', '2018-01-02', '2018-06-30', '2017-10-25', null);
INSERT INTO `pelatih` VALUES ('24', '29', '2017100010', '810831115227', '135', '32', 'LPP04', '4', null, '1', '17', '12345678', '', null, '2018-01-02', '2018-06-30', '2017-10-25', null);
INSERT INTO `pelatih` VALUES ('25', '31', '2017100011', '911112141111', '135', '32', 'LPP04', '7', null, '1', '15', '342423424324', 'autopay', '3', '2017-10-25', '2018-06-30', '2017-10-25', null);
INSERT INTO `pelatih` VALUES ('26', '13', '2017100012', '991022015560', '135', '32', 'LPP04', '1', null, '1', '1', '34567890871', 'autopay', '3', '2018-01-02', '2018-06-29', '2017-10-25', null);
INSERT INTO `pelatih` VALUES ('27', '35', '2017100013', '981025101112', '136', '33', 'LPP04', '2', null, '1', '17', '2343434535', 'autopay', '3', '2018-01-01', '2018-06-30', '2017-10-25', null);
INSERT INTO `pelatih` VALUES ('28', '34', '2017100014', '900930115227', '135', '32', 'LPP04', '4', null, '1', '3', '87876543', 'autopay', '3', '2018-01-02', '2018-06-29', '2017-10-25', null);
INSERT INTO `pelatih` VALUES ('29', '36', '2017100015', '911025145511', '135', '32', 'LPP04', '4', null, '1', '1', '56456456456', 'autopay', '3', '2018-01-01', '2018-06-30', '2017-10-25', null);
INSERT INTO `pelatih` VALUES ('30', '32', '2017100016', '880214145677', '136', '278', 'LPP04', '1', null, '1', '1', '112233555', 'autopay', '3', '2018-01-02', '2018-06-29', '2017-10-25', null);
INSERT INTO `pelatih` VALUES ('31', '48', '2017100017', '991215035674', '83', '922', 'LPP04', '4', null, '1', '1', '2342356789', 'autopay', '3', '2018-01-02', '2018-06-29', '2017-10-25', null);
INSERT INTO `pelatih` VALUES ('32', '58', '2017100018', '990503035033', '83', '922', 'LPP04', '4', null, '1', '1', '3456765434', 'autopay', '3', '2018-01-02', '2018-06-29', '2017-10-25', null);
INSERT INTO `pelatih` VALUES ('33', '49', '2017100019', '990922036364', '83', '922', 'LPP04', '4', null, '1', '2', '55467876567', 'autopay', '3', '2018-01-02', '2018-06-29', '2017-10-25', null);
INSERT INTO `pelatih` VALUES ('34', '60', '2017100020', '960504035310', '83', '922', 'LPP04', '4', null, '1', '2', '6548700000', 'autopay', '3', '2018-01-02', '2018-06-29', '2017-10-25', null);
INSERT INTO `pelatih` VALUES ('35', '37', '2017100021', '010124030367', '83', '922', 'LPP04', '4', null, '1', '2', '768900000', 'autopay', '3', '2018-01-02', '2018-06-29', '2017-10-25', null);
INSERT INTO `pelatih` VALUES ('36', '70', '2017100022', '950717106945', '83', '922', 'LPP04', '4', null, '1', '1', '7897000000', 'autopay', '3', '2018-01-02', '2018-06-29', '2017-10-25', null);
INSERT INTO `pelatih` VALUES ('37', '61', '2017100023', '010112030327', '83', '922', 'LPP04', '4', null, '1', '2', '8790009876', 'autopay', '3', '2018-01-02', '2018-06-29', '2017-10-25', null);
INSERT INTO `pelatih` VALUES ('38', '38', '2017100024', '000829031133', '83', '922', 'LPP04', '4', null, '1', '1', '7890009876', 'autopay', '3', '2018-01-02', '2018-06-29', '2017-10-25', null);
INSERT INTO `pelatih` VALUES ('39', '51', '2017100025', '001215030173', '83', '922', 'LPP04', '4', null, '1', '5', '890098432', 'autopay', '3', '2018-01-02', '2018-06-29', '2017-10-25', null);
INSERT INTO `pelatih` VALUES ('40', '47', '2017100026', '010428030289', '83', '922', 'LPP04', '4', null, '1', '4', '7680009876', 'autopay', '3', '2018-01-02', '2018-06-29', '2017-10-25', null);
INSERT INTO `pelatih` VALUES ('41', '59', '2017100027', '991218036445', '83', '922', 'LPP04', '4', null, '1', '5', '3454670000', 'autopay', '3', '2018-01-02', '2018-06-29', '2017-10-25', null);
INSERT INTO `pelatih` VALUES ('42', '53', '2017100028', '971119036126', '83', '922', 'LPP04', '4', null, '1', '5', '879444000', 'autopay', '3', '2018-01-02', '2018-06-29', '2017-10-25', null);
INSERT INTO `pelatih` VALUES ('43', '63', '2017100029', '980811035749', '83', '922', 'LPP04', '4', null, '1', '15', '122443235223322', 'autopay', '3', '2018-01-01', '2018-06-30', '2017-10-25', null);
INSERT INTO `pelatih` VALUES ('44', '40', '2017100030', '990816036678', '83', '922', 'LPP04', '4', null, '1', '2', '34354567777111', 'autopay', '3', '2017-10-25', '2018-06-30', '2017-10-25', null);
INSERT INTO `pelatih` VALUES ('45', '44', '2017100031', '990822036260', '83', '922', 'LPP04', '4', null, '1', '8', '34355777776', 'autopay', '3', '2018-01-01', '2018-06-30', '2017-10-25', null);
INSERT INTO `pelatih` VALUES ('46', '56', '2017100032', '990225115278', '83', '922', 'LPP04', '4', null, '1', '9', '144353545555', 'autopay', null, '2018-01-01', '2018-06-30', '2017-10-25', null);
INSERT INTO `pelatih` VALUES ('47', '54', '2017100033', '970630035708', '83', '922', 'LPP04', '4', null, '1', '1', '12256576575', 'autopay', '3', '2018-01-01', '2018-06-30', '2017-10-25', null);
INSERT INTO `pelatih` VALUES ('48', '45', '2017100034', '990327065013', '83', '922', 'LPP04', '4', null, '1', '2', '15334578989', 'autopay', '3', '2018-01-01', '2018-06-30', '2017-10-25', null);
INSERT INTO `pelatih` VALUES ('49', '46', '2017100035', '991124035898', '83', '922', 'LPP04', '4', null, '1', '4', '1235678766', 'autopay', '3', '2018-01-01', '2018-06-30', '2017-10-25', null);
INSERT INTO `pelatih` VALUES ('50', '71', '2017100036', '951031265073', '83', '922', 'LPP04', '4', null, '0', '25', '153010233333', '', '3', '2018-01-01', '2018-06-30', '2017-10-25', null);
INSERT INTO `pelatih` VALUES ('51', '69', '2017100037', '940219085855', '53', '919', 'LPP04', '4', null, '1', '3', '1234567899', 'autopay', '3', '2018-01-02', '2018-06-30', '2017-10-25', null);
INSERT INTO `pelatih` VALUES ('53', '68', '2017100038', '000621081615', '53', '919', 'LPP04', '4', null, '1', '8', '12233445678', 'autopay', '3', '2018-01-02', '2018-06-30', '2017-10-26', null);
INSERT INTO `pelatih` VALUES ('54', '39', '2017100039', '990528016795', '53', '919', 'LPP04', '4', null, '1', '1', '134567897668678', '', '3', '2018-01-01', '2018-06-30', '2017-10-26', null);
INSERT INTO `pelatih` VALUES ('55', '62', '2017100040', '950521086305', '53', '919', 'LPP04', '4', null, '1', '6', '98876557889', 'autopay', '3', '2018-01-02', '2018-06-30', '2017-10-26', null);
INSERT INTO `pelatih` VALUES ('56', '41', '2017100041', '960830016529', '53', '919', 'LPP04', '4', null, '1', '8', '1245677', 'autopay', '3', '2018-01-02', '2018-06-30', '2017-10-26', null);
INSERT INTO `pelatih` VALUES ('57', '50', '2017100042', '990814145029', '53', '919', 'LPP04', '4', null, '1', '7', '345464454554', 'autopay', '3', '2018-01-02', '2018-06-30', '2017-10-26', null);
INSERT INTO `pelatih` VALUES ('58', '55', '2017100043', '981211085915', '53', '919', 'LPP04', '4', null, '1', '2', '4567889767666666', 'autopay', '3', '2018-01-02', '2018-06-30', '2017-10-26', null);
INSERT INTO `pelatih` VALUES ('59', '64', '2017100044', '960722085877', '53', '919', 'LPP04', '4', null, '1', '4', '12354678888', 'autopay', '3', '2018-01-02', '2018-06-30', '2017-10-26', null);
INSERT INTO `pelatih` VALUES ('60', '66', '2017100045', '961101086273', '53', '919', 'LPP04', '4', null, '1', '7', '23243545465465675', 'autopay', '3', '2018-01-02', '2018-06-30', '2017-10-26', null);
INSERT INTO `pelatih` VALUES ('61', '42', '2017100046', '991025016907', '53', '919', 'LPP04', '4', null, '1', '9', '23546565756', 'autopay', '3', '2018-01-02', '2018-06-30', '2017-10-26', null);
INSERT INTO `pelatih` VALUES ('62', '52', '2017100047', '981128045023', '53', '919', 'LPP04', '4', null, '1', '5', '3435464654', 'autopay', '3', '2018-01-02', '2018-06-30', '2017-10-26', null);
INSERT INTO `pelatih` VALUES ('63', '67', '2017100048', '940912015433', '53', '919', 'LPP04', '4', null, '1', '3', '2435464575875', 'autopay', '3', '2018-01-02', '2018-06-30', '2017-10-26', null);
INSERT INTO `pelatih` VALUES ('64', '57', '2017100049', '001002081583', '53', '919', 'LPP04', '4', null, '1', '5', '353453524353', 'autopay', '3', '2018-01-02', '2018-06-30', '2017-10-26', null);
INSERT INTO `pelatih` VALUES ('65', '65', '2017100050', '001014081433', '53', '919', 'LPP04', '4', null, '1', '5', '23453647575857', 'autopay', '3', '2018-01-02', '2018-06-30', '2017-10-26', null);
INSERT INTO `pelatih` VALUES ('66', '72', '2017100051', '790629085873', '53', '919', 'LPP04', '4', null, '1', '4', '2465467477', 'autopay', '3', '2018-01-02', '2018-06-30', '2017-10-26', null);
INSERT INTO `pelatih` VALUES ('67', '73', '2017100052', '000711080589', '53', '919', 'LPP04', '4', null, '1', '1', '11111111111111', 'autopay', '3', '2018-01-02', '2018-06-30', '2017-10-26', null);
INSERT INTO `pelatih` VALUES ('68', '76', '2017100053', '961116085601', '53', '919', 'LPP04', '4', null, '1', '2', '2222222222', 'autopay', '3', '2018-01-02', '2018-06-30', '2017-10-26', null);
INSERT INTO `pelatih` VALUES ('69', '77', '2017100054', '770727145566', '53', '920', 'LPP04', '1', null, '1', '1', '111111111', 'autopay', '3', '2018-01-02', '2018-06-30', '2017-10-26', null);
INSERT INTO `pelatih` VALUES ('70', '78', '2017100055', '700831115227', '53', '919', 'LPP04', '4', null, '0', '1', '7897127299982', 'autopay', '3', '2017-10-26', '2017-10-26', '2017-10-26', null);
INSERT INTO `pelatih` VALUES ('72', '33', '2017100057', '981025101111', '135', '32', 'LPP04', '1', null, '1', '1', '32323423432', 'autopay', '3', '2017-10-25', '2017-10-25', '2017-10-26', null);
INSERT INTO `pelatih` VALUES ('73', '81', '2017100058', '991026112225', '135', '32', 'LPP04', '1', null, '1', '3', '211321000', 'autopay', '3', '2018-01-01', '2018-06-30', '2017-10-26', null);
INSERT INTO `pelatih` VALUES ('74', '83', '2017100059', '991026112226', '135', '32', 'LPP04', '1', null, '1', '2', '21323229', 'autopay', '3', '2018-01-01', '2018-06-30', '2017-10-26', null);
INSERT INTO `pelatih` VALUES ('75', '80', '2017100060', '991026112224', '135', '32', 'LPP04', '1', null, '1', '1', '23223', 'autopay', '3', '2018-01-01', '2018-06-30', '2017-10-26', null);
INSERT INTO `pelatih` VALUES ('84', '90', '2017100065', '950505145556', '53', '919', 'LPP04', '4', null, '1', '1', '1111111', 'autopay', '3', '2018-01-01', '2018-06-30', '2017-10-27', null);
INSERT INTO `pelatih` VALUES ('85', '85', '2017100066', '991212145555', '83', '922', 'LPP04', '1', null, '1', '17', '45646564565646', 'autopay', '3', '2017-10-27', '2017-10-27', '2017-10-27', null);
INSERT INTO `pelatih` VALUES ('105', '87', '2017100077', '790713145816', '136', '33', 'LPP04', '1', null, '0', '2', '112233445566', 'autopay', '3', '2018-02-01', '2020-05-06', '2017-10-30', null);
INSERT INTO `pelatih` VALUES ('106', '22', '2017100078', '991022015561', '136', '33', 'LPP04', '1', null, '1', '1', '1122334455', 'autopay', '3', '2018-02-01', '2020-05-06', '2017-10-30', null);
INSERT INTO `pelatih` VALUES ('107', '30', '2017100079', '980907105999', '136', '33', 'LPP04', '1', null, '1', '1', '12345', 'autopay', '3', '2018-01-02', '2018-06-29', '2017-10-30', null);
INSERT INTO `pelatih` VALUES ('108', '1', '2017100080', '198308250001', '18', '30', 'LPP04', '1', null, '1', '1', '123456789', 'autopay', '3', '2017-10-30', '2017-10-31', '2017-10-30', null);
INSERT INTO `pelatih` VALUES ('110', '24', '2017100082', '800831115227', '136', '278', 'LPP04', '1', null, '1', '1', '1122334455', 'autopay', '3', '2018-01-02', '2018-06-29', '2017-10-31', null);
INSERT INTO `pelatih` VALUES ('113', '93', '2017110085', '981101145555', '53', '919', 'LPP04', '4', null, '1', '1', '131313243234', 'autopay', '3', '2018-01-01', '2018-06-30', '2017-11-01', null);
INSERT INTO `pelatih` VALUES ('114', '75', '2017110086', '990330080243', '53', '919', 'LPP04', '4', null, '1', '12', '2342343535', 'autopay', '3', '2018-01-01', '2018-06-30', '2017-11-01', null);
INSERT INTO `pelatih` VALUES ('115', '94', '2017110087', '981101145556', '53', '919', 'LPP04', '4', null, '1', '1', '34242342', 'autopay', '3', '2018-01-01', '2018-06-30', '2017-11-01', null);
INSERT INTO `pelatih` VALUES ('116', '95', '2017110088', '981101145557', '53', '919', 'LPP04', '4', null, '1', '4', '242342342340', 'autopay', '3', '2018-01-01', '2018-06-30', '2017-11-01', null);
INSERT INTO `pelatih` VALUES ('117', '79', '2017110089', '991026112223', '136', '33', 'LPP04', '1', null, '1', '1', '1122334455', 'autopay', '3', '2017-11-01', '2017-11-01', '2017-11-01', null);
INSERT INTO `pelatih` VALUES ('147', '13', '2017110090', '991022015560', '135', '277', 'LPP09', '1', null, '1', '1', '34567890871', null, null, '2018-01-01', '2018-03-31', '2017-11-08', null);
INSERT INTO `pelatih` VALUES ('148', '33', '2017110091', '981025101111', '135', '277', 'LPP09', '1', null, '0', '', '', null, null, '2018-01-01', '2018-03-31', '2017-11-09', null);

-- ----------------------------
-- Table structure for pelatih_palsu
-- ----------------------------
DROP TABLE IF EXISTS `pelatih_palsu`;
CREATE TABLE `pelatih_palsu` (
  `id` int(11) NOT NULL AUTO_INCREMENT,
  `mykad` char(20) COLLATE utf8mb4_unicode_ci NOT NULL,
  `nama` char(20) COLLATE utf8mb4_unicode_ci NOT NULL,
  `layak` char(20) COLLATE utf8mb4_unicode_ci NOT NULL,
  `akun` char(20) COLLATE utf8mb4_unicode_ci NOT NULL,
  `bank` char(20) COLLATE utf8mb4_unicode_ci NOT NULL,
  `mula` char(20) COLLATE utf8mb4_unicode_ci NOT NULL,
  `tamat` char(20) COLLATE utf8mb4_unicode_ci NOT NULL,
  `giatmara` char(20) COLLATE utf8mb4_unicode_ci NOT NULL,
  PRIMARY KEY (`id`)
) ENGINE=InnoDB DEFAULT CHARSET=utf8mb4 COLLATE=utf8mb4_unicode_ci;

-- ----------------------------
-- Records of pelatih_palsu
-- ----------------------------

-- ----------------------------
-- Table structure for pelatih_potongan
-- ----------------------------
DROP TABLE IF EXISTS `pelatih_potongan`;
CREATE TABLE `pelatih_potongan` (
  `id` int(10) NOT NULL AUTO_INCREMENT,
  `id_pelatih` int(10) NOT NULL,
  `id_kew_potongan` int(10) NOT NULL,
  `tarikh_ditambah` date DEFAULT NULL,
  PRIMARY KEY (`id`),
  KEY `id_pelatih` (`id_pelatih`),
  CONSTRAINT `pelatih_potongan_ibfk_1` FOREIGN KEY (`id_pelatih`) REFERENCES `pelatih` (`id_pelatih`) ON DELETE CASCADE ON UPDATE CASCADE
) ENGINE=InnoDB AUTO_INCREMENT=209 DEFAULT CHARSET=utf8mb4 COLLATE=utf8mb4_unicode_ci;

-- ----------------------------
-- Records of pelatih_potongan
-- ----------------------------
INSERT INTO `pelatih_potongan` VALUES ('28', '16', '3', null);
INSERT INTO `pelatih_potongan` VALUES ('29', '16', '13', null);
INSERT INTO `pelatih_potongan` VALUES ('35', '19', '3', null);
INSERT INTO `pelatih_potongan` VALUES ('36', '19', '13', null);
INSERT INTO `pelatih_potongan` VALUES ('37', '19', '15', null);
INSERT INTO `pelatih_potongan` VALUES ('44', '22', '3', null);
INSERT INTO `pelatih_potongan` VALUES ('45', '22', '13', null);
INSERT INTO `pelatih_potongan` VALUES ('46', '23', '3', null);
INSERT INTO `pelatih_potongan` VALUES ('47', '23', '13', null);
INSERT INTO `pelatih_potongan` VALUES ('48', '23', '15', null);
INSERT INTO `pelatih_potongan` VALUES ('49', '24', '3', null);
INSERT INTO `pelatih_potongan` VALUES ('50', '24', '13', null);
INSERT INTO `pelatih_potongan` VALUES ('51', '24', '15', null);
INSERT INTO `pelatih_potongan` VALUES ('52', '25', '3', null);
INSERT INTO `pelatih_potongan` VALUES ('53', '25', '13', null);
INSERT INTO `pelatih_potongan` VALUES ('54', '26', '3', null);
INSERT INTO `pelatih_potongan` VALUES ('55', '26', '13', null);
INSERT INTO `pelatih_potongan` VALUES ('56', '26', '15', null);
INSERT INTO `pelatih_potongan` VALUES ('57', '27', '3', null);
INSERT INTO `pelatih_potongan` VALUES ('58', '27', '13', null);
INSERT INTO `pelatih_potongan` VALUES ('59', '28', '3', null);
INSERT INTO `pelatih_potongan` VALUES ('60', '28', '13', null);
INSERT INTO `pelatih_potongan` VALUES ('61', '28', '15', null);
INSERT INTO `pelatih_potongan` VALUES ('62', '29', '3', null);
INSERT INTO `pelatih_potongan` VALUES ('63', '29', '13', null);
INSERT INTO `pelatih_potongan` VALUES ('64', '30', '3', null);
INSERT INTO `pelatih_potongan` VALUES ('65', '30', '13', null);
INSERT INTO `pelatih_potongan` VALUES ('66', '31', '3', null);
INSERT INTO `pelatih_potongan` VALUES ('67', '31', '13', null);
INSERT INTO `pelatih_potongan` VALUES ('68', '31', '15', null);
INSERT INTO `pelatih_potongan` VALUES ('69', '32', '3', null);
INSERT INTO `pelatih_potongan` VALUES ('70', '32', '13', null);
INSERT INTO `pelatih_potongan` VALUES ('71', '32', '15', null);
INSERT INTO `pelatih_potongan` VALUES ('72', '33', '3', null);
INSERT INTO `pelatih_potongan` VALUES ('73', '33', '13', null);
INSERT INTO `pelatih_potongan` VALUES ('74', '33', '15', null);
INSERT INTO `pelatih_potongan` VALUES ('75', '34', '3', null);
INSERT INTO `pelatih_potongan` VALUES ('76', '34', '13', null);
INSERT INTO `pelatih_potongan` VALUES ('77', '34', '15', null);
INSERT INTO `pelatih_potongan` VALUES ('78', '35', '3', null);
INSERT INTO `pelatih_potongan` VALUES ('79', '35', '13', null);
INSERT INTO `pelatih_potongan` VALUES ('80', '35', '15', null);
INSERT INTO `pelatih_potongan` VALUES ('81', '36', '3', null);
INSERT INTO `pelatih_potongan` VALUES ('82', '36', '13', null);
INSERT INTO `pelatih_potongan` VALUES ('83', '36', '15', null);
INSERT INTO `pelatih_potongan` VALUES ('84', '37', '3', null);
INSERT INTO `pelatih_potongan` VALUES ('85', '37', '13', null);
INSERT INTO `pelatih_potongan` VALUES ('86', '37', '15', null);
INSERT INTO `pelatih_potongan` VALUES ('87', '38', '3', null);
INSERT INTO `pelatih_potongan` VALUES ('88', '38', '13', null);
INSERT INTO `pelatih_potongan` VALUES ('89', '38', '15', null);
INSERT INTO `pelatih_potongan` VALUES ('90', '39', '3', null);
INSERT INTO `pelatih_potongan` VALUES ('91', '39', '13', null);
INSERT INTO `pelatih_potongan` VALUES ('92', '39', '15', null);
INSERT INTO `pelatih_potongan` VALUES ('93', '40', '3', null);
INSERT INTO `pelatih_potongan` VALUES ('94', '40', '13', null);
INSERT INTO `pelatih_potongan` VALUES ('95', '40', '15', null);
INSERT INTO `pelatih_potongan` VALUES ('96', '41', '3', null);
INSERT INTO `pelatih_potongan` VALUES ('97', '41', '13', null);
INSERT INTO `pelatih_potongan` VALUES ('98', '41', '15', null);
INSERT INTO `pelatih_potongan` VALUES ('99', '42', '3', null);
INSERT INTO `pelatih_potongan` VALUES ('100', '42', '13', null);
INSERT INTO `pelatih_potongan` VALUES ('101', '42', '15', null);
INSERT INTO `pelatih_potongan` VALUES ('102', '43', '3', null);
INSERT INTO `pelatih_potongan` VALUES ('103', '43', '13', null);
INSERT INTO `pelatih_potongan` VALUES ('104', '44', '3', null);
INSERT INTO `pelatih_potongan` VALUES ('105', '44', '13', null);
INSERT INTO `pelatih_potongan` VALUES ('106', '45', '3', null);
INSERT INTO `pelatih_potongan` VALUES ('107', '45', '13', null);
INSERT INTO `pelatih_potongan` VALUES ('108', '46', '3', null);
INSERT INTO `pelatih_potongan` VALUES ('109', '46', '13', null);
INSERT INTO `pelatih_potongan` VALUES ('110', '47', '3', null);
INSERT INTO `pelatih_potongan` VALUES ('111', '47', '13', null);
INSERT INTO `pelatih_potongan` VALUES ('112', '48', '3', null);
INSERT INTO `pelatih_potongan` VALUES ('113', '48', '13', null);
INSERT INTO `pelatih_potongan` VALUES ('114', '49', '3', null);
INSERT INTO `pelatih_potongan` VALUES ('115', '49', '13', null);
INSERT INTO `pelatih_potongan` VALUES ('116', '50', '3', null);
INSERT INTO `pelatih_potongan` VALUES ('117', '50', '13', null);
INSERT INTO `pelatih_potongan` VALUES ('118', '51', '3', null);
INSERT INTO `pelatih_potongan` VALUES ('119', '51', '13', null);
INSERT INTO `pelatih_potongan` VALUES ('120', '51', '15', null);
INSERT INTO `pelatih_potongan` VALUES ('121', '53', '3', null);
INSERT INTO `pelatih_potongan` VALUES ('122', '53', '13', null);
INSERT INTO `pelatih_potongan` VALUES ('123', '53', '15', null);
INSERT INTO `pelatih_potongan` VALUES ('124', '54', '3', null);
INSERT INTO `pelatih_potongan` VALUES ('125', '54', '13', null);
INSERT INTO `pelatih_potongan` VALUES ('126', '55', '3', null);
INSERT INTO `pelatih_potongan` VALUES ('127', '55', '13', null);
INSERT INTO `pelatih_potongan` VALUES ('128', '56', '3', null);
INSERT INTO `pelatih_potongan` VALUES ('129', '56', '13', null);
INSERT INTO `pelatih_potongan` VALUES ('130', '57', '3', null);
INSERT INTO `pelatih_potongan` VALUES ('131', '57', '13', null);
INSERT INTO `pelatih_potongan` VALUES ('132', '57', '15', null);
INSERT INTO `pelatih_potongan` VALUES ('133', '58', '3', null);
INSERT INTO `pelatih_potongan` VALUES ('134', '58', '13', null);
INSERT INTO `pelatih_potongan` VALUES ('135', '58', '15', null);
INSERT INTO `pelatih_potongan` VALUES ('136', '59', '3', null);
INSERT INTO `pelatih_potongan` VALUES ('137', '59', '13', null);
INSERT INTO `pelatih_potongan` VALUES ('138', '59', '15', null);
INSERT INTO `pelatih_potongan` VALUES ('139', '60', '3', null);
INSERT INTO `pelatih_potongan` VALUES ('140', '60', '13', null);
INSERT INTO `pelatih_potongan` VALUES ('141', '60', '15', null);
INSERT INTO `pelatih_potongan` VALUES ('142', '61', '3', null);
INSERT INTO `pelatih_potongan` VALUES ('143', '61', '13', null);
INSERT INTO `pelatih_potongan` VALUES ('144', '61', '15', null);
INSERT INTO `pelatih_potongan` VALUES ('145', '62', '3', null);
INSERT INTO `pelatih_potongan` VALUES ('146', '62', '13', null);
INSERT INTO `pelatih_potongan` VALUES ('147', '62', '15', null);
INSERT INTO `pelatih_potongan` VALUES ('148', '63', '3', null);
INSERT INTO `pelatih_potongan` VALUES ('149', '63', '13', null);
INSERT INTO `pelatih_potongan` VALUES ('150', '63', '15', null);
INSERT INTO `pelatih_potongan` VALUES ('151', '64', '3', null);
INSERT INTO `pelatih_potongan` VALUES ('152', '64', '13', null);
INSERT INTO `pelatih_potongan` VALUES ('153', '65', '3', null);
INSERT INTO `pelatih_potongan` VALUES ('154', '65', '13', null);
INSERT INTO `pelatih_potongan` VALUES ('155', '65', '15', null);
INSERT INTO `pelatih_potongan` VALUES ('156', '66', '3', null);
INSERT INTO `pelatih_potongan` VALUES ('157', '66', '13', null);
INSERT INTO `pelatih_potongan` VALUES ('158', '66', '15', null);
INSERT INTO `pelatih_potongan` VALUES ('159', '67', '3', null);
INSERT INTO `pelatih_potongan` VALUES ('160', '67', '13', null);
INSERT INTO `pelatih_potongan` VALUES ('161', '67', '15', null);
INSERT INTO `pelatih_potongan` VALUES ('162', '68', '3', null);
INSERT INTO `pelatih_potongan` VALUES ('163', '68', '13', null);
INSERT INTO `pelatih_potongan` VALUES ('164', '68', '15', null);
INSERT INTO `pelatih_potongan` VALUES ('165', '69', '3', null);
INSERT INTO `pelatih_potongan` VALUES ('166', '69', '13', null);
INSERT INTO `pelatih_potongan` VALUES ('167', '69', '1', null);
INSERT INTO `pelatih_potongan` VALUES ('168', '69', '15', null);
INSERT INTO `pelatih_potongan` VALUES ('169', '70', '3', null);
INSERT INTO `pelatih_potongan` VALUES ('170', '70', '13', null);
INSERT INTO `pelatih_potongan` VALUES ('171', '70', '15', null);
INSERT INTO `pelatih_potongan` VALUES ('172', '72', '3', null);
INSERT INTO `pelatih_potongan` VALUES ('173', '72', '13', null);
INSERT INTO `pelatih_potongan` VALUES ('174', '73', '3', null);
INSERT INTO `pelatih_potongan` VALUES ('175', '73', '13', null);
INSERT INTO `pelatih_potongan` VALUES ('176', '74', '3', null);
INSERT INTO `pelatih_potongan` VALUES ('177', '74', '13', null);
INSERT INTO `pelatih_potongan` VALUES ('178', '75', '3', null);
INSERT INTO `pelatih_potongan` VALUES ('179', '75', '13', null);
INSERT INTO `pelatih_potongan` VALUES ('180', '84', '3', null);
INSERT INTO `pelatih_potongan` VALUES ('181', '84', '13', null);
INSERT INTO `pelatih_potongan` VALUES ('182', '84', '15', null);
INSERT INTO `pelatih_potongan` VALUES ('183', '85', '3', null);
INSERT INTO `pelatih_potongan` VALUES ('184', '85', '13', null);
INSERT INTO `pelatih_potongan` VALUES ('185', '105', '3', null);
INSERT INTO `pelatih_potongan` VALUES ('186', '105', '13', null);
INSERT INTO `pelatih_potongan` VALUES ('187', '105', '15', null);
INSERT INTO `pelatih_potongan` VALUES ('188', '106', '3', null);
INSERT INTO `pelatih_potongan` VALUES ('189', '106', '13', null);
INSERT INTO `pelatih_potongan` VALUES ('190', '106', '15', null);
INSERT INTO `pelatih_potongan` VALUES ('191', '107', '3', null);
INSERT INTO `pelatih_potongan` VALUES ('192', '107', '13', null);
INSERT INTO `pelatih_potongan` VALUES ('193', '107', '15', null);
INSERT INTO `pelatih_potongan` VALUES ('194', '108', '3', null);
INSERT INTO `pelatih_potongan` VALUES ('195', '108', '13', null);
INSERT INTO `pelatih_potongan` VALUES ('196', '110', '3', null);
INSERT INTO `pelatih_potongan` VALUES ('197', '110', '13', null);
INSERT INTO `pelatih_potongan` VALUES ('198', '110', '15', null);
INSERT INTO `pelatih_potongan` VALUES ('199', '113', '3', null);
INSERT INTO `pelatih_potongan` VALUES ('200', '113', '13', null);
INSERT INTO `pelatih_potongan` VALUES ('201', '114', '3', null);
INSERT INTO `pelatih_potongan` VALUES ('202', '114', '13', null);
INSERT INTO `pelatih_potongan` VALUES ('203', '115', '3', null);
INSERT INTO `pelatih_potongan` VALUES ('204', '115', '13', null);
INSERT INTO `pelatih_potongan` VALUES ('205', '116', '3', null);
INSERT INTO `pelatih_potongan` VALUES ('206', '116', '13', null);
INSERT INTO `pelatih_potongan` VALUES ('207', '117', '3', null);
INSERT INTO `pelatih_potongan` VALUES ('208', '117', '13', null);

-- ----------------------------
-- Table structure for permohonan_butir_peribadi
-- ----------------------------
DROP TABLE IF EXISTS `permohonan_butir_peribadi`;
CREATE TABLE `permohonan_butir_peribadi` (
  `id` int(10) NOT NULL AUTO_INCREMENT,
  `nama_penuh` varchar(250) COLLATE utf8mb4_unicode_ci NOT NULL,
  `no_mykad` varchar(20) COLLATE utf8mb4_unicode_ci NOT NULL,
  `tarikh_lahir` date NOT NULL,
  `kewarganegaraan` int(10) NOT NULL,
  `umur` int(3) NOT NULL,
  `no_telefon` varchar(50) COLLATE utf8mb4_unicode_ci DEFAULT NULL,
  `no_hp` varchar(50) COLLATE utf8mb4_unicode_ci DEFAULT NULL,
  `alamat` text COLLATE utf8mb4_unicode_ci NOT NULL,
  `poskod` int(10) NOT NULL,
  `negara` int(10) DEFAULT NULL,
  `poskod_2` int(10) DEFAULT NULL,
  `bandar_2` varchar(200) COLLATE utf8mb4_unicode_ci DEFAULT NULL,
  `negeri_2` int(10) DEFAULT NULL,
  `emel` varchar(200) COLLATE utf8mb4_unicode_ci NOT NULL,
  `jantina` varchar(2) COLLATE utf8mb4_unicode_ci DEFAULT NULL,
  `bangsa` int(10) NOT NULL,
  `etnik` int(10) NOT NULL,
  `agama` int(10) NOT NULL,
  `taraf_perkahwinan` int(10) NOT NULL,
  `kategori_kelulusan` varchar(60) COLLATE utf8mb4_unicode_ci DEFAULT NULL,
  `kelulusan` int(10) DEFAULT NULL,
  `kelulusan_kemahiran` int(11) DEFAULT NULL,
  `matlamat` varchar(100) COLLATE utf8mb4_unicode_ci NOT NULL,
  `kategori_pemohon` int(10) NOT NULL,
  `no_rujukan_permohonan` varchar(10) COLLATE utf8mb4_unicode_ci NOT NULL,
  `pengesahan` int(2) NOT NULL,
  `pengakuan` int(2) NOT NULL,
  `tarikh_hantar` datetime DEFAULT NULL,
  `id_admin_user` int(11) DEFAULT NULL,
  `jenis_lpp` varchar(10) COLLATE utf8mb4_unicode_ci DEFAULT NULL,
  `no_pelatih_record` varchar(50) COLLATE utf8mb4_unicode_ci DEFAULT NULL,
  PRIMARY KEY (`id`),
  KEY `kewarganegaraan` (`kewarganegaraan`),
  KEY `bangsa` (`bangsa`),
  KEY `etnik` (`etnik`),
  KEY `agama` (`agama`),
  KEY `taraf_perkahwinan` (`taraf_perkahwinan`),
  KEY `kategori_pemohon` (`kategori_pemohon`),
  KEY `poskod` (`poskod`),
  KEY `kelulusan` (`kelulusan`),
  CONSTRAINT `permohonan_butir_peribadi_ibfk_10` FOREIGN KEY (`kelulusan`) REFERENCES `ref_kelulusan` (`id`),
  CONSTRAINT `permohonan_butir_peribadi_ibfk_11` FOREIGN KEY (`kategori_pemohon`) REFERENCES `ref_kategori_pemohon` (`id`),
  CONSTRAINT `permohonan_butir_peribadi_ibfk_12` FOREIGN KEY (`poskod`) REFERENCES `ref_poskod_bandar_negeri` (`id`),
  CONSTRAINT `permohonan_butir_peribadi_ibfk_13` FOREIGN KEY (`kelulusan`) REFERENCES `ref_kelulusan` (`id`),
  CONSTRAINT `permohonan_butir_peribadi_ibfk_4` FOREIGN KEY (`kewarganegaraan`) REFERENCES `ref_kewarganegaraan` (`id`),
  CONSTRAINT `permohonan_butir_peribadi_ibfk_6` FOREIGN KEY (`bangsa`) REFERENCES `ref_bangsa` (`id`),
  CONSTRAINT `permohonan_butir_peribadi_ibfk_7` FOREIGN KEY (`etnik`) REFERENCES `ref_etnik` (`id`),
  CONSTRAINT `permohonan_butir_peribadi_ibfk_8` FOREIGN KEY (`agama`) REFERENCES `ref_agama` (`id`),
  CONSTRAINT `permohonan_butir_peribadi_ibfk_9` FOREIGN KEY (`taraf_perkahwinan`) REFERENCES `ref_taraf_perkahwinan` (`id`)
) ENGINE=InnoDB AUTO_INCREMENT=97 DEFAULT CHARSET=utf8mb4 COLLATE=utf8mb4_unicode_ci;

-- ----------------------------
-- Records of permohonan_butir_peribadi
-- ----------------------------
INSERT INTO `permohonan_butir_peribadi` VALUES ('1', 'Zulyantara 1', '198308250001', '1983-08-25', '1', '34', '123456789', '123456789', 'Alamat Surat', '1', '153', null, null, null, 'ajahtara@gmail.com', null, '1', '1', '1', '2', null, '1', '6', 'Melanjutkan Pelajaran', '1', '2017100001', '1', '2', '2017-10-24 20:43:49', null, 'LPP04', null);
INSERT INTO `permohonan_butir_peribadi` VALUES ('2', 'Zulyantara 2', '198308250002', '2000-10-25', '1', '17', '123456789', '123456789', 'Alamat', '1', '153', null, null, null, 'ajahtara@gmail.com', null, '1', '1', '1', '1', null, '1', null, 'Melanjutkan Pelajaran', '1', '2017100002', '1', '2', '2017-10-21 17:10:05', null, 'LPP04', null);
INSERT INTO `permohonan_butir_peribadi` VALUES ('3', 'Amira Buhari', '911112146666', '0000-00-00', '1', '26', '019879788788', '019879788788', 'ghfhgfghf', '195', '153', null, null, null, 'amira@noemail.com', null, '1', '1', '1', '1', null, '1', null, 'Melanjutkan Pelajaran Dalam Bidang Kemahiran', '1', '2017100003', '1', '0', '2017-10-25 00:00:00', null, 'LPP04', 'NN');
INSERT INTO `permohonan_butir_peribadi` VALUES ('4', '', 'Nurul Syafiqah binti', '1994-12-24', '1', '23', '0113337855', '0113337855', 'Lot 5554, Jalan Impian Putra', '195', '153', null, null, null, 'syafiqah@noemail.com', null, '1', '1', '1', '1', null, '10', null, 'Melanjutkan Pelajaran', '1', '2017100004', '1', '2', '2017-10-21 13:37:04', null, 'LPP04', null);
INSERT INTO `permohonan_butir_peribadi` VALUES ('8', 'Azira Arif', '911112149988', '1991-11-12', '1', '26', '0192345454', '0192345454', 'No. 3, Jln 4', '315', '153', null, null, null, 'azira@noemail.com', null, '1', '1', '1', '1', null, '1', null, 'Melanjutkan Pelajaran', '1', '2017100005', '1', '2', '2017-10-22 02:42:25', null, 'LPP04', null);
INSERT INTO `permohonan_butir_peribadi` VALUES ('9', 'Nur Amalina Hussein', '991022015555', '1999-10-22', '1', '18', '0167878787', '0167878787', 'dfsf', '315', '153', null, null, null, 'amalina1@noemail.com', null, '1', '1', '1', '1', null, '1', null, 'Melanjutkan Pelajaran', '1', '2017100006', '1', '0', '2017-10-24 04:18:42', null, 'LPP04', null);
INSERT INTO `permohonan_butir_peribadi` VALUES ('10', 'Nur Amalina Husin 2a', '991022011111', '1999-10-22', '1', '18', '01879789888', '0192104055', 'No. 3, Jln Sutera 2', '195', '153', null, null, null, 'amalina2@noemail.com', '2', '1', '1', '1', '1', null, '1', null, 'Melanjutkan Pelajaran', '1', '2017100007', '1', '2', '2017-10-23 11:06:25', null, 'LPP04', null);
INSERT INTO `permohonan_butir_peribadi` VALUES ('11', 'Nur Amalina Husin ', '991022015557', '1999-10-22', '1', '18', '0177576575', '0177576575', 'dfsf', '315', '153', null, null, null, 'amalina3@noemail.com', null, '1', '1', '1', '1', null, '1', null, 'Melanjutkan Pelajaran', '2', '2017100008', '1', '2', '2017-10-23 06:14:28', null, 'LPP04', null);
INSERT INTO `permohonan_butir_peribadi` VALUES ('12', 'zulyantara', '212121212121', '1999-10-22', '1', '18', '036546546611', '036546546611', 'hfghfgf', '315', '153', null, null, null, 'amalina4@noemail.com', null, '1', '1', '1', '1', null, '1', null, 'Melanjutkan Pelajaran', '1', '2017100009', '1', '2', '2017-10-22 13:35:08', null, 'LPP04', null);
INSERT INTO `permohonan_butir_peribadi` VALUES ('13', 'Nur Amalina Husin 5', '991022015560', '1999-10-22', '1', '18', '5656456464', '5656456464', 'dafdsf', '315', '153', null, null, null, 'amalina5@noemail.com', null, '1', '1', '1', '1', null, '1', null, 'Melanjutkan Pelajaran Dalam Bidang Kemahiran', '1', '2017100010', '1', '0', '2017-10-27 00:00:00', null, 'LPP04', 'NN');
INSERT INTO `permohonan_butir_peribadi` VALUES ('14', 'Zulyantara 3', '198308250003', '2000-08-25', '1', '17', '123456789', '123456789', 'Alamat', '1', '153', null, null, null, 'ajahtara@gmail.com', null, '1', '1', '1', '1', null, '1', null, 'Melanjutkan Pelajaran', '1', '2017100011', '0', '2', '2017-10-22 15:00:12', null, 'LPP04', null);
INSERT INTO `permohonan_butir_peribadi` VALUES ('15', 'Nama Penuh 001', '991022015001', '1991-10-01', '1', '26', '0389008989', '0389008989', 'alamat surat menyurat', '57', '153', null, null, null, 'np001@gmail.com', null, '1', '1', '1', '1', null, '1', null, 'Bekerja', '4', '2017100012', '1', '2', '2017-10-23 06:59:26', null, 'LPP04', null);
INSERT INTO `permohonan_butir_peribadi` VALUES ('16', 'rosman bin ibrahim', '770821025137', '1977-08-21', '1', '40', '0326912690', '01111111111', '123, jalan cameron highland', '104', '153', null, null, null, 'rosmanibrahim@giatmara.edu.my', '1', '1', '1', '1', '1', null, '7', null, 'Berniaga Sendiri', '5', '2017100013', '1', '2', '2017-10-24 04:16:50', null, 'LPP04', null);
INSERT INTO `permohonan_butir_peribadi` VALUES ('17', 'MOHD HARMIZI BIN HAZMI', '820515115071', '1982-05-15', '1', '35', '01110831676', '01110831676', 'kg Tujuh, kelantan', '55', '153', null, null, null, 'harmiz82@gmail.com', null, '1', '1', '1', '1', null, '4', '1', 'Berniaga Sendiri', '2', '2017100014', '1', '2', '2017-11-02 03:05:48', null, 'LPP04', null);
INSERT INTO `permohonan_butir_peribadi` VALUES ('18', 'syakirah binti shaker', '811229085380', '1981-12-29', '1', '36', '0133651645', '0133651645', 'no. 52, jalan sg 9/10, taman sri gombak', '333', '153', null, null, null, 'iezan81@gmail.com', null, '1', '1', '1', '2', null, '1', null, 'Bekerja', '1', '2017100015', '1', '2', '2017-10-24 13:10:48', null, 'LPP04', null);
INSERT INTO `permohonan_butir_peribadi` VALUES ('19', 'maslin binti omar', '921107085202', '2017-10-25', '1', '0', '0104211324', '012233000', 'WANGSA MAJU', '301', '153', null, null, null, 'maslinda@nomail.com.my', '2', '1', '1', '1', '1', null, '5', null, 'Melanjutkan Pelajaran', '8', '2017100016', '1', '2', '2017-10-24 13:11:39', null, 'LPP04', null);
INSERT INTO `permohonan_butir_peribadi` VALUES ('20', 'NORHAMIZAN BINTI ABU KHIR', '820530145252', '2017-05-30', '1', '35', '0126702339', '0126702339', 'MW-G2BLOK A, PANGGSAPURI TAMAN GEMILANG, ', '352', '153', null, null, null, 'norhamizan@giatmara.edu.my', null, '1', '1', '1', '2', null, '3', null, 'Melanjutkan Pelajaran', '8', '2017100017', '1', '2', '2017-10-24 13:22:10', null, 'LPP04', null);
INSERT INTO `permohonan_butir_peribadi` VALUES ('21', 'MAT NOOR BIN MOHAMAD SHARAFUDDIN', '670821025137', '0000-00-00', '1', '50', '0133456789', '0194247952', 'fdsfsdfsf', '25', '153', null, null, null, 'masnur_shuhada@giatmara.edu.my', '1', '1', '1', '1', '2', null, '5', null, 'Bekerja', '3', '2017100018', '1', '0', '2017-10-25 00:00:00', null, 'LPP04', 'NN');
INSERT INTO `permohonan_butir_peribadi` VALUES ('22', 'Nur Amalina binti Husin ', '991022015561', '1999-10-22', '1', '18', '0167879768', '0167879768', 'asdsdsa', '315', '153', null, null, null, 'amalina6@noemail.com', null, '1', '1', '1', '1', null, '1', '4', 'Melanjutkan Pelajaran', '8', '2017100019', '0', '2', '2017-10-24 14:49:23', null, 'LPP04', null);
INSERT INTO `permohonan_butir_peribadi` VALUES ('23', 'MOHD ZUHAIMI BIN MOHD SALLEH', '730523145767', '2017-10-25', '1', '0', '0173782634', '0173782634', '020407, Flat DBKL, Taman Seri Rampai, Setapak Jaya', '301', '153', null, null, null, 'zuhaimi@giatmara.edu.my', '1', '1', '1', '1', '1', null, '5', null, 'Bekerja', '4', '2017100020', '1', '2', '2017-10-24 13:21:13', null, 'LPP04', null);
INSERT INTO `permohonan_butir_peribadi` VALUES ('24', 'AHMAD ZAIDI BIN OTHMAN', '800831115227', '1980-10-31', '1', '37', '0192381352', '0192381352', 'Wisma GIATMARA, No. 39 &amp; 41, Jalan Medan Tuanku, 50300 Kuala Lumpur', '278', '153', null, null, null, 'ahmadzaidiothman@giatmara.edu.my', null, '1', '1', '1', '2', null, '7', '6', 'Bekerja', '3', '2017100021', '0', '2', '2017-11-13 02:44:55', null, 'LPP04', null);
INSERT INTO `permohonan_butir_peribadi` VALUES ('27', 'Zulyantara 4', '198308250004', '2000-10-25', '1', '17', '123456789', '123456789', 'Alamat zulyantara 4', '1', '153', null, null, null, 'ajahtara@gmail.com', null, '1', '1', '1', '1', null, '1', '6', 'Melanjutkan Pelajaran', '1', '2017100022', '0', '2', '2017-10-24 20:51:33', null, 'LPP04', null);
INSERT INTO `permohonan_butir_peribadi` VALUES ('28', 'suhaimi B. salleh', '740523145765', '1974-05-23', '1', '43', '0163782634', '0163782634', '123, jalan selasih 6, taman selasih', '301', '153', null, null, null, 'suhaimi@gmail.com', null, '1', '1', '1', '2', null, '3', '6', 'Bekerja', '3', '2017100023', '1', '2', '2017-10-25 01:10:52', null, 'LPP04', null);
INSERT INTO `permohonan_butir_peribadi` VALUES ('29', 'Ahmad Izz', '810831115227', '1981-08-31', '1', '36', '0192381352', '0192381352', 'Jalan Medan Tuanku', '278', '153', null, null, null, 'ahmadzaidiothman@giatmara.edu.my', null, '1', '1', '1', '2', null, '9', '5', 'Bekerja', '2', '2017100024', '1', '2', '2017-10-25 01:19:04', null, 'LPP04', null);
INSERT INTO `permohonan_butir_peribadi` VALUES ('30', 'Danial Ariff bin Situah Ariff', '980907105999', '1998-09-07', '1', '19', '0174821020', '0174821020', 'Lot 45332, Jalan Imam Putra', '195', '153', null, null, null, 'danial@gmail.com', null, '1', '1', '1', '1', null, '3', '6', 'Bekerja', '1', '2017100025', '1', '2', '2017-10-25 02:13:45', null, 'LPP04', null);
INSERT INTO `permohonan_butir_peribadi` VALUES ('31', 'Nur Amalina Bin Husin 10', '911112141111', '1991-11-11', '1', '26', '5456446646', '5456446646', 'fsfsdf', '315', '153', null, null, null, 'amalina10@noemail.com', null, '1', '1', '1', '1', null, '1', '1', 'Melanjutkan Pelajaran', '1', '2017100026', '1', '2', '2017-10-25 06:04:35', null, 'LPP04', null);
INSERT INTO `permohonan_butir_peribadi` VALUES ('32', 'Mohamad Talha Abdul Rahim', '880214145677', '1988-02-14', '1', '29', '0118855666', '0118855666', 'No. 4, Jalan TP4/1', '195', '153', null, null, null, 'talha@noemail.com', null, '1', '1', '1', '1', null, '10', '1', 'Melanjutkan Pelajaran', '1', '2017100027', '1', '2', '2017-10-25 08:28:18', null, 'LPP04', null);
INSERT INTO `permohonan_butir_peribadi` VALUES ('33', 'Mohd Akmal Akram Husin', '981025101111', '1998-10-25', '1', '19', '018876767', '018876767', 'sfdsfsd', '315', '153', null, null, null, 'akmal@noemail.com', null, '1', '1', '1', '1', null, '10', '1', 'Melanjutkan Pelajaran', '1', '2017100028', '1', '2', '2017-10-25 09:23:31', null, 'LPP04', null);
INSERT INTO `permohonan_butir_peribadi` VALUES ('34', 'Izz Bin Izzuddin', '900930115227', '1990-09-30', '1', '27', '0326902691', '0326902691', 'Wisma GIATMARA', '278', '153', null, null, null, 'izz@gmail', '1', '1', '1', '1', '2', null, '9', '5', 'Bekerja', '2', '2017100029', '1', '2', '2017-10-25 09:25:21', null, 'LPP04', null);
INSERT INTO `permohonan_butir_peribadi` VALUES ('35', 'Maria Binti Masri', '981025101112', '0000-00-00', '1', '19', '23424234', '23424234', 'dsdad', '315', '153', null, null, null, 'mariana@noemail.com', null, '1', '1', '1', '1', null, '1', null, 'Melanjutkan Pelajaran Dalam Bidang Kemahiran', '1', '2017100030', '1', '0', '2017-10-26 00:00:00', null, 'LPP04', 'NN');
INSERT INTO `permohonan_butir_peribadi` VALUES ('36', 'Ziana Zain', '911025145511', '0000-00-00', '1', '26', '564465', '564465', 'hfhgfgfh', '315', '153', null, null, null, 'ziana@noemail.com', null, '1', '1', '1', '1', null, '1', null, 'Melanjutkan Pelajaran Dalam Bidang Kemahiran', '1', '2017100031', '1', '0', '2017-10-25 00:00:00', null, 'LPP04', 'NN');
INSERT INTO `permohonan_butir_peribadi` VALUES ('37', 'Muhammad Shahrul Amirul Bin Shaari', '010124030367', '1970-01-01', '1', '16', '0139151967', '0139151967', 'kampung geting tengah', '55', '153', null, null, null, 'shahrul@amirul.com', null, '1', '1', '1', '1', null, '1', null, 'Melanjutkan Pelajaran Dalam Bidang Kemahiran', '8', '2017100032', '0', '2', '2017-11-02 00:00:00', null, 'LPP04', 'NN');
INSERT INTO `permohonan_butir_peribadi` VALUES ('38', 'WAN MUHAMMAD ZA\'IM BIN CHE ABD. HALIM', '000829031133', '2000-08-29', '1', '17', '0109275647', '0109275647', 'KEDAI JAHIT \r\nKAMPUNG TELAGA LANAS', '55', '153', null, null, null, 'zai&#039;m_00@gmail.com', null, '1', '1', '1', '1', null, '1', '6', 'Bekerja', '8', '2017100033', '1', '2', '2017-10-25 13:05:18', null, 'LPP04', null);
INSERT INTO `permohonan_butir_peribadi` VALUES ('39', 'MUHAMMAD IKRAM BIN MUSTAFFA', '990528016795', '1970-01-01', '1', '18', '01136528337', '01136528337', '156, Kg. Sg. Bagan Darat, 81300 Rengit Batu Pahat, Johor', '373', '153', null, null, null, 'ikram@yahoo.com', null, '1', '1', '1', '1', null, '2', null, 'Bekerja', '8', '2017100034', '1', '0', '2017-10-27 00:00:00', null, 'LPP04', 'NN');
INSERT INTO `permohonan_butir_peribadi` VALUES ('40', 'Nor Surianie Binti Mohammad', '990816036678', '1999-08-16', '1', '18', '0146073035', '0146073035', 'Lot.356, Jalan Baru Wakaf Neting, Pengkalan Kubor, ', '55', '153', null, null, null, 'norsurianie@nomail.com.my', null, '1', '1', '1', '1', null, '3', null, 'Melanjutkan Pelajaran Dalam Bidang Kemahiran', '1', '2017100035', '1', '0', '2017-10-27 00:00:00', null, 'LPP04', 'NN');
INSERT INTO `permohonan_butir_peribadi` VALUES ('41', 'AMIRUL KHAOIRI BIN MOHD AMIN', '960830016529', '1970-01-01', '1', '21', '0194710423', '0194710423', 'KAMPUNG TANAH LALANG, BAGAN DATOH', '155', '153', null, null, null, 'amirulkhaoiri@gmail.com', null, '1', '1', '1', '1', null, '3', null, 'Melanjutkan Pelajaran Dalam Bidang Kemahiran', '1', '2017100036', '1', '0', '2017-10-27 00:00:00', null, 'LPP04', 'NN');
INSERT INTO `permohonan_butir_peribadi` VALUES ('42', 'MUHAMAD RIDZUAN BIN ZALIM', '991025016907', '1970-01-01', '1', '18', '0122926141', '0122926141', 'KG SERI MERLONG, MK 12,\r\n83100 RENGIT,\r\nBATU PAHAT, JOHOR.', '387', '153', null, null, null, 'muhamadridzuan@yahoo.com', null, '1', '1', '1', '1', null, '3', null, 'Melanjutkan Pelajaran Dalam Bidang Kemahiran', '1', '2017100037', '1', '0', '2017-10-27 00:00:00', null, 'LPP04', 'NN');
INSERT INTO `permohonan_butir_peribadi` VALUES ('43', 'MUHAMAD RIDZUAN BIN ZALIM', '991025016907', '1999-10-02', '1', '18', '0122926141', '0122926141', 'KG SERI MERLONG, MK 12,\r\n83100 RENGIT,\r\nBATU PAHAT, JOHOR.', '387', '153', null, null, null, 'muhamadridzuan@yahoo', null, '1', '1', '1', '1', null, '3', '6', 'Melanjutkan Pelajaran', '1', '2017100038', '0', '2', '2017-10-25 13:08:54', null, 'LPP04', null);
INSERT INTO `permohonan_butir_peribadi` VALUES ('44', 'wan nor atiqah binti ahmad', '990822036260', '1999-08-22', '1', '18', '0199406723', '0199406723', 'Lot-153, Kampung Tebing, Pengkalan Kubor', '55', '153', null, null, null, 'wan@gmail.com', null, '1', '1', '1', '1', null, '2', '1', 'Melanjutkan Pelajaran', '2', '2017100039', '1', '2', '2017-10-25 13:09:58', null, 'LPP04', null);
INSERT INTO `permohonan_butir_peribadi` VALUES ('45', 'nik muhammad adha bin nik yusoff', '990327065013', '1999-03-27', '1', '18', '0129009164', '0129009164', 'no 287 kg. kelaboran, belakang wisma peladang', '55', '153', null, null, null, 'nik@muhammad', null, '1', '1', '1', '1', null, '2', '6', 'Melanjutkan Pelajaran', '1', '2017100040', '1', '2', '2017-10-25 13:10:14', null, 'LPP04', null);
INSERT INTO `permohonan_butir_peribadi` VALUES ('46', 'Siti Nur Aizni bt Mohamad Anifah', '991124035898', '1999-11-24', '1', '18', '0179155802', '0179155802', 'No 858 kg tebing \r\npengkalan kubor', '55', '153', null, null, null, 'sitinur@gmail.com', null, '1', '1', '1', '1', null, '3', '6', 'Melanjutkan Pelajaran', '1', '2017100041', '1', '2', '2017-10-25 13:10:14', null, 'LPP04', null);
INSERT INTO `permohonan_butir_peribadi` VALUES ('47', 'MUHAMMAD ALI BIN MOHAMMAD', '010428030289', '2001-04-28', '1', '16', '0145114662', '0145114662', 'NO 356 JALAN BARU WAKAF NETING PENGKALAN KUBUR', '55', '153', null, null, null, 'muhammadali@gmail.com', '1', '1', '1', '1', '1', null, '2', '6', 'Melanjutkan Pelajaran', '1', '2017100042', '1', '0', '2017-10-25 13:13:28', null, 'LPP04', null);
INSERT INTO `permohonan_butir_peribadi` VALUES ('48', 'UMAIRAH BINTI MOHD NASIR', '991215035674', '1999-12-15', '1', '18', '0129595422', '0129595422', 'kampung kelar', '55', '153', null, null, null, 'umai@gmail.com', null, '1', '1', '1', '1', null, '3', '6', 'Melanjutkan Pelajaran', '1', '2017100043', '1', '2', '2017-10-25 13:14:19', null, 'LPP04', null);
INSERT INTO `permohonan_butir_peribadi` VALUES ('49', 'Nur Zakirah Binti Shaari', '990922036364', '1999-09-22', '1', '18', '0179153014', '0179153014', 'No. 12, Jalan Mawar 4,', '55', '153', null, null, null, 'zakirah@nomail.com', null, '1', '1', '1', '1', null, '3', null, 'Melanjutkan Pelajaran Dalam Bidang Kemahiran', '1', '2017100044', '0', '2', '2017-11-01 00:00:00', null, 'LPP04', 'NN');
INSERT INTO `permohonan_butir_peribadi` VALUES ('50', 'MUHAMMAD NURSYAKIR BIN MOHD AMIN', '990814145029', '1970-01-01', '1', '18', '01327464043', '01327464043', '13-A, Jalan Masjid, Felda Soeharto,', '1', '153', null, null, null, 'syukur@yahoo.com', null, '1', '1', '1', '1', null, '2', null, 'Bekerja', '1', '2017100045', '1', '0', '2017-10-27 00:00:00', null, 'LPP04', 'NN');
INSERT INTO `permohonan_butir_peribadi` VALUES ('51', 'AHMAD AZFAR HAIEKA BIN YAHYA', '001215030173', '2000-12-15', '1', '17', '0109240861', '0109240861', 'LOT 225 KG. TELAGA LANAS,\r\nPENGKALAN KUBOR.', '55', '153', null, null, null, 'ahmadazfar@gmail.com', null, '1', '1', '1', '1', null, '2', '6', 'Berniaga Sendiri', '1', '2017100046', '1', '2', '2017-10-25 13:22:26', null, 'LPP04', null);
INSERT INTO `permohonan_butir_peribadi` VALUES ('52', 'MUHAMAD SHAHIRAN BIN FAKURAZI', '981128045023', '1988-11-28', '1', '29', '0135120585', '0135120585', 'LOT 5787 KAMPUNG TERSUSUN, REDANG PANJANG, IJOK', '144', '153', null, null, null, 'shahiran@gmail.com', null, '1', '1', '1', '1', null, '3', '6', 'Bekerja', '1', '2017100047', '1', '2', '2017-10-25 13:20:49', null, 'LPP04', null);
INSERT INTO `permohonan_butir_peribadi` VALUES ('53', 'NOOR ALYA ATIKAH BINTI HUSSIN', '971119036126', '1997-11-19', '1', '20', '0199712797', '0199712797', 'KAMPUNG CHATEL\r\nLATA REK', '63', '153', null, null, null, 'NOORALYA@GMAIL.COM', null, '1', '1', '1', '1', null, '3', '6', 'Melanjutkan Pelajaran', '1', '2017100048', '1', '2', '2017-10-25 13:19:38', null, 'LPP04', null);
INSERT INTO `permohonan_butir_peribadi` VALUES ('54', 'nor fazira binti mat ali', '970630035708', '1997-06-30', '1', '20', '0129856658', '0129856658', 'kampung paya ular bunut susu', '55', '153', null, null, null, 'fazira@mat', null, '1', '1', '1', '1', null, '3', '6', 'Bekerja', '1', '2017100049', '1', '2', '2017-10-25 13:19:48', null, 'LPP04', null);
INSERT INTO `permohonan_butir_peribadi` VALUES ('55', 'MIOR ASYRAAF BIN MIOR JATIN', '981211085915', '1998-12-11', '1', '19', '0134782171', '0134782171', 'KAMPUNG TELUK SAGA, PULAU TIGA', '159', '153', null, null, null, 'miorasyraaf@gmail.com', null, '1', '1', '1', '1', null, '3', '6', 'Melanjutkan Pelajaran', '1', '2017100050', '1', '2', '2017-10-25 13:20:27', null, 'LPP04', null);
INSERT INTO `permohonan_butir_peribadi` VALUES ('56', 'Syakirah Binti Alias', '990225115278', '1999-02-25', '1', '18', '0148486235', '', 'LOT 53, PENGKALAN JUBAKAR', '55', '153', null, null, null, 'syakirah@nomail.com', null, '1', '1', '1', '1', null, '3', '6', 'Melanjutkan Pelajaran', '1', '2017100051', '1', '2', '2017-10-25 13:21:52', null, 'LPP04', null);
INSERT INTO `permohonan_butir_peribadi` VALUES ('57', 'NUR AMIRUL BIN MOHAMED ARIFFIN', '001002081583', '2000-10-02', '1', '17', '0134746275', '0134746275', 'KAMPONG BIAK,\r\nPASIR SALAK,', '159', '153', null, null, null, 'AMIRUL@YAHOO.COM', null, '1', '1', '1', '1', null, '2', null, 'Melanjutkan Pelajaran Dalam Bidang Kemahiran', '8', '2017100052', '1', '0', '2017-10-27 00:00:00', null, 'LPP04', 'NN');
INSERT INTO `permohonan_butir_peribadi` VALUES ('58', 'mohammad haikal bin mohamad ali', '990503035033', '1970-01-01', '1', '18', '0135912433', '0135912433', 'no 17, lorong permata 6, taman desa permata, gerik', '131', '153', null, null, null, 'haikal@gmail.com', null, '1', '1', '1', '1', null, '1', null, 'Bekerja', '8', '2017100053', '1', '0', '2017-10-27 00:00:00', null, 'LPP04', 'NN');
INSERT INTO `permohonan_butir_peribadi` VALUES ('59', 'MOHAMMAD FARHAN BIN MAT YAMIIE', '991218036445', '1970-01-01', '1', '18', '0199695246', '0199695246', 'DEKAT PEJABAT KG. TELAGA LANAS, TUMPAT\r\n', '55', '153', null, null, null, 'farhan@gmail.my', null, '1', '1', '1', '1', null, '3', null, 'Bekerja', '1', '2017100054', '1', '0', '2017-10-27 00:00:00', null, 'LPP04', 'NN');
INSERT INTO `permohonan_butir_peribadi` VALUES ('60', 'Nooraziera Binti Mo', '960504035310', '1970-01-01', '1', '21', '0174501796', '0174501796', 'No 33 jalan pengkalan bandaraya 22\r\ndeasa pengkalan bandaraya', '119', '153', null, null, null, 'noor@gmail.com', null, '1', '1', '1', '1', null, '3', null, 'Bekerja', '8', '2017100055', '1', '0', '2017-10-27 00:00:00', null, 'LPP04', 'NN');
INSERT INTO `permohonan_butir_peribadi` VALUES ('61', 'WAN MUHAMMAD HADI BIN WAN ISMAIL', '010112030327', '1970-01-01', '1', '16', '0139788935', '0139788935', '468 JALAN KEDAI GETING', '55', '153', null, null, null, 'wanmuhammadhadi@gmail.com', null, '1', '1', '1', '1', null, '2', null, 'Bekerja', '8', '2017100056', '1', '0', '2017-10-27 00:00:00', null, 'LPP04', 'NN');
INSERT INTO `permohonan_butir_peribadi` VALUES ('62', 'ABDUL SOMAD BIN ABDUL HAMID', '950521086305', '1995-05-21', '1', '22', '-', '-', 'KAMPUNG SUNGAI JEJAWI, ', '154', '153', null, null, null, 'abdulsomad@gmail.com', null, '1', '1', '1', '1', null, '3', null, 'Melanjutkan Pelajaran Dalam Bidang Kemahiran', '1', '2017100057', '1', '0', '2017-10-27 00:00:00', null, 'LPP04', 'NN');
INSERT INTO `permohonan_butir_peribadi` VALUES ('63', 'Lokman Bin Abdullah', '980811035749', '2030-11-01', '1', '19', '01116922878', '01116922878', 'kampung jubakar pantai', '55', '153', null, null, null, 'lokman@gmail.com', null, '1', '1', '2', '1', null, '3', null, 'Melanjutkan Pelajaran Dalam Bidang Kemahiran', '2', '2017100058', '1', '0', '2017-10-27 00:00:00', null, 'LPP04', 'NN');
INSERT INTO `permohonan_butir_peribadi` VALUES ('64', 'IKMAL HAFIZH BIN HISHAM', '960722085877', '1996-07-22', '1', '21', '0135391804', '0135391804', 'NO. 58, BATU 8, JALAN HUTAN MELINTANG, 36000 TELUK INTAN, PERAK', '154', '153', null, null, null, 'IKMAL@YAHOO.COM', null, '1', '1', '1', '1', null, '3', '6', 'Berniaga Sendiri', '1', '2017100059', '1', '2', '2017-10-25 13:38:25', null, 'LPP04', null);
INSERT INTO `permohonan_butir_peribadi` VALUES ('65', 'MUHAMAD SYUKRI BIN ESHAD', '001014081433', '2000-10-14', '1', '17', '0103881267', '0103881267', 'BATU 14 1/2 KANGPUNG TELUK BAKONG', '131', '153', null, null, null, 'muhamadsyukri@yahoo', null, '1', '1', '1', '1', null, '3', '6', 'Melanjutkan Pelajaran', '1', '2017100060', '1', '2', '2017-10-25 13:39:51', null, 'LPP04', null);
INSERT INTO `permohonan_butir_peribadi` VALUES ('66', 'MOHAMAD SHAFIE BIN OMAR', '961101086273', '1996-11-01', '1', '21', '01950613000', '01950613000', 'no.30, taman ros, jalan sultan abdullah', '154', '153', null, null, null, 'shafie21@hotmail.com', null, '1', '1', '1', '1', null, '6', null, 'Melanjutkan Pelajaran Dalam Bidang Kemahiran', '2', '2017100061', '1', '0', '2017-10-27 00:00:00', null, 'LPP04', 'NN');
INSERT INTO `permohonan_butir_peribadi` VALUES ('67', 'AMIRUL HUSAINI BIN MOHD AMIN', '940912015433', '1994-09-12', '1', '23', '0196539456', '0196539456', 'KAMPUNG TANAH LALANG', '155', '153', null, null, null, 'amirulhusaini@gmail.com', null, '1', '1', '1', '1', null, '3', '6', 'Bekerja', '1', '2017100062', '1', '2', '2017-10-25 13:43:42', null, 'LPP04', null);
INSERT INTO `permohonan_butir_peribadi` VALUES ('68', 'MUHAMAD ZUL FIKRI BIN AHMAD ZAMAN HURI', '000621081615', '2000-06-21', '1', '17', '0173425253', '0173425253', 'NO 31, BLOK C, RPA 3', '131', '153', null, null, null, 'ZULFIKRI@GMAIL.COM', '1', '1', '1', '1', '1', null, '1', null, 'Melanjutkan Pelajaran Dalam Bidang Kemahiran', '8', '2017100063', '1', '0', '2017-10-27 00:00:00', null, 'LPP04', 'NN');
INSERT INTO `permohonan_butir_peribadi` VALUES ('69', 'MUHAMMAD AMIRRUL AMIN BIN MAHAT', '940219085855', '1970-01-01', '1', '23', '01133542967', '01133542967', 'NO. 63, JALAN MULIA, 9/KU8, TAMAN MERU AMAN', '177', '153', null, null, null, 'AMIRRUL@YAHOO.COM', null, '1', '1', '1', '1', null, '3', null, 'Melanjutkan Pelajaran Dalam Bidang Kemahiran', '8', '2017100064', '1', '0', '2017-10-27 00:00:00', null, 'LPP04', 'NN');
INSERT INTO `permohonan_butir_peribadi` VALUES ('70', 'MOHAMAD SHAMSUL', '950717106945', '1995-07-17', '1', '22', '01112334089', '01112334089', 'NO.3, QUATERS SIMEDARBY PLANTATION ACADEMY\r\nLADANG BARAT, PULAU CAREY', '278', '153', null, null, null, 'shamsul@gmail.my', null, '1', '1', '1', '1', null, '3', null, 'Bekerja', '8', '2017100065', '1', '0', '2017-10-27 00:00:00', null, 'LPP04', 'NN');
INSERT INTO `permohonan_butir_peribadi` VALUES ('71', 'MOHD KHAIRUL NAIM ', '951031265073', '1995-10-31', '1', '22', '0175704318', '0175704318', 'no 81 KAMPONG LANJUT MALAU KUBUN 500 MUKIM JABI', '15', '153', null, null, null, 'mohdkhairulnaim@gmail.com', null, '1', '1', '1', '1', null, '3', null, 'Bekerja', '4', '2017100066', '1', '0', '2017-10-27 00:00:00', null, 'LPP04', 'NN');
INSERT INTO `permohonan_butir_peribadi` VALUES ('72', 'mohd maaruf bin sudarman', '790629085873', '1979-06-29', '1', '38', '0135080258', '0135080258', 'no.51, jalan air hitam, kampung tengah', '154', '153', null, null, null, 'maarufad@yahoo.com', null, '1', '1', '1', '2', null, '7', null, 'Berniaga Sendiri', '2', '2017100067', '1', '0', '2017-10-27 00:00:00', null, 'LPP04', 'NN');
INSERT INTO `permohonan_butir_peribadi` VALUES ('73', 'MUHAMMAD HANIF BIN ZULKIFLI', '000711080589', '2000-07-11', '1', '17', '01114732484', '01114732484', 'KAMPUNG GUDANG', '143', '153', null, null, null, 'HANIF@GMAIL.COM', null, '1', '1', '1', '1', null, '2', '6', 'Bekerja', '8', '2017100068', '1', '2', '2017-10-25 13:59:22', null, 'LPP04', null);
INSERT INTO `permohonan_butir_peribadi` VALUES ('74', 'MUHAMMAD HANIF BIN ZULKIFLI', '000711080589', '2000-07-11', '1', '17', '01114732484', '01114732484', 'KAMPUNG GUDANG', '143', '153', null, null, null, 'HANIF@GMAIL.COM', null, '1', '1', '1', '1', null, '2', '6', 'Bekerja', '8', '2017100069', '0', '2', '2017-10-25 13:58:05', null, 'LPP04', null);
INSERT INTO `permohonan_butir_peribadi` VALUES ('75', 'MUHAMMAD RIDZUAN BIN ROJALI', '990330080243', '2000-03-30', '1', '17', '0134776064', '0134776064', 'LOT KG BUKIT JANA TAMBAHAN ', '145', '153', null, null, null, 'ridzuanrojali@yahoo', null, '1', '1', '1', '1', null, '3', '4', 'Bekerja', '2', '2017100070', '1', '2', '2017-10-25 13:59:40', null, 'LPP04', null);
INSERT INTO `permohonan_butir_peribadi` VALUES ('76', 'MOHAMMAD ASRI BIN ZAINUDIN', '961116085601', '2030-11-01', '1', '21', '01126959234', '01126959234', 'NO 292A KAMPUNG CHANGKAT LOBAK', '143', '153', null, null, null, 'ASRI@GMAIL.COM', null, '1', '1', '1', '1', null, '3', null, 'Melanjutkan Pelajaran Dalam Bidang Kemahiran', '8', '2017100071', '0', '2', '2017-10-26 00:00:00', null, 'LPP04', 'NN');
INSERT INTO `permohonan_butir_peribadi` VALUES ('77', 'ali bin ahmad', '770727145566', '1977-07-27', '1', '40', '-', '-', '123, jalan kemajuan', '301', '153', null, null, null, 'ali@gmail.com', null, '1', '1', '1', '1', null, '3', '6', 'Bekerja', '1', '2017100072', '1', '2', '2017-10-26 01:31:44', null, 'LPP04', null);
INSERT INTO `permohonan_butir_peribadi` VALUES ('78', 'zuhaimi ismail', '700831115227', '1970-08-31', '1', '47', '0326912690', '0326912690', 'No.90, Jalan Sri Rampai', '276', '153', null, null, null, 'zuhaimia@gws', null, '1', '1', '1', '2', null, '3', '6', 'Bekerja', '1', '2017100073', '1', '2', '2017-10-26 01:37:58', null, 'LPP04', null);
INSERT INTO `permohonan_butir_peribadi` VALUES ('79', 'Nurul Shahirah Mohd Noor', '991026112223', '1999-10-26', '1', '18', '01989008989', '01989008989', 'fhfhfhg', '315', '153', null, null, null, 'shahirah@noemail.com', null, '1', '1', '1', '1', null, '2', '1', 'Melanjutkan Pelajaran', '1', '2017100074', '1', '2', '2017-10-26 05:04:04', null, 'LPP04', null);
INSERT INTO `permohonan_butir_peribadi` VALUES ('80', 'Nurul Shahirah', '991026112224', '0000-00-00', '1', '0', '8686876', '8686876', 'jhjhghjghj', '195', '153', null, null, null, 'jhj@khj.jyg', null, '1', '1', '1', '1', null, '1', null, 'Melanjutkan Pelajaran Dalam Bidang Kemahiran', '1', '2017100075', '1', '0', '2017-10-26 00:00:00', null, 'LPP04', 'NN');
INSERT INTO `permohonan_butir_peribadi` VALUES ('81', 'Nurul Shahirah 2', '991026112225', '0000-00-00', '1', '12', '4534', '4534', 'khkjhjkh', '315', '153', null, null, null, 'jgjhg@gf.kjj', null, '1', '1', '1', '1', null, '1', null, 'Bekerja', '1', '2017100076', '1', '0', '2017-10-26 00:00:00', null, 'LPP04', 'NN');
INSERT INTO `permohonan_butir_peribadi` VALUES ('82', 'Nurul Shahirah 3', '991026112227', '2005-10-13', '1', '12', '4534', '4534', 'khkjhjkh', '315', '153', null, null, null, 'jgjhg@gf.kjj', null, '1', '1', '1', '1', null, '1', '1', 'Melanjutkan Pelajaran', '1', '2017100077', '0', '2', '2017-10-26 05:12:55', null, 'LPP04', null);
INSERT INTO `permohonan_butir_peribadi` VALUES ('83', 'Nurul Shahira 4', '991026112226', '2008-10-15', '1', '9', '6765656', '6765656', 'ghhgh gjhgj', '315', '153', null, null, null, 'hghg@kj.com', null, '1', '1', '1', '1', null, '1', null, 'Bekerja', '1', '2017100078', '0', '2', '2017-10-26 00:00:00', null, 'LPP04', 'NN');
INSERT INTO `permohonan_butir_peribadi` VALUES ('84', 'fgfghff', '991026112223', '2007-10-09', '1', '10', '563454564', '563454564', 'fhgghf', '315', '153', null, null, null, 'gfhgf@jh.com', null, '2', '2', '1', '1', null, '1', '1', 'Bekerja', '1', '2017100079', '0', '2', '2017-10-26 05:44:51', null, 'LPP04', null);
INSERT INTO `permohonan_butir_peribadi` VALUES ('85', 'Siti Zurina Zainal', '991212145555', '1999-12-12', '1', '18', '87678676', '87678676', 'sdfsdfsdf', '315', '153', null, null, null, 'cgfc@fdf.jgh', null, '1', '1', '1', '1', null, '1', '1', 'Bekerja', '1', '2017100080', '1', '2', '2017-10-26 07:39:54', null, 'LPP04', null);
INSERT INTO `permohonan_butir_peribadi` VALUES ('86', 'Zarith Zakaria', '991212145556', '1999-12-12', '1', '18', '01678787999', '01678787999', 'dgdgdg', '315', '153', null, null, null, 'zarith@noemail.com', null, '1', '1', '1', '1', null, '1', '1', 'Bekerja', '1', '2017100081', '1', '2', '2017-10-26 07:45:11', null, 'LPP04', null);
INSERT INTO `permohonan_butir_peribadi` VALUES ('87', 'Siti Fatimah binti Abdul Rahman', '790713145816', '1979-07-13', '1', '38', '0390553999', '0390553999', 'No. 80-3, Jalan Tasik Utama 5', '315', '153', null, null, null, 'fatimah@noemail.com', null, '1', '1', '1', '1', null, '3', '1', 'Melanjutkan Pelajaran', '1', '2017100082', '1', '2', '2017-10-26 08:23:25', null, 'LPP04', null);
INSERT INTO `permohonan_butir_peribadi` VALUES ('88', 'testsdadad', '991027101111', '2013-10-09', '1', '4', '43243254345', '43243254345', 'hfhgfgh', '315', '153', null, null, null, 'dxfdx@noeemail.com', null, '2', '1', '1', '1', null, '1', '1', 'Bekerja', '1', '2017100083', '1', '2', '2017-10-26 16:12:00', null, 'LPP04', null);
INSERT INTO `permohonan_butir_peribadi` VALUES ('89', 'copthorne', '901111115000', '1990-11-11', '1', '27', '0326912690', '0326912690', 'No.39 Jalan Medan Tuanku', '278', '153', null, null, null, 'copthorne@yahoo.com', null, '1', '1', '1', '1', null, '3', '1', 'Bekerja', '2', '2017100084', '1', '2', '2017-10-27 00:57:00', null, 'LPP04', null);
INSERT INTO `permohonan_butir_peribadi` VALUES ('90', 'ali bin rajan', '950505145556', '1995-05-05', '1', '22', '-', '-', '1 jln raja', '301', '153', null, null, null, 'ali@gmail.com', null, '1', '1', '1', '1', null, '3', '6', 'Melanjutkan Pelajaran', '1', '2017100085', '1', '2', '2017-10-27 01:16:59', null, 'LPP04', null);
INSERT INTO `permohonan_butir_peribadi` VALUES ('91', 'hamid bin jamil', '820808081111', '1982-08-08', '1', '35', '01222222222', '01222222222', 'no. 3 jalan rakan muda, kuala sepetang, 34000 taiping perak', '136', '153', null, null, null, 'hamid@yahoo.com', null, '1', '1', '1', '2', null, '3', '6', 'Melanjutkan Pelajaran', '6', '2017100086', '0', '2', '2017-10-27 02:18:36', null, 'LPP04', null);
INSERT INTO `permohonan_butir_peribadi` VALUES ('92', 'hanim', '909090098888', '1990-09-09', '1', '27', '0198888888', '0198888888', '18 jalan muda', '145', '153', null, null, null, 'hanim@yahoo.com', null, '1', '1', '1', '1', null, '2', '6', 'Melanjutkan Pelajaran', '8', '2017100087', '0', '2', '2017-10-27 02:24:10', null, 'LPP04', null);
INSERT INTO `permohonan_butir_peribadi` VALUES ('93', 'Liyana Aziz', '981101145555', '1998-11-01', '1', '19', '01921908909', '01921908909', 'No. 3, Jln 4, Tmn. Sutera', '315', '153', null, null, null, 'liyana@noemail.com', null, '1', '1', '1', '1', null, '1', null, 'Melanjutkan Pelajaran Dalam Bidang Kemahiran', '1', '2017110088', '0', '2', '2017-11-01 00:00:00', null, 'LPP04', 'NN');
INSERT INTO `permohonan_butir_peribadi` VALUES ('94', 'Adira Adnan', '981101145556', '1998-11-01', '1', '19', '0198909090', '0198909090', 'No. 2, Jln.4, Tmn Sutera', '195', '153', null, null, null, 'adira@noemail.com', null, '1', '1', '2', '1', null, '1', '1', 'Bekerja', '1', '2017110089', '1', '2', '2017-11-01 02:14:56', null, 'LPP04', null);
INSERT INTO `permohonan_butir_peribadi` VALUES ('95', 'Azizi Azman', '981101145557', '1998-11-01', '1', '19', '089878676', '089878676', 'No. 3, ', '315', '153', null, null, null, 'azizi@noemil.com', null, '1', '1', '1', '1', null, '1', null, 'Bekerja', '1', '2017110090', '0', '2', '2017-11-01 00:00:00', null, 'LPP04', 'NN');
INSERT INTO `permohonan_butir_peribadi` VALUES ('96', 'ahmad', '770101145555', '2001-01-01', '1', '16', '-', '-', '-', '301', '153', null, null, null, 'ahmad@gmail.com', null, '1', '1', '1', '1', null, '3', '6', 'Melanjutkan Pelajaran', '1', '2017110091', '0', '2', '2017-11-01 06:35:37', null, 'LPP04', null);

-- ----------------------------
-- Table structure for permohonan_dokumen
-- ----------------------------
DROP TABLE IF EXISTS `permohonan_dokumen`;
CREATE TABLE `permohonan_dokumen` (
  `id` int(10) NOT NULL AUTO_INCREMENT,
  `id_permohonan` int(10) NOT NULL,
  `nama_dokumen` varchar(250) NOT NULL,
  `path_dokumen` varchar(250) NOT NULL,
  PRIMARY KEY (`id`),
  KEY `id_permohonan` (`id_permohonan`),
  CONSTRAINT `permohonan_dokumen_ibfk_1` FOREIGN KEY (`id_permohonan`) REFERENCES `permohonan_butir_peribadi` (`id`)
) ENGINE=InnoDB AUTO_INCREMENT=2 DEFAULT CHARSET=utf8;

-- ----------------------------
-- Records of permohonan_dokumen
-- ----------------------------
INSERT INTO `permohonan_dokumen` VALUES ('1', '93', 'ic', './uploads/lpp09/a105ed92bb8c653de9453a9a7364af28.jpg');

-- ----------------------------
-- Table structure for permohonan_kursus
-- ----------------------------
DROP TABLE IF EXISTS `permohonan_kursus`;
CREATE TABLE `permohonan_kursus` (
  `id` int(10) NOT NULL AUTO_INCREMENT,
  `id_permohonan` int(10) NOT NULL COMMENT 'harusnya id_pemohon, dari id butir_pribadi',
  `kursus1` int(10) NOT NULL,
  `kursus2` int(10) DEFAULT '0',
  `kursus3` int(10) DEFAULT '0',
  PRIMARY KEY (`id`),
  KEY `kursus1` (`kursus1`),
  KEY `kursus2` (`kursus2`),
  KEY `kursus3` (`kursus3`),
  KEY `id_permohonan` (`id_permohonan`),
  CONSTRAINT `permohonan_kursus_ibfk_13` FOREIGN KEY (`kursus1`) REFERENCES `settings_tawaran_kursus` (`id`),
  CONSTRAINT `permohonan_kursus_ibfk_14` FOREIGN KEY (`kursus2`) REFERENCES `settings_tawaran_kursus` (`id`),
  CONSTRAINT `permohonan_kursus_ibfk_15` FOREIGN KEY (`kursus3`) REFERENCES `settings_tawaran_kursus` (`id`),
  CONSTRAINT `permohonan_kursus_ibfk_16` FOREIGN KEY (`id_permohonan`) REFERENCES `permohonan_butir_peribadi` (`id`) ON DELETE CASCADE ON UPDATE NO ACTION
) ENGINE=InnoDB AUTO_INCREMENT=86 DEFAULT CHARSET=utf8mb4 COLLATE=utf8mb4_unicode_ci;

-- ----------------------------
-- Records of permohonan_kursus
-- ----------------------------
INSERT INTO `permohonan_kursus` VALUES ('1', '1', '30', null, null);
INSERT INTO `permohonan_kursus` VALUES ('2', '2', '389', '30', '636');
INSERT INTO `permohonan_kursus` VALUES ('3', '3', '33', '278', '32');
INSERT INTO `permohonan_kursus` VALUES ('4', '4', '33', null, null);
INSERT INTO `permohonan_kursus` VALUES ('5', '8', '33', '32', null);
INSERT INTO `permohonan_kursus` VALUES ('6', '13', '33', '278', '32');
INSERT INTO `permohonan_kursus` VALUES ('7', '12', '278', '33', null);
INSERT INTO `permohonan_kursus` VALUES ('8', '11', '32', '33', null);
INSERT INTO `permohonan_kursus` VALUES ('9', '15', '278', '33', null);
INSERT INTO `permohonan_kursus` VALUES ('10', '10', '33', '35', null);
INSERT INTO `permohonan_kursus` VALUES ('11', '16', '277', '32', '278');
INSERT INTO `permohonan_kursus` VALUES ('12', '9', '278', '33', null);
INSERT INTO `permohonan_kursus` VALUES ('13', '18', '277', '278', null);
INSERT INTO `permohonan_kursus` VALUES ('14', '17', '277', '524', '772');
INSERT INTO `permohonan_kursus` VALUES ('15', '19', '33', '32', '277');
INSERT INTO `permohonan_kursus` VALUES ('16', '20', '278', null, null);
INSERT INTO `permohonan_kursus` VALUES ('17', '21', '32', null, null);
INSERT INTO `permohonan_kursus` VALUES ('18', '22', '278', '33', '32');
INSERT INTO `permohonan_kursus` VALUES ('19', '23', '33', '278', null);
INSERT INTO `permohonan_kursus` VALUES ('20', '24', '278', '32', null);
INSERT INTO `permohonan_kursus` VALUES ('21', '27', '278', null, null);
INSERT INTO `permohonan_kursus` VALUES ('22', '28', '277', '32', null);
INSERT INTO `permohonan_kursus` VALUES ('23', '29', '32', '277', null);
INSERT INTO `permohonan_kursus` VALUES ('24', '30', '33', '32', '30');
INSERT INTO `permohonan_kursus` VALUES ('25', '31', '32', '277', null);
INSERT INTO `permohonan_kursus` VALUES ('26', '32', '278', '33', '32');
INSERT INTO `permohonan_kursus` VALUES ('27', '33', '32', null, null);
INSERT INTO `permohonan_kursus` VALUES ('28', '34', '277', '32', null);
INSERT INTO `permohonan_kursus` VALUES ('29', '35', '33', null, null);
INSERT INTO `permohonan_kursus` VALUES ('30', '36', '32', null, null);
INSERT INTO `permohonan_kursus` VALUES ('31', '37', '922', null, null);
INSERT INTO `permohonan_kursus` VALUES ('32', '38', '922', null, null);
INSERT INTO `permohonan_kursus` VALUES ('33', '39', '919', null, null);
INSERT INTO `permohonan_kursus` VALUES ('34', '41', '919', null, null);
INSERT INTO `permohonan_kursus` VALUES ('35', '40', '922', null, null);
INSERT INTO `permohonan_kursus` VALUES ('36', '44', '922', null, null);
INSERT INTO `permohonan_kursus` VALUES ('37', '42', '919', null, null);
INSERT INTO `permohonan_kursus` VALUES ('38', '45', '922', null, null);
INSERT INTO `permohonan_kursus` VALUES ('39', '46', '922', null, null);
INSERT INTO `permohonan_kursus` VALUES ('40', '48', '922', null, null);
INSERT INTO `permohonan_kursus` VALUES ('41', '49', '922', null, null);
INSERT INTO `permohonan_kursus` VALUES ('42', '47', '922', null, null);
INSERT INTO `permohonan_kursus` VALUES ('43', '51', '922', null, null);
INSERT INTO `permohonan_kursus` VALUES ('44', '53', '922', null, null);
INSERT INTO `permohonan_kursus` VALUES ('45', '50', '919', null, null);
INSERT INTO `permohonan_kursus` VALUES ('46', '55', '919', null, null);
INSERT INTO `permohonan_kursus` VALUES ('47', '56', '922', null, null);
INSERT INTO `permohonan_kursus` VALUES ('48', '54', '922', null, null);
INSERT INTO `permohonan_kursus` VALUES ('49', '52', '919', null, null);
INSERT INTO `permohonan_kursus` VALUES ('50', '57', '919', null, null);
INSERT INTO `permohonan_kursus` VALUES ('51', '58', '922', null, null);
INSERT INTO `permohonan_kursus` VALUES ('52', '60', '922', null, null);
INSERT INTO `permohonan_kursus` VALUES ('53', '61', '922', null, null);
INSERT INTO `permohonan_kursus` VALUES ('54', '59', '922', null, null);
INSERT INTO `permohonan_kursus` VALUES ('55', '62', '919', null, null);
INSERT INTO `permohonan_kursus` VALUES ('56', '63', '922', null, null);
INSERT INTO `permohonan_kursus` VALUES ('57', '64', '919', null, null);
INSERT INTO `permohonan_kursus` VALUES ('58', '66', '919', null, null);
INSERT INTO `permohonan_kursus` VALUES ('59', '65', '919', null, null);
INSERT INTO `permohonan_kursus` VALUES ('60', '67', '919', null, null);
INSERT INTO `permohonan_kursus` VALUES ('61', '69', '919', null, null);
INSERT INTO `permohonan_kursus` VALUES ('62', '68', '919', null, null);
INSERT INTO `permohonan_kursus` VALUES ('63', '70', '922', null, null);
INSERT INTO `permohonan_kursus` VALUES ('64', '71', '922', null, null);
INSERT INTO `permohonan_kursus` VALUES ('65', '72', '919', null, null);
INSERT INTO `permohonan_kursus` VALUES ('66', '73', '919', null, null);
INSERT INTO `permohonan_kursus` VALUES ('67', '75', '920', null, null);
INSERT INTO `permohonan_kursus` VALUES ('68', '76', '919', null, null);
INSERT INTO `permohonan_kursus` VALUES ('69', '77', '919', '920', null);
INSERT INTO `permohonan_kursus` VALUES ('70', '78', '919', null, null);
INSERT INTO `permohonan_kursus` VALUES ('71', '79', '33', null, null);
INSERT INTO `permohonan_kursus` VALUES ('72', '80', '32', null, null);
INSERT INTO `permohonan_kursus` VALUES ('73', '81', '32', null, null);
INSERT INTO `permohonan_kursus` VALUES ('74', '83', '32', null, null);
INSERT INTO `permohonan_kursus` VALUES ('76', '85', '922', null, null);
INSERT INTO `permohonan_kursus` VALUES ('77', '86', '277', null, null);
INSERT INTO `permohonan_kursus` VALUES ('78', '87', '33', '32', '277');
INSERT INTO `permohonan_kursus` VALUES ('79', '88', '32', null, null);
INSERT INTO `permohonan_kursus` VALUES ('80', '89', '32', null, null);
INSERT INTO `permohonan_kursus` VALUES ('81', '90', '919', '920', null);
INSERT INTO `permohonan_kursus` VALUES ('82', '93', '919', null, null);
INSERT INTO `permohonan_kursus` VALUES ('83', '94', '919', null, null);
INSERT INTO `permohonan_kursus` VALUES ('84', '95', '919', null, null);
INSERT INTO `permohonan_kursus` VALUES ('85', '96', '922', null, null);

-- ----------------------------
-- Table structure for permohonan_kursus_lpp09
-- ----------------------------
DROP TABLE IF EXISTS `permohonan_kursus_lpp09`;
CREATE TABLE `permohonan_kursus_lpp09` (
  `id` int(10) NOT NULL AUTO_INCREMENT,
  `id_permohonan` int(10) NOT NULL,
  `kategori_program` varchar(10) NOT NULL,
  `id_giatmara` int(10) DEFAULT NULL,
  `id_settings_tawaran_kursus` int(10) DEFAULT NULL,
  `id_kluster` int(10) DEFAULT NULL,
  `no_ssm` varchar(100) DEFAULT NULL,
  `alamat_perniagaan` text,
  `id_program_pertandingan` int(10) DEFAULT NULL,
  `id_program_khas` int(10) DEFAULT NULL,
  `tawaran_terus` int(2) DEFAULT NULL,
  `status_pengesahan` int(2) DEFAULT NULL,
  `status_pengakuan` int(2) DEFAULT NULL,
  `tarikh_mohon` date DEFAULT NULL,
  PRIMARY KEY (`id`),
  KEY `id_settings_tawaran_kursus` (`id_settings_tawaran_kursus`),
  KEY `id_permohonan` (`id_permohonan`),
  CONSTRAINT `permohonan_kursus_lpp09_ibfk_1` FOREIGN KEY (`id_settings_tawaran_kursus`) REFERENCES `settings_tawaran_kursus` (`id`),
  CONSTRAINT `permohonan_kursus_lpp09_ibfk_2` FOREIGN KEY (`id_permohonan`) REFERENCES `permohonan_butir_peribadi` (`id`)
) ENGINE=InnoDB AUTO_INCREMENT=37 DEFAULT CHARSET=utf8;

-- ----------------------------
-- Records of permohonan_kursus_lpp09
-- ----------------------------
INSERT INTO `permohonan_kursus_lpp09` VALUES ('27', '13', 'LL', '135', '277', null, null, null, null, null, '0', '1', '1', '2017-11-06');
INSERT INTO `permohonan_kursus_lpp09` VALUES ('28', '29', 'LL', '135', '277', null, null, null, null, null, '1', '1', '1', '2017-11-06');
INSERT INTO `permohonan_kursus_lpp09` VALUES ('29', '33', 'LL', '135', '277', null, null, null, null, null, '0', '1', '1', '2017-11-08');
INSERT INTO `permohonan_kursus_lpp09` VALUES ('30', '34', 'LL', '135', '277', null, null, null, null, null, '1', '1', '1', '2017-11-08');
INSERT INTO `permohonan_kursus_lpp09` VALUES ('31', '37', 'LL', '135', '32', null, null, null, null, null, '0', '1', '1', '2017-11-09');
INSERT INTO `permohonan_kursus_lpp09` VALUES ('32', '38', 'LL', '135', '32', null, null, null, null, null, '1', '1', '1', '2017-11-09');
INSERT INTO `permohonan_kursus_lpp09` VALUES ('33', '45', 'RN', '135', null, '1', 'A12124234435', 'No . 3, Jln Sutera 2', null, null, '1', '1', '1', '2017-11-09');
INSERT INTO `permohonan_kursus_lpp09` VALUES ('34', '51', 'LL', '135', '32', null, null, null, null, null, '1', '1', '1', '2017-11-09');
INSERT INTO `permohonan_kursus_lpp09` VALUES ('35', '46', 'PP', '135', null, null, null, null, '1', null, '1', '1', '1', '2017-11-09');
INSERT INTO `permohonan_kursus_lpp09` VALUES ('36', '44', 'PK', '135', null, null, null, null, null, '1', '1', '1', '1', '2017-11-09');

-- ----------------------------
-- Table structure for permohonan_maklumat_am
-- ----------------------------
DROP TABLE IF EXISTS `permohonan_maklumat_am`;
CREATE TABLE `permohonan_maklumat_am` (
  `id` int(10) NOT NULL AUTO_INCREMENT,
  `id_permohonan` int(10) NOT NULL,
  `media_cetak` int(1) NOT NULL DEFAULT '0',
  `media_elektronik` int(1) NOT NULL DEFAULT '0',
  `internet` int(1) NOT NULL DEFAULT '0',
  `media_sosial` int(1) NOT NULL DEFAULT '0',
  `rakan` int(1) NOT NULL DEFAULT '0',
  `keluarga` int(1) NOT NULL DEFAULT '0',
  `pameran` int(1) NOT NULL DEFAULT '0',
  `lain` int(1) NOT NULL DEFAULT '0',
  `text_lain` varchar(250) COLLATE utf8mb4_unicode_ci NOT NULL,
  PRIMARY KEY (`id`),
  KEY `id_permohonan` (`id_permohonan`),
  CONSTRAINT `permohonan_maklumat_am_ibfk_1` FOREIGN KEY (`id_permohonan`) REFERENCES `permohonan_butir_peribadi` (`id`)
) ENGINE=InnoDB AUTO_INCREMENT=88 DEFAULT CHARSET=utf8mb4 COLLATE=utf8mb4_unicode_ci;

-- ----------------------------
-- Records of permohonan_maklumat_am
-- ----------------------------
INSERT INTO `permohonan_maklumat_am` VALUES ('1', '1', '1', '1', '1', '0', '0', '0', '0', '1', ' Guru  ');
INSERT INTO `permohonan_maklumat_am` VALUES ('2', '2', '1', '1', '0', '0', '0', '0', '0', '0', ' ');
INSERT INTO `permohonan_maklumat_am` VALUES ('3', '3', '0', '0', '0', '1', '0', '0', '0', '0', ' ');
INSERT INTO `permohonan_maklumat_am` VALUES ('4', '4', '0', '1', '0', '0', '0', '0', '0', '0', ' ');
INSERT INTO `permohonan_maklumat_am` VALUES ('5', '8', '0', '0', '0', '0', '0', '1', '0', '0', ' ');
INSERT INTO `permohonan_maklumat_am` VALUES ('6', '14', '1', '0', '0', '0', '0', '0', '0', '0', '        ');
INSERT INTO `permohonan_maklumat_am` VALUES ('7', '13', '0', '0', '0', '0', '0', '0', '0', '1', ' ');
INSERT INTO `permohonan_maklumat_am` VALUES ('8', '12', '1', '0', '0', '0', '0', '0', '0', '1', 'fdgdfdgd   ');
INSERT INTO `permohonan_maklumat_am` VALUES ('9', '11', '0', '0', '0', '0', '0', '0', '1', '0', ' ');
INSERT INTO `permohonan_maklumat_am` VALUES ('10', '15', '1', '0', '0', '0', '0', '0', '0', '0', ' ');
INSERT INTO `permohonan_maklumat_am` VALUES ('11', '10', '0', '0', '0', '0', '0', '1', '0', '0', ' ');
INSERT INTO `permohonan_maklumat_am` VALUES ('12', '16', '0', '0', '1', '0', '0', '0', '1', '0', ' ');
INSERT INTO `permohonan_maklumat_am` VALUES ('13', '9', '0', '0', '0', '0', '0', '0', '0', '1', ' ');
INSERT INTO `permohonan_maklumat_am` VALUES ('14', '17', '0', '0', '0', '1', '0', '0', '0', '0', '       ');
INSERT INTO `permohonan_maklumat_am` VALUES ('15', '20', '1', '0', '0', '0', '0', '0', '0', '0', '  ');
INSERT INTO `permohonan_maklumat_am` VALUES ('16', '18', '1', '1', '0', '0', '1', '1', '0', '0', ' ');
INSERT INTO `permohonan_maklumat_am` VALUES ('17', '19', '1', '0', '1', '0', '0', '1', '0', '0', ' ');
INSERT INTO `permohonan_maklumat_am` VALUES ('18', '21', '1', '1', '1', '0', '0', '0', '0', '0', ' ');
INSERT INTO `permohonan_maklumat_am` VALUES ('19', '22', '1', '1', '0', '0', '0', '0', '0', '0', ' ');
INSERT INTO `permohonan_maklumat_am` VALUES ('20', '23', '0', '0', '1', '0', '1', '1', '0', '0', ' ');
INSERT INTO `permohonan_maklumat_am` VALUES ('21', '24', '1', '1', '0', '0', '1', '0', '0', '0', ' ');
INSERT INTO `permohonan_maklumat_am` VALUES ('22', '27', '1', '0', '0', '0', '0', '0', '0', '0', ' ');
INSERT INTO `permohonan_maklumat_am` VALUES ('23', '28', '0', '0', '1', '0', '0', '0', '0', '0', ' ');
INSERT INTO `permohonan_maklumat_am` VALUES ('24', '29', '1', '0', '1', '0', '1', '0', '1', '0', ' ');
INSERT INTO `permohonan_maklumat_am` VALUES ('25', '30', '1', '0', '0', '0', '0', '0', '0', '0', ' ');
INSERT INTO `permohonan_maklumat_am` VALUES ('26', '31', '1', '0', '0', '1', '0', '0', '0', '0', ' ');
INSERT INTO `permohonan_maklumat_am` VALUES ('27', '32', '0', '0', '1', '0', '0', '0', '0', '0', ' ');
INSERT INTO `permohonan_maklumat_am` VALUES ('28', '33', '0', '1', '0', '0', '0', '0', '0', '0', ' ');
INSERT INTO `permohonan_maklumat_am` VALUES ('29', '34', '1', '1', '0', '1', '1', '0', '1', '0', ' ');
INSERT INTO `permohonan_maklumat_am` VALUES ('30', '35', '1', '0', '0', '0', '0', '0', '0', '0', ' ');
INSERT INTO `permohonan_maklumat_am` VALUES ('31', '36', '0', '0', '1', '0', '0', '0', '0', '0', ' ');
INSERT INTO `permohonan_maklumat_am` VALUES ('32', '37', '1', '1', '0', '0', '1', '1', '0', '0', ' ');
INSERT INTO `permohonan_maklumat_am` VALUES ('33', '38', '0', '0', '0', '0', '1', '0', '0', '0', ' ');
INSERT INTO `permohonan_maklumat_am` VALUES ('34', '39', '0', '0', '1', '0', '0', '0', '0', '0', ' ');
INSERT INTO `permohonan_maklumat_am` VALUES ('35', '40', '1', '0', '1', '0', '0', '0', '1', '0', ' ');
INSERT INTO `permohonan_maklumat_am` VALUES ('36', '41', '0', '0', '1', '0', '1', '0', '0', '0', ' ');
INSERT INTO `permohonan_maklumat_am` VALUES ('37', '44', '1', '0', '1', '0', '0', '0', '0', '0', ' ');
INSERT INTO `permohonan_maklumat_am` VALUES ('38', '42', '1', '0', '0', '0', '0', '0', '0', '0', ' ');
INSERT INTO `permohonan_maklumat_am` VALUES ('39', '45', '0', '0', '0', '0', '1', '0', '0', '0', ' ');
INSERT INTO `permohonan_maklumat_am` VALUES ('40', '46', '0', '0', '0', '0', '1', '0', '0', '0', ' ');
INSERT INTO `permohonan_maklumat_am` VALUES ('41', '48', '0', '0', '0', '1', '0', '0', '0', '0', ' ');
INSERT INTO `permohonan_maklumat_am` VALUES ('42', '47', '0', '0', '0', '0', '0', '1', '0', '0', ' ');
INSERT INTO `permohonan_maklumat_am` VALUES ('43', '49', '1', '1', '1', '0', '1', '0', '1', '0', ' ');
INSERT INTO `permohonan_maklumat_am` VALUES ('44', '51', '0', '0', '0', '0', '1', '0', '0', '0', '   ');
INSERT INTO `permohonan_maklumat_am` VALUES ('45', '50', '0', '0', '0', '0', '1', '0', '0', '0', '  ');
INSERT INTO `permohonan_maklumat_am` VALUES ('46', '53', '0', '0', '0', '0', '1', '0', '0', '0', ' ');
INSERT INTO `permohonan_maklumat_am` VALUES ('47', '54', '1', '0', '0', '0', '1', '0', '1', '0', ' ');
INSERT INTO `permohonan_maklumat_am` VALUES ('48', '52', '0', '0', '0', '0', '0', '0', '1', '0', ' ');
INSERT INTO `permohonan_maklumat_am` VALUES ('49', '55', '0', '0', '1', '0', '1', '1', '0', '0', ' ');
INSERT INTO `permohonan_maklumat_am` VALUES ('50', '56', '1', '1', '1', '0', '0', '0', '1', '0', ' ');
INSERT INTO `permohonan_maklumat_am` VALUES ('51', '57', '1', '1', '1', '0', '0', '0', '0', '0', ' ');
INSERT INTO `permohonan_maklumat_am` VALUES ('52', '58', '0', '0', '0', '1', '0', '0', '1', '0', ' ');
INSERT INTO `permohonan_maklumat_am` VALUES ('53', '59', '0', '0', '0', '0', '1', '0', '0', '0', ' ');
INSERT INTO `permohonan_maklumat_am` VALUES ('54', '60', '0', '0', '0', '0', '1', '0', '0', '0', ' ');
INSERT INTO `permohonan_maklumat_am` VALUES ('55', '61', '0', '0', '0', '0', '1', '0', '0', '0', ' ');
INSERT INTO `permohonan_maklumat_am` VALUES ('56', '62', '0', '0', '1', '0', '1', '1', '0', '0', ' ');
INSERT INTO `permohonan_maklumat_am` VALUES ('57', '63', '0', '0', '0', '0', '1', '0', '0', '0', ' ');
INSERT INTO `permohonan_maklumat_am` VALUES ('58', '64', '0', '0', '1', '0', '0', '1', '0', '0', ' ');
INSERT INTO `permohonan_maklumat_am` VALUES ('59', '66', '0', '0', '0', '1', '0', '0', '0', '0', ' ');
INSERT INTO `permohonan_maklumat_am` VALUES ('60', '65', '1', '0', '0', '0', '0', '0', '0', '0', ' ');
INSERT INTO `permohonan_maklumat_am` VALUES ('61', '67', '0', '0', '0', '0', '1', '1', '0', '0', ' ');
INSERT INTO `permohonan_maklumat_am` VALUES ('62', '69', '0', '1', '0', '0', '0', '0', '0', '0', ' ');
INSERT INTO `permohonan_maklumat_am` VALUES ('63', '68', '1', '0', '0', '0', '0', '0', '0', '0', ' ');
INSERT INTO `permohonan_maklumat_am` VALUES ('64', '70', '1', '0', '1', '0', '0', '0', '0', '0', ' ');
INSERT INTO `permohonan_maklumat_am` VALUES ('65', '71', '1', '0', '0', '0', '0', '0', '0', '0', ' ');
INSERT INTO `permohonan_maklumat_am` VALUES ('66', '72', '0', '0', '0', '0', '1', '0', '0', '0', ' ');
INSERT INTO `permohonan_maklumat_am` VALUES ('67', '73', '0', '0', '0', '0', '1', '0', '0', '0', ' ');
INSERT INTO `permohonan_maklumat_am` VALUES ('68', '75', '1', '0', '0', '1', '1', '0', '0', '0', ' ');
INSERT INTO `permohonan_maklumat_am` VALUES ('69', '76', '0', '0', '1', '1', '0', '0', '0', '0', ' ');
INSERT INTO `permohonan_maklumat_am` VALUES ('70', '77', '0', '0', '0', '0', '1', '0', '0', '0', ' ');
INSERT INTO `permohonan_maklumat_am` VALUES ('71', '78', '0', '1', '0', '0', '1', '0', '0', '0', ' ');
INSERT INTO `permohonan_maklumat_am` VALUES ('72', '79', '1', '1', '0', '0', '0', '0', '0', '0', ' ');
INSERT INTO `permohonan_maklumat_am` VALUES ('73', '80', '0', '0', '1', '0', '0', '0', '0', '0', ' ');
INSERT INTO `permohonan_maklumat_am` VALUES ('74', '81', '0', '1', '0', '0', '0', '0', '0', '0', ' ');
INSERT INTO `permohonan_maklumat_am` VALUES ('75', '83', '0', '1', '0', '0', '0', '0', '0', '0', ' ');
INSERT INTO `permohonan_maklumat_am` VALUES ('76', '85', '0', '0', '0', '0', '1', '0', '0', '0', ' ');
INSERT INTO `permohonan_maklumat_am` VALUES ('77', '86', '0', '0', '1', '0', '0', '0', '0', '0', ' ');
INSERT INTO `permohonan_maklumat_am` VALUES ('78', '87', '1', '0', '0', '0', '0', '0', '0', '0', ' ');
INSERT INTO `permohonan_maklumat_am` VALUES ('79', '88', '0', '0', '0', '1', '0', '0', '0', '0', ' ');
INSERT INTO `permohonan_maklumat_am` VALUES ('80', '89', '1', '1', '1', '1', '1', '1', '0', '0', ' ');
INSERT INTO `permohonan_maklumat_am` VALUES ('81', '90', '0', '0', '0', '0', '1', '0', '0', '0', ' ');
INSERT INTO `permohonan_maklumat_am` VALUES ('82', '91', '0', '0', '1', '0', '0', '0', '0', '0', ' ');
INSERT INTO `permohonan_maklumat_am` VALUES ('83', '92', '1', '0', '0', '0', '0', '0', '0', '0', ' ');
INSERT INTO `permohonan_maklumat_am` VALUES ('84', '93', '1', '0', '1', '0', '0', '0', '0', '0', ' ');
INSERT INTO `permohonan_maklumat_am` VALUES ('85', '94', '0', '0', '0', '0', '0', '0', '1', '0', ' ');
INSERT INTO `permohonan_maklumat_am` VALUES ('86', '95', '0', '1', '0', '0', '0', '0', '0', '0', ' ');
INSERT INTO `permohonan_maklumat_am` VALUES ('87', '96', '1', '0', '0', '0', '0', '0', '0', '0', ' ');

-- ----------------------------
-- Table structure for permohonan_maklumat_am_2
-- ----------------------------
DROP TABLE IF EXISTS `permohonan_maklumat_am_2`;
CREATE TABLE `permohonan_maklumat_am_2` (
  `id` int(10) NOT NULL AUTO_INCREMENT,
  `id_permohonan` int(10) NOT NULL,
  `minat_sendiri` int(1) DEFAULT '0',
  `galakan_keluarga` int(1) DEFAULT '0',
  `galakan_rakan` int(1) DEFAULT '0',
  `keperluan_majikan` int(1) DEFAULT '0',
  PRIMARY KEY (`id`),
  KEY `id_permohonan` (`id_permohonan`),
  CONSTRAINT `permohonan_maklumat_am_2_ibfk_1` FOREIGN KEY (`id_permohonan`) REFERENCES `permohonan_butir_peribadi` (`id`)
) ENGINE=InnoDB AUTO_INCREMENT=88 DEFAULT CHARSET=utf8;

-- ----------------------------
-- Records of permohonan_maklumat_am_2
-- ----------------------------
INSERT INTO `permohonan_maklumat_am_2` VALUES ('1', '1', '1', '1', '0', '0');
INSERT INTO `permohonan_maklumat_am_2` VALUES ('2', '2', '1', '1', '0', '0');
INSERT INTO `permohonan_maklumat_am_2` VALUES ('3', '3', '0', '0', '0', '1');
INSERT INTO `permohonan_maklumat_am_2` VALUES ('4', '4', '1', '0', '0', '0');
INSERT INTO `permohonan_maklumat_am_2` VALUES ('5', '8', '0', '0', '0', '0');
INSERT INTO `permohonan_maklumat_am_2` VALUES ('6', '14', '1', '0', '0', '0');
INSERT INTO `permohonan_maklumat_am_2` VALUES ('7', '13', '1', '0', '0', '0');
INSERT INTO `permohonan_maklumat_am_2` VALUES ('8', '12', '1', '0', '0', '0');
INSERT INTO `permohonan_maklumat_am_2` VALUES ('9', '11', '1', '0', '0', '0');
INSERT INTO `permohonan_maklumat_am_2` VALUES ('10', '15', '1', '0', '0', '0');
INSERT INTO `permohonan_maklumat_am_2` VALUES ('11', '10', '1', '0', '0', '0');
INSERT INTO `permohonan_maklumat_am_2` VALUES ('12', '16', '0', '1', '0', '0');
INSERT INTO `permohonan_maklumat_am_2` VALUES ('13', '9', '1', '0', '0', '0');
INSERT INTO `permohonan_maklumat_am_2` VALUES ('14', '17', '0', '1', '0', '0');
INSERT INTO `permohonan_maklumat_am_2` VALUES ('15', '20', '1', '0', '0', '0');
INSERT INTO `permohonan_maklumat_am_2` VALUES ('16', '18', '1', '1', '1', '1');
INSERT INTO `permohonan_maklumat_am_2` VALUES ('17', '19', '1', '0', '0', '0');
INSERT INTO `permohonan_maklumat_am_2` VALUES ('18', '21', '1', '0', '0', '0');
INSERT INTO `permohonan_maklumat_am_2` VALUES ('19', '22', '1', '0', '0', '0');
INSERT INTO `permohonan_maklumat_am_2` VALUES ('20', '23', '1', '0', '1', '0');
INSERT INTO `permohonan_maklumat_am_2` VALUES ('21', '24', '1', '0', '0', '0');
INSERT INTO `permohonan_maklumat_am_2` VALUES ('22', '27', '1', '0', '0', '0');
INSERT INTO `permohonan_maklumat_am_2` VALUES ('23', '28', '1', '0', '0', '1');
INSERT INTO `permohonan_maklumat_am_2` VALUES ('24', '29', '1', '0', '0', '0');
INSERT INTO `permohonan_maklumat_am_2` VALUES ('25', '30', '1', '0', '0', '0');
INSERT INTO `permohonan_maklumat_am_2` VALUES ('26', '31', '0', '1', '0', '0');
INSERT INTO `permohonan_maklumat_am_2` VALUES ('27', '32', '1', '0', '0', '0');
INSERT INTO `permohonan_maklumat_am_2` VALUES ('28', '33', '0', '0', '0', '1');
INSERT INTO `permohonan_maklumat_am_2` VALUES ('29', '34', '1', '1', '0', '1');
INSERT INTO `permohonan_maklumat_am_2` VALUES ('30', '35', '1', '0', '0', '0');
INSERT INTO `permohonan_maklumat_am_2` VALUES ('31', '36', '1', '0', '0', '0');
INSERT INTO `permohonan_maklumat_am_2` VALUES ('32', '37', '1', '1', '0', '0');
INSERT INTO `permohonan_maklumat_am_2` VALUES ('33', '38', '1', '0', '0', '0');
INSERT INTO `permohonan_maklumat_am_2` VALUES ('34', '39', '0', '1', '1', '0');
INSERT INTO `permohonan_maklumat_am_2` VALUES ('35', '40', '1', '1', '1', '0');
INSERT INTO `permohonan_maklumat_am_2` VALUES ('36', '41', '1', '0', '0', '0');
INSERT INTO `permohonan_maklumat_am_2` VALUES ('37', '44', '1', '0', '0', '0');
INSERT INTO `permohonan_maklumat_am_2` VALUES ('38', '42', '1', '0', '0', '0');
INSERT INTO `permohonan_maklumat_am_2` VALUES ('39', '45', '1', '1', '1', '0');
INSERT INTO `permohonan_maklumat_am_2` VALUES ('40', '46', '1', '0', '0', '0');
INSERT INTO `permohonan_maklumat_am_2` VALUES ('41', '48', '0', '1', '0', '0');
INSERT INTO `permohonan_maklumat_am_2` VALUES ('42', '47', '0', '1', '0', '0');
INSERT INTO `permohonan_maklumat_am_2` VALUES ('43', '49', '1', '1', '1', '0');
INSERT INTO `permohonan_maklumat_am_2` VALUES ('44', '51', '0', '0', '1', '0');
INSERT INTO `permohonan_maklumat_am_2` VALUES ('45', '50', '1', '0', '0', '0');
INSERT INTO `permohonan_maklumat_am_2` VALUES ('46', '53', '0', '0', '1', '0');
INSERT INTO `permohonan_maklumat_am_2` VALUES ('47', '54', '1', '0', '0', '0');
INSERT INTO `permohonan_maklumat_am_2` VALUES ('48', '52', '1', '0', '0', '0');
INSERT INTO `permohonan_maklumat_am_2` VALUES ('49', '55', '1', '0', '0', '0');
INSERT INTO `permohonan_maklumat_am_2` VALUES ('50', '56', '1', '1', '0', '0');
INSERT INTO `permohonan_maklumat_am_2` VALUES ('51', '57', '1', '1', '0', '0');
INSERT INTO `permohonan_maklumat_am_2` VALUES ('52', '58', '0', '0', '1', '0');
INSERT INTO `permohonan_maklumat_am_2` VALUES ('53', '59', '0', '0', '1', '0');
INSERT INTO `permohonan_maklumat_am_2` VALUES ('54', '60', '1', '0', '0', '0');
INSERT INTO `permohonan_maklumat_am_2` VALUES ('55', '61', '0', '0', '1', '0');
INSERT INTO `permohonan_maklumat_am_2` VALUES ('56', '62', '1', '0', '0', '0');
INSERT INTO `permohonan_maklumat_am_2` VALUES ('57', '63', '0', '0', '1', '0');
INSERT INTO `permohonan_maklumat_am_2` VALUES ('58', '64', '0', '1', '0', '0');
INSERT INTO `permohonan_maklumat_am_2` VALUES ('59', '66', '0', '0', '0', '1');
INSERT INTO `permohonan_maklumat_am_2` VALUES ('60', '65', '0', '0', '1', '0');
INSERT INTO `permohonan_maklumat_am_2` VALUES ('61', '67', '1', '1', '0', '0');
INSERT INTO `permohonan_maklumat_am_2` VALUES ('62', '69', '0', '1', '0', '0');
INSERT INTO `permohonan_maklumat_am_2` VALUES ('63', '68', '1', '0', '0', '0');
INSERT INTO `permohonan_maklumat_am_2` VALUES ('64', '70', '1', '0', '0', '0');
INSERT INTO `permohonan_maklumat_am_2` VALUES ('65', '71', '1', '0', '0', '0');
INSERT INTO `permohonan_maklumat_am_2` VALUES ('66', '72', '0', '1', '0', '0');
INSERT INTO `permohonan_maklumat_am_2` VALUES ('67', '73', '1', '1', '0', '0');
INSERT INTO `permohonan_maklumat_am_2` VALUES ('68', '75', '1', '1', '0', '0');
INSERT INTO `permohonan_maklumat_am_2` VALUES ('69', '76', '1', '1', '0', '0');
INSERT INTO `permohonan_maklumat_am_2` VALUES ('70', '77', '1', '0', '0', '0');
INSERT INTO `permohonan_maklumat_am_2` VALUES ('71', '78', '1', '1', '1', '0');
INSERT INTO `permohonan_maklumat_am_2` VALUES ('72', '79', '1', '1', '0', '0');
INSERT INTO `permohonan_maklumat_am_2` VALUES ('73', '80', '1', '0', '0', '0');
INSERT INTO `permohonan_maklumat_am_2` VALUES ('74', '81', '1', '0', '0', '0');
INSERT INTO `permohonan_maklumat_am_2` VALUES ('75', '83', '0', '1', '0', '0');
INSERT INTO `permohonan_maklumat_am_2` VALUES ('76', '85', '0', '0', '0', '1');
INSERT INTO `permohonan_maklumat_am_2` VALUES ('77', '86', '1', '0', '0', '0');
INSERT INTO `permohonan_maklumat_am_2` VALUES ('78', '87', '1', '0', '0', '0');
INSERT INTO `permohonan_maklumat_am_2` VALUES ('79', '88', '1', '0', '0', '0');
INSERT INTO `permohonan_maklumat_am_2` VALUES ('80', '89', '1', '1', '1', '0');
INSERT INTO `permohonan_maklumat_am_2` VALUES ('81', '90', '1', '0', '0', '0');
INSERT INTO `permohonan_maklumat_am_2` VALUES ('82', '91', '1', '0', '0', '0');
INSERT INTO `permohonan_maklumat_am_2` VALUES ('83', '92', '1', '0', '0', '0');
INSERT INTO `permohonan_maklumat_am_2` VALUES ('84', '93', '1', '0', '0', '0');
INSERT INTO `permohonan_maklumat_am_2` VALUES ('85', '94', '1', '0', '0', '0');
INSERT INTO `permohonan_maklumat_am_2` VALUES ('86', '95', '1', '0', '0', '0');
INSERT INTO `permohonan_maklumat_am_2` VALUES ('87', '96', '1', '0', '0', '0');

-- ----------------------------
-- Table structure for permohonan_penjaga
-- ----------------------------
DROP TABLE IF EXISTS `permohonan_penjaga`;
CREATE TABLE `permohonan_penjaga` (
  `id` int(10) NOT NULL AUTO_INCREMENT,
  `id_permohonan` int(10) NOT NULL,
  `maklumat` varchar(10) COLLATE utf8mb4_unicode_ci DEFAULT NULL,
  `a_nama_penuh` varchar(250) COLLATE utf8mb4_unicode_ci DEFAULT NULL,
  `a_hubungan` int(10) DEFAULT NULL,
  `a_jenis_pengenalan` varchar(50) COLLATE utf8mb4_unicode_ci DEFAULT NULL,
  `a_mykad` varchar(20) COLLATE utf8mb4_unicode_ci DEFAULT NULL,
  `a_kewarganegaraan` int(10) DEFAULT NULL,
  `a_kategori_penjaga` int(10) DEFAULT NULL,
  `a_no_tel` varchar(20) COLLATE utf8mb4_unicode_ci DEFAULT NULL,
  `a_no_hp` varchar(20) COLLATE utf8mb4_unicode_ci DEFAULT NULL,
  `a_agama` int(10) DEFAULT NULL,
  `a_etnik` int(10) DEFAULT NULL,
  `a_bangsa` int(10) DEFAULT NULL,
  `a_alamat` text COLLATE utf8mb4_unicode_ci,
  `a_poskod` varchar(10) COLLATE utf8mb4_unicode_ci DEFAULT NULL,
  `a_negeri2` varchar(100) COLLATE utf8mb4_unicode_ci DEFAULT NULL,
  `a_pekerjaan` varchar(250) COLLATE utf8mb4_unicode_ci DEFAULT NULL,
  `a_pendapatan` int(10) DEFAULT NULL,
  `a_majikan` varchar(250) COLLATE utf8mb4_unicode_ci DEFAULT NULL,
  `a_no_tel_pejabat` varchar(20) COLLATE utf8mb4_unicode_ci DEFAULT NULL,
  `a_samb` varchar(10) COLLATE utf8mb4_unicode_ci DEFAULT NULL,
  `a_alamat_pejabat` text COLLATE utf8mb4_unicode_ci,
  `a_alamat_pejabat_poskod` varchar(10) COLLATE utf8mb4_unicode_ci DEFAULT NULL,
  `a_alamat_pejabat_poskod2` varchar(10) COLLATE utf8mb4_unicode_ci DEFAULT NULL,
  `a_alamat_pejabat_bandar2` varchar(100) COLLATE utf8mb4_unicode_ci DEFAULT NULL,
  `a_alamat_pejabat_negeri2` int(10) DEFAULT NULL,
  `b_nama_penuh` varchar(250) COLLATE utf8mb4_unicode_ci DEFAULT NULL,
  `b_jenis_pengenalan` varchar(50) COLLATE utf8mb4_unicode_ci DEFAULT NULL,
  `b_mykad` varchar(20) COLLATE utf8mb4_unicode_ci DEFAULT NULL,
  `b_kewarganegaraan` int(10) DEFAULT NULL,
  `b_kategori_penjaga` int(10) DEFAULT NULL,
  `b_no_tel` varchar(20) COLLATE utf8mb4_unicode_ci DEFAULT NULL,
  `b_no_hp` varchar(20) COLLATE utf8mb4_unicode_ci DEFAULT NULL,
  `b_agama` int(10) DEFAULT NULL,
  `b_etnik` int(10) DEFAULT NULL,
  `b_bangsa` int(10) DEFAULT NULL,
  `b_alamat` text COLLATE utf8mb4_unicode_ci,
  `b_poskod` varchar(10) COLLATE utf8mb4_unicode_ci DEFAULT NULL,
  `b_negeri2` varchar(100) COLLATE utf8mb4_unicode_ci DEFAULT NULL,
  `b_pekerjaan` varchar(250) COLLATE utf8mb4_unicode_ci DEFAULT NULL,
  `b_pendapatan` int(10) DEFAULT NULL,
  `b_majikan` varchar(250) COLLATE utf8mb4_unicode_ci DEFAULT NULL,
  `b_no_tel_pejabat` varchar(20) COLLATE utf8mb4_unicode_ci DEFAULT NULL,
  `b_samb` varchar(10) COLLATE utf8mb4_unicode_ci DEFAULT NULL,
  `b_alamat_pejabat` text COLLATE utf8mb4_unicode_ci,
  `b_alamat_pejabat_poskod` int(10) DEFAULT NULL,
  `b_alamat_pejabat_poskod2` int(10) DEFAULT NULL,
  `b_alamat_pejabat_bandar2` varchar(100) COLLATE utf8mb4_unicode_ci DEFAULT NULL,
  `b_alamat_pejabat_negeri2` int(10) DEFAULT NULL,
  `c_nama_penuh` varchar(250) COLLATE utf8mb4_unicode_ci DEFAULT NULL,
  `c_jenis_pengenalan` varchar(50) COLLATE utf8mb4_unicode_ci DEFAULT NULL,
  `c_mykad` varchar(20) COLLATE utf8mb4_unicode_ci DEFAULT NULL,
  `c_kewarganegaraan` int(10) DEFAULT NULL,
  `c_kategori_penjaga` int(10) DEFAULT NULL,
  `c_no_tel` varchar(20) COLLATE utf8mb4_unicode_ci DEFAULT NULL,
  `c_no_hp` varchar(20) COLLATE utf8mb4_unicode_ci DEFAULT NULL,
  `c_agama` int(10) DEFAULT NULL,
  `c_etnik` int(10) DEFAULT NULL,
  `c_bangsa` int(10) DEFAULT NULL,
  `c_alamat` text COLLATE utf8mb4_unicode_ci,
  `c_poskod` varchar(10) COLLATE utf8mb4_unicode_ci DEFAULT NULL,
  `c_negeri2` int(2) DEFAULT NULL,
  `c_pekerjaan` varchar(250) COLLATE utf8mb4_unicode_ci DEFAULT NULL,
  `c_pendapatan` int(10) DEFAULT NULL,
  `c_majikan` varchar(250) COLLATE utf8mb4_unicode_ci DEFAULT NULL,
  `c_no_tel_pejabat` varchar(20) COLLATE utf8mb4_unicode_ci DEFAULT NULL,
  `c_samb` varchar(10) COLLATE utf8mb4_unicode_ci DEFAULT NULL,
  `c_alamat_pejabat` text COLLATE utf8mb4_unicode_ci,
  `c_alamat_pejabat_poskod` varchar(10) COLLATE utf8mb4_unicode_ci DEFAULT NULL,
  `c_alamat_pejabat_poskod2` varchar(10) COLLATE utf8mb4_unicode_ci DEFAULT NULL,
  `c_alamat_pejabat_bandar2` varchar(100) COLLATE utf8mb4_unicode_ci DEFAULT NULL,
  `c_alamat_pejabat_negeri2` int(10) DEFAULT NULL,
  `a_poskod2` varchar(10) COLLATE utf8mb4_unicode_ci DEFAULT NULL,
  `a_bandar2` varchar(100) COLLATE utf8mb4_unicode_ci DEFAULT NULL,
  `b_poskod2` varchar(10) COLLATE utf8mb4_unicode_ci DEFAULT NULL,
  `b_bandar2` varchar(100) COLLATE utf8mb4_unicode_ci DEFAULT NULL,
  `c_poskod2` varchar(10) COLLATE utf8mb4_unicode_ci DEFAULT NULL,
  `c_bandar2` varchar(100) COLLATE utf8mb4_unicode_ci DEFAULT NULL,
  `flag_penjaga` varchar(45) COLLATE utf8mb4_unicode_ci DEFAULT NULL COMMENT '1 = Ibu dan Bapa, 2 = Ibu atau Bapa sahaja / Penjaga / waris /penaja',
  PRIMARY KEY (`id`),
  KEY `id_permohonan` (`id_permohonan`),
  CONSTRAINT `permohonan_penjaga_ibfk_1` FOREIGN KEY (`id_permohonan`) REFERENCES `permohonan_butir_peribadi` (`id`)
) ENGINE=InnoDB AUTO_INCREMENT=86 DEFAULT CHARSET=utf8mb4 COLLATE=utf8mb4_unicode_ci;

-- ----------------------------
-- Records of permohonan_penjaga
-- ----------------------------
INSERT INTO `permohonan_penjaga` VALUES ('1', '1', '1', 'Nama Istri', '3', 'Awam', '112233445566', '1', '0', '123456789', null, '1', '1', '1', 'Alamat Istri', '02600', null, '6', '0', null, null, null, null, null, null, null, null, 'Nama Bapa', 'MyKAD', '112233445566', '1', '0', '123456789', null, '0', '0', '0', 'Alamat Bapa', '02600', null, '6', '0', null, null, null, null, null, null, null, null, 'Nama Ibu', 'MyKAD', '112233445566', '0', '0', '123456789', null, '0', '0', '0', 'Alamat Bapa', '02600', null, '6', '0', null, null, null, null, null, null, null, null, null, null, null, null, null, null, null);
INSERT INTO `permohonan_penjaga` VALUES ('2', '3', '2', 'Buhari Aziz', '2', 'Awam', '650909112233', '1', '0', '0189787878', null, '1', '1', '1', 'No 3', '57100', null, '3', '5', 'gcgfgf', '078787767', '43234', 'gfdgd', null, null, null, null, '', 'MyKAD', '', '0', '0', '', null, '0', '0', '0', '', '', null, '', '0', '', '', '', '', null, null, null, null, '', 'Passport', '', '0', '0', '', null, '0', '0', '0', '', '', null, '', '0', '', '', '', '', null, null, null, null, null, null, null, null, null, null, null);
INSERT INTO `permohonan_penjaga` VALUES ('3', '4', '2', 'Abdul Latif Rahman', '2', 'Awam', '521031035327', '1', '0', '0331229788', null, '1', '1', '1', 'Lot 376, Jalan Telok Panglima Garang', '45500', null, '6', '0', null, null, null, null, null, null, null, null, '', 'MyKAD', '', '0', '0', '', null, '0', '0', '0', '', '', null, '', '0', '', '', '', '', null, null, null, null, '', 'Passport', '', '0', '0', '', null, '0', '0', '0', '', '', null, '', '0', '', '', '', '', null, null, null, null, null, null, null, null, null, null, null);
INSERT INTO `permohonan_penjaga` VALUES ('4', '2', '2', 'Nama Saudara', '6', 'Awam', '112233445566', '1', '0', '123456789', null, '1', '1', '1', 'Alamat Saudara', '02600', null, '1', '11', 'Nama Majikan', '123456789', '1', 'Alamat Pejabat', null, null, null, null, 'Nama Bapa', 'MyKAD', '112233445566', '1', '0', '123456789', null, '0', '0', '0', 'Alamat Bapa', '02600', null, '1', '0', 'Nama Majikan', '123456789', '1', 'Alamat Pejabat', null, null, null, null, 'Nama Ibu', 'MyKAD', '112233445566', '0', '0', '123456789', null, '0', '0', '0', 'Alamat Bapa', '02600', null, '5', '0', null, null, null, null, null, null, null, null, null, null, null, null, null, null, null);
INSERT INTO `permohonan_penjaga` VALUES ('5', '8', '2', 'Arif Abu', '2', 'Awam', '600101112323', '1', '0', '01920398989', null, '1', '1', '1', 'No. 3, Jln 4', '57100', null, '1', '3', 'Syrkt AB', '01786786', '', 'No 3, ', null, null, null, null, '', 'MyKAD', '', '0', '0', '', null, '0', '0', '0', '', '', null, '1', '0', 'Abc', '0345676767', '123', 'No. 3, Jln 4', null, null, null, null, '', 'Passport', '', '0', '0', '', null, '0', '0', '0', '', '', null, '4', '0', '', '', '', '', null, null, null, null, null, null, null, null, null, null, null);
INSERT INTO `permohonan_penjaga` VALUES ('6', '13', '2', 'Husin Ali', '2', 'Awam', '600101111111', '1', '0', '898767866', null, '1', '1', '1', 'gfjhgfhgf', '57100', null, '1', '3', 'fgfdd', '3453535', '', 'sdfsfsdf', null, null, null, null, '', 'MyKAD', '', '0', '0', '', null, '0', '0', '0', '', '', null, '', '0', '', '', '', '', null, null, null, null, '', 'Passport', '', '0', '0', '', null, '0', '0', '0', '', '', null, '', '0', '', '', '', '', null, null, null, null, null, null, null, null, null, null, null);
INSERT INTO `permohonan_penjaga` VALUES ('7', '14', '1', '', '0', 'Awam', '', '0', '0', '', null, '0', '0', '0', '', '', null, '', '0', '', '', '', '', null, null, null, null, '', 'MyKAD', '', '0', '0', '', null, '0', '0', '0', '', '', null, '', '0', '', '', '', '', null, null, null, null, '', 'Passport', '', '0', '0', '', null, '0', '0', '0', '', '43000', null, '', '0', '', '', '', '', null, null, null, null, null, null, null, null, null, null, null);
INSERT INTO `permohonan_penjaga` VALUES ('8', '12', '2', 'Ali Abu', '4', 'Awam', '600101112233', '1', '0', '1231232131', null, '1', '2', '1', 'asdasdad', '57100', null, '6', '0', null, null, null, null, null, null, null, null, '', 'MyKAD', '', '0', '0', '', null, '0', '0', '0', '', '', null, '', '0', '', '', '', '', null, null, null, null, '', 'Passport', '', '0', '0', '', null, '0', '0', '0', '', '', null, '', '0', '', '', '', '', null, null, null, null, null, null, null, null, null, null, null);
INSERT INTO `permohonan_penjaga` VALUES ('9', '11', '2', 'dasdad', '1', 'Awam', '787776765654', '1', '0', '3242424', null, '1', '2', '1', 'werwer', '57100', null, '6', '0', null, null, null, null, null, null, null, null, '', 'MyKAD', '', '0', '0', '', null, '0', '0', '0', '', '', null, '', '0', '', '', '', '', null, null, null, null, '', 'Passport', '', '0', '0', '', null, '0', '0', '0', '', '', null, '', '0', '', '', '', '', null, null, null, null, null, null, null, null, null, null, null);
INSERT INTO `permohonan_penjaga` VALUES ('10', '15', '1', '', '0', 'Awam', '', '0', '0', '', null, '0', '0', '0', '', '', null, '', '0', '', '', '', '', null, null, null, null, 'Nama Penuh Bapa', 'MyKAD', '991022015559', '1', '0', '0389008989', null, '0', '0', '0', 'alamat tetap bapa', '164', null, '1', '0', '-', '-', '-', '-', null, null, null, null, 'Nama Penuh Ibu', 'MyKAD', '991022015559', '0', '0', '-', null, '0', '0', '0', 'alamat tetap bapa', '164', null, '6', '0', null, null, null, null, null, null, null, null, null, null, null, null, null, null, null);
INSERT INTO `permohonan_penjaga` VALUES ('11', '10', '2', 'sdadad', '1', 'Awam', '342424234444', '1', '0', '324234', null, '1', '1', '1', 'sdfsfs', '57100', null, '6', '0', null, null, null, null, null, null, null, null, '', 'MyKAD', '', '0', '0', '', null, '0', '0', '0', '', '', null, '', '0', '', '', '', '', null, null, null, null, '', 'Passport', '', '0', '0', '', null, '0', '0', '0', '', '', null, '', '0', '', '', '', '', null, null, null, null, null, null, null, null, null, null, null);
INSERT INTO `permohonan_penjaga` VALUES ('12', '9', '2', 'wqewqeqe', '2', 'Awam', '345353453455', '1', '0', '4353453', null, '1', '1', '1', 'dsfsdf', '57100', null, '6', '0', null, null, null, null, null, null, null, null, '', 'MyKAD', '', '0', '0', '', null, '0', '0', '0', '', '', null, '', '0', '', '', '', '', null, null, null, null, '', 'Passport', '', '0', '0', '', null, '0', '0', '0', '', '', null, '', '0', '', '', '', '', null, null, null, null, null, null, null, null, null, null, null);
INSERT INTO `permohonan_penjaga` VALUES ('13', '16', '2', 'ibrahim bin sham', '2', 'Awam', '340821083445', '1', '0', '26912690', null, '1', '1', '1', '76 jln', '09000', null, '2', '4', 'giatmara', '26912690', '', '56 jalan', null, null, null, null, '', 'MyKAD', '', '0', '0', '', null, '0', '0', '0', '', '', null, '', '0', '', '', '', '', null, null, null, null, '', 'Passport', '', '0', '0', '', null, '0', '0', '0', '', '', null, '', '0', '', '', '', '', null, null, null, null, null, null, null, null, null, null, null);
INSERT INTO `permohonan_penjaga` VALUES ('14', '17', '2', 'HAZMI BIN HUSIN', '2', 'Awam', '550515035545', '1', '0', '0129513922', null, '1', '1', '1', 'KAG TUJUH KELANTAN', '16200', null, '2', '9', 'POLIS DIRAJA MALAYSIA', '0129513922', '234', 'KGG TUJUH KELANTAN', '16200', null, null, null, '', 'MyKAD', '', '0', '0', '', null, '0', '0', '0', '', '', null, '', '0', '', '', '', '', null, null, null, null, '', 'Passport', '', '0', '0', '', null, '0', '0', '0', '', '', null, '', '0', '', '', '', '', null, null, null, null, null, null, null, null, null, null, null);
INSERT INTO `permohonan_penjaga` VALUES ('15', '18', '1', '', '0', 'Awam', '', '0', '0', '', null, '0', '0', '0', '', '', null, '', '0', '', '', '', '', null, null, null, null, 'SHAKER BIN MUSTAFA', 'MyKAD', '500206025677', '1', '0', '0193122702', null, '0', '0', '0', '268, JALAN PERMATA 5, TAMAN PERMATA', '53300', null, '1', '0', 'TIDAK BERKENAAN', '0193122702', '', '268, JALAN PERMATA 5, TAMAN PERMATA', null, null, null, null, 'ASIYAH BEGAM BINTI MOHD ZAMAN', 'MyKAD', '550828715566', '0', '0', '0193022702', null, '0', '0', '0', '268, JALAN PERMATA 5, TAMAN PERMATA', '53300', null, '6', '0', null, null, null, null, null, null, null, null, null, null, null, null, null, null, null);
INSERT INTO `permohonan_penjaga` VALUES ('16', '19', '2', 'Saodah Binti Ahmad', '1', 'Awam', '650321045352', '1', '0', '0167223456', null, '1', '1', '1', 'No.14 Jalan Mawar 3', '75000', null, '6', '0', null, null, null, null, null, null, null, null, '', 'MyKAD', '', '0', '0', '', null, '0', '0', '0', '', '', null, '', '0', '', '', '', '', null, null, null, null, '', 'Passport', '', '0', '0', '', null, '0', '0', '0', '', '', null, '', '0', '', '', '', '', null, null, null, null, null, null, null, null, null, null, null);
INSERT INTO `permohonan_penjaga` VALUES ('17', '22', '2', 'fdgasfdgfg', '1', 'Awam', '345345434365', '1', '0', '34535', null, '1', '1', '1', 'dfgfdgd', '57100', null, '6', '0', null, null, null, null, null, null, null, null, '', 'MyKAD', '', '0', '0', '', null, '0', '0', '0', '', '', null, '', '0', '', '', '', '', null, null, null, null, '', 'Passport', '', '0', '0', '', null, '0', '0', '0', '', '', null, '', '0', '', '', '', '', null, null, null, null, null, null, null, null, null, null, null);
INSERT INTO `permohonan_penjaga` VALUES ('18', '20', '1', '', '0', 'Awam', '', '0', '0', '', null, '0', '0', '0', '', '', null, '', '0', '', '', '', '', null, null, null, null, 'ABU KHIR BIN SAID', 'MyKAD', '490305085353', '1', '0', '0125334064', null, '0', '0', '0', 'MW-G2 BLOK A, PANGGSAPURI TAMAN GEMILANG', '57000', null, '5', '0', null, null, null, null, null, null, null, null, 'RAMLAH BINTI AHMAD', 'Passport', '490813105555', '0', '0', '0125334064', null, '0', '0', '0', 'MW-G2 BLOK A, PANGGSAPURI TAMAN GEMILANG', '57000', null, '6', '0', null, null, null, null, null, null, null, null, null, null, null, null, null, null, null);
INSERT INTO `permohonan_penjaga` VALUES ('19', '21', '2', 'zaid bin arfan', '5', 'Awam', '560323025194', '1', '0', '0124562345', null, '1', '1', '1', 's234 ukay perdana', '68000', null, '1', '11', 'jual ikan', '-', '-', 'tepi jalan', null, null, null, null, '', 'MyKAD', '', '0', '0', '', null, '0', '0', '0', '', '', null, '', '0', '', '', '', '', null, null, null, null, '', 'Passport', '', '0', '0', '', null, '0', '0', '0', '', '', null, '', '0', '', '', '', '', null, null, null, null, null, null, null, null, null, null, null);
INSERT INTO `permohonan_penjaga` VALUES ('20', '23', '2', 'Zuridah Binti Tain', '1', 'Awam', '471110061111', '1', '0', '03403211322', null, '1', '1', '1', '020407, Flat DBKL, Taman Seri Rampai, Setapak Jaya.', '53300', null, '6', '0', null, null, null, null, null, null, null, null, '', 'MyKAD', '', '0', '0', '', null, '0', '0', '0', '', '', null, '', '0', '', '', '', '', null, null, null, null, '', 'Passport', '', '0', '0', '', null, '0', '0', '0', '', '', null, '', '0', '', '', '', '', null, null, null, null, null, null, null, null, null, null, null);
INSERT INTO `permohonan_penjaga` VALUES ('21', '24', '1', '', '0', 'Awam', '', '0', '0', '', null, '0', '0', '0', '', '', null, '', '0', '', '', '', '', null, null, null, null, 'Othman Bin Suni', 'MyKAD', '500130115669', '1', '0', '096227111', null, '0', '0', '0', 'D&#039;Casa, Bandar Baru Ampang', '68000', null, '3', '0', 'MARA', '0326912690', '414', 'N0. 77, Jalan Medan Tuanku', null, null, null, null, 'Robiah Binti Abdul Rahman', 'MyKAD', '541189114498', '0', '0', '096227179', null, '0', '0', '0', 'D&#039;Casa, Bandar Baru Ampang', '68000', null, '4', '8', 'MARA', '096622818', '878', 'No. 241, MARA Terengganu', null, null, null, null, null, null, null, null, null, null, null);
INSERT INTO `permohonan_penjaga` VALUES ('22', '28', '2', 'salleh', '2', 'Awam', '400122067755', '1', '0', '03444444444', null, '1', '1', '1', '1234, jalan cempaka,taman cempaka', '53300', null, '1', '3', 'salleh', '03444444444', '-', '1234, jalan cempaka, taman cempaka', null, null, null, null, '', 'MyKAD', '', '0', '0', '', null, '0', '0', '0', '', '', null, '', '0', '', '', '', '', null, null, null, null, '', 'MyKAD', '', '0', '0', '', null, '0', '0', '0', '', '', null, '', '0', '', '', '', '', null, null, null, null, null, null, null, null, null, null, null);
INSERT INTO `permohonan_penjaga` VALUES ('23', '29', '2', 'zaidi', '2', 'Awam', '123456789121', '1', '0', '019238132526', null, '1', '1', '1', 'Wisma GIATMARA\r\nNo. 39 &amp; 41, Jalan Medan Tuanku', '50300', null, '1', '11', 'Ahmad Enterprise', '0326912690', '414', 'No. 39 &amp; 41,\r\nJalan Medan Tuanku', null, null, null, null, '', 'MyKAD', '', '0', '0', '', null, '0', '0', '0', '', '', null, '', '0', '', '', '', '', null, null, null, null, '', 'MyKAD', '', '0', '0', '', null, '0', '0', '0', '', '', null, '', '0', '', '', '', '', null, null, null, null, null, null, null, null, null, null, null);
INSERT INTO `permohonan_penjaga` VALUES ('24', '30', '2', 'Zakaria bin Ahmad', '2', 'Awam', '790904105223', '1', '0', '0114488777', null, '1', '1', '1', 'Lot 45332, Jalan Imam Putra', '43000', null, '3', '7', 'ABC Sdn Bhd', '0345551188', '', 'No. 4, Blok 3, Jalan TP4/3', '43000', null, null, null, '', 'MyKAD', '', '0', '0', '', null, '0', '0', '0', '', '', null, '', '0', '', '', '', '', null, null, null, null, '', 'MyKAD', '', '0', '0', '', null, '0', '0', '0', '', '', null, '', '0', '', '', '', '', null, null, null, null, null, null, null, null, null, null, '2');
INSERT INTO `permohonan_penjaga` VALUES ('25', '31', '2', 'ewrwrewr', '2', 'Awam', '423424234243', '1', '0', '3242423424', null, '1', '1', '1', 'ssdfsdfsdf', '57100', null, '1', '5', 'tryrrtf', '76567576', '5765', 'jhgjhghj', null, null, null, null, '', 'MyKAD', '', '0', '0', '', null, '0', '0', '0', '', '', null, '', '0', '', '', '', '', null, null, null, null, '', 'MyKAD', '', '0', '0', '', null, '0', '0', '0', '', '', null, '', '0', '', '', '', '', null, null, null, null, null, null, null, null, null, null, null);
INSERT INTO `permohonan_penjaga` VALUES ('26', '32', '2', 'Sarah Hani Tajudin', '3', 'Awam', '851003035666', '1', '0', '0331229788', null, '1', '1', '1', 'No. 15, Jalan TP1/13', '43000', null, '2', '7', 'UKM', '0382411030', '', 'UKM, Bangi', '43650', null, null, null, '', 'MyKAD', '', '0', '0', '', null, '0', '0', '0', '', '', null, '', '0', '', '', '', '', null, null, null, null, '', 'MyKAD', '', '0', '0', '', null, '0', '0', '0', '', '', null, '', '0', '', '', '', '', null, null, null, null, null, null, null, null, null, null, null);
INSERT INTO `permohonan_penjaga` VALUES ('27', '33', '2', 'Husin Ali', '2', 'Awam', '789909098787', '1', '0', '16757656', null, '1', '1', '1', 'ghfgfgf', '57100', null, '6', '0', null, null, null, null, '', null, null, null, '', 'MyKAD', '', '0', '0', '', null, '0', '0', '0', '', '', null, '', '0', '', '', '', '', null, null, null, null, '', 'MyKAD', '', '0', '0', '', null, '0', '0', '0', '', '', null, '', '0', '', '', '', '', null, null, null, null, null, null, null, null, null, null, null);
INSERT INTO `permohonan_penjaga` VALUES ('28', '35', '2', 'Masri Mahmud', '2', 'Awam', '565556565454', '1', '0', '086765675', null, '1', '1', '1', 'sdfdsfdsf', '57100', null, '6', '0', null, null, null, null, '', null, null, null, '', 'MyKAD', '', '0', '0', '', null, '0', '0', '0', '', '', null, '', '0', '', '', '', '', null, null, null, null, '', 'MyKAD', '', '0', '0', '', null, '0', '0', '0', '', '', null, '', '0', '', '', '', '', null, null, null, null, null, null, null, null, null, null, null);
INSERT INTO `permohonan_penjaga` VALUES ('29', '34', '2', 'Addin', '2', 'Awam', '560120115227', '1', '0', '0826902691', null, '1', '1', '1', 'No. 39 &amp; 41.\r\nJalan Medan Tuanku', '50300', null, '4', '11', 'KSM', '0826902691', '', 'KSM Putrajaya', '50300', null, null, null, '', 'MyKAD', '', '0', '0', '', null, '0', '0', '0', '', '', null, '', '0', '', '', '', '', null, null, null, null, '', 'MyKAD', '', '0', '0', '', null, '0', '0', '0', '', '', null, '', '0', '', '', '', '', null, null, null, null, null, null, null, null, null, null, null);
INSERT INTO `permohonan_penjaga` VALUES ('30', '36', '2', 'Zain Akbar', '2', 'Awam', '787767656545', '1', '0', '0167567767', null, '1', '1', '1', 'gfg gfghfhg', '57100', null, '6', '0', null, null, null, null, '', null, null, null, '', 'MyKAD', '', '0', '0', '', null, '0', '0', '0', '', '', null, '', '0', '', '', '', '', null, null, null, null, '', 'MyKAD', '', '0', '0', '', null, '0', '0', '0', '', '', null, '', '0', '', '', '', '', null, null, null, null, null, null, null, null, null, null, null);
INSERT INTO `permohonan_penjaga` VALUES ('31', '37', '2', 'nurizam binti mohd nasir', '1', 'Awam', '761222035302', '1', '0', '0139723466', null, '1', '1', '1', 'kampung geting tengah', '16200', null, '6', '0', null, null, null, null, '', null, null, null, '', 'MyKAD', '', '0', '0', '', null, '0', '0', '0', '', '', null, '', '0', '', '', '', '', null, null, null, null, '', 'MyKAD', '', '0', '0', '', null, '0', '0', '0', '', '', null, '', '0', '', '', '', '', null, null, null, null, null, null, null, null, null, null, null);
INSERT INTO `permohonan_penjaga` VALUES ('32', '38', '2', 'CHE ABDUL HALIM BIN CHE MUHAMMAD', '2', 'Awam', '630228035469', '1', '0', '0109275647', null, '1', '1', '1', 'KEDAI JAHIT\r\nKAMPUNG TELAGA LANAS ', '16200', null, '1', '3', 'BEKERJA SENDRI', '-', '-', '-', '16200', null, null, null, '', 'MyKAD', '', '0', '0', '', null, '0', '0', '0', '', '', null, '', '0', '', '', '', '', null, null, null, null, '', 'MyKAD', '', '0', '0', '', null, '0', '0', '0', '', '', null, '', '0', '', '', '', '', null, null, null, null, null, null, null, null, null, null, null);
INSERT INTO `permohonan_penjaga` VALUES ('33', '41', '2', 'MOHD AMIN BIN PASIKIN', '2', 'Awam', '650214015617', '1', '0', '0194710423', null, '1', '1', '1', 'KAMPUNG TANAH LALANG, BAGAN DATOK', '36100', null, '3', '2', 'TOP GUARDS SECURIT', '-', '', 'BAGAN DATOK', '36100', null, null, null, '', 'MyKAD', '', '0', '0', '', null, '0', '0', '0', '', '', null, '', '0', '', '', '', '', null, null, null, null, '', 'MyKAD', '', '0', '0', '', null, '0', '0', '0', '', '', null, '', '0', '', '', '', '', null, null, null, null, null, null, null, null, null, null, null);
INSERT INTO `permohonan_penjaga` VALUES ('34', '40', '2', 'Halimah Binti Mat Ismail', '1', 'Awam', '680504035090', '1', '0', '0145114667', null, '1', '1', '1', 'No. 356, Jalan Baru Wakaf Neting, Pengkalan Kubor,', '16200', null, '6', '0', null, null, null, null, '', null, null, null, '', 'MyKAD', '', '0', '0', '', null, '0', '0', '0', '', '', null, '', '0', '', '', '', '', null, null, null, null, '', 'MyKAD', '', '0', '0', '', null, '0', '0', '0', '', '', null, '', '0', '', '', '', '', null, null, null, null, null, null, null, null, null, null, null);
INSERT INTO `permohonan_penjaga` VALUES ('35', '39', '2', 'SITI HAIDAH BINTI MASHOD', '1', 'Awam', '661105015806', '1', '0', '01136528337', null, '1', '1', '1', '156, KG. SG. BAGAN DARAT, 81300 RENGIT, BATU PAHAT JOHOR', '81300', null, '3', '2', 'SYARIKAT INFOTECH IND', '0767474444', '', 'NO 2, JALAN GANGSA, DESA PERINDUSTRIAN KULAI 2, 81000 KULAI JOHOR', '81000', null, null, null, '', 'MyKAD', '', '0', '0', '', null, '0', '0', '0', '', '', null, '', '0', '', '', '', '', null, null, null, null, '', 'MyKAD', '', '0', '0', '', null, '0', '0', '0', '', '', null, '', '0', '', '', '', '', null, null, null, null, null, null, null, null, null, null, null);
INSERT INTO `permohonan_penjaga` VALUES ('36', '45', '2', 'nik yusoff bin nik mat', '2', 'Awam', '651130035359', '1', '0', '0129009164', null, '1', '1', '1', 'kg. kelaboran, belakang wisma peladang ', '16200', null, '1', '5', 'nik yusoff bin nik mat', '0129009164', '0', 'kg. ketil, pengkalan kubur', '16200', null, null, null, '', 'MyKAD', '', '0', '0', '', null, '0', '0', '0', '', '', null, '', '0', '', '', '', '', null, null, null, null, '', 'MyKAD', '', '0', '0', '', null, '0', '0', '0', '', '', null, '', '0', '', '', '', '', null, null, null, null, null, null, null, null, null, null, null);
INSERT INTO `permohonan_penjaga` VALUES ('37', '46', '2', 'Asmah bt Mamat', '1', 'Awam', '690404035172', '1', '0', '0199958789', null, '1', '1', '1', '858 kg tebing\r\npengkalan kubor', '16200', null, '1', '2', 'Asmah bt Mamat', '0199958789', '', '858 kg tebing\r\npengkalan kubor', '16200', null, null, null, '', 'MyKAD', '', '0', '0', '', null, '0', '0', '0', '', '', null, '', '0', '', '', '', '', null, null, null, null, '', 'MyKAD', '', '0', '0', '', null, '0', '0', '0', '', '', null, '', '0', '', '', '', '', null, null, null, null, null, null, null, null, null, null, null);
INSERT INTO `permohonan_penjaga` VALUES ('38', '48', '2', 'MOHD NASIR BIN MAT NASIR', '2', 'Awam', '630712035451', '1', '0', '0199215391', null, '1', '1', '1', 'KAMPUNG KELAR', '16200', null, '1', '3', 'TIADA', 'TIADA', 'TIADA', 'TIADA', '16200', null, null, null, '', 'MyKAD', '', '0', '0', '', null, '0', '0', '0', '', '', null, '', '0', '', '', '', '', null, null, null, null, '', 'MyKAD', '', '0', '0', '', null, '0', '0', '0', '', '', null, '', '0', '', '', '', '', null, null, null, null, null, null, null, null, null, null, null);
INSERT INTO `permohonan_penjaga` VALUES ('39', '49', '2', 'Rahimah Binti Mat Ismail', '1', 'Awam', '716820035134', '1', '0', '0142345678', null, '1', '1', '1', 'No. 12, Jalan Mawar 4,', '16200', null, '6', '0', null, null, null, null, '', null, null, null, '', 'MyKAD', '', '0', '0', '', null, '0', '0', '0', '', '', null, '', '0', '', '', '', '', null, null, null, null, '', 'MyKAD', '', '0', '0', '', null, '0', '0', '0', '', '', null, '', '0', '', '', '', '', null, null, null, null, null, null, null, null, null, null, null);
INSERT INTO `permohonan_penjaga` VALUES ('40', '44', '2', 'wan mohd lukman nor bin wan mohd amir', '2', 'Awam', '840406003759', '1', '0', '0195912918', null, '1', '1', '1', 'Lot-153, Kampung Tebing pengkalan Pengkalan Kubor', '16200', null, '6', '0', null, null, null, null, '', null, null, null, '', 'MyKAD', '', '0', '0', '', null, '0', '0', '0', '', '', null, '', '0', '', '', '', '', null, null, null, null, '', 'MyKAD', '', '0', '0', '', null, '0', '0', '0', '', '', null, '', '0', '', '', '', '', null, null, null, null, null, null, null, null, null, null, null);
INSERT INTO `permohonan_penjaga` VALUES ('41', '51', '2', 'RUZETA HARUN', '1', 'Awam', '680627035680', '1', '0', '0199465000', null, '1', '1', '1', 'LOT 225, KG. TELAGA LANAS,\r\nPENGKALAN KUBOR.', '16200', null, '6', '0', null, null, null, null, '', null, null, null, '', 'MyKAD', '', '0', '0', '', null, '0', '0', '0', '', '', null, '', '0', '', '', '', '', null, null, null, null, '', 'MyKAD', '', '0', '0', '', null, '0', '0', '0', '', '', null, '', '0', '', '', '', '', null, null, null, null, null, null, null, null, null, null, null);
INSERT INTO `permohonan_penjaga` VALUES ('42', '47', '2', 'HALIMAH BINTI MAT ISMAIL', '1', 'Awam', '680504035090', '1', '0', '0145114662', null, '1', '1', '1', 'NO 356 JALAN BARU WAKAF NETING PENGKALAN KUBOR', '16200', null, '6', '0', null, null, null, null, '', null, null, null, '', 'MyKAD', '', '0', '0', '', null, '0', '0', '0', '', '', null, '', '0', '', '', '', '', null, null, null, null, '', 'MyKAD', '', '0', '0', '', null, '0', '0', '0', '', '', null, '', '0', '', '', '', '', null, null, null, null, null, null, null, null, null, null, null);
INSERT INTO `permohonan_penjaga` VALUES ('43', '51', '2', 'Ruzeta Bt Harun', '1', 'Awam', '680627035680', '1', '0', '0199465000', null, '1', '1', '1', 'Lot 225\r\nkg telaga lanas\r\npengkalan kubor', '16200', null, '6', '0', null, null, null, null, '', null, null, null, '', 'MyKAD', '', '0', '0', '', null, '0', '0', '0', '', '', null, '', '0', '', '', '', '', null, null, null, null, '', 'MyKAD', '', '0', '0', '', null, '0', '0', '0', '', '', null, '', '0', '', '', '', '', null, null, null, null, null, null, null, null, null, null, null);
INSERT INTO `permohonan_penjaga` VALUES ('44', '53', '2', 'HUSSIN BIN LATIFF', '2', 'Awam', '671125035237', '1', '0', '0193623571', null, '1', '1', '1', 'KAMPUNG CHATEL \r\nLATA REK\r\n', '18000', null, '2', '8', 'JABATAN PELAJARAN KUALA KRAI', '099765433', '323', 'JABATAN PELAJARAN KUALA KRAI', '18000', null, null, null, '', 'MyKAD', '', '0', '0', '', null, '0', '0', '0', '', '', null, '', '0', '', '', '', '', null, null, null, null, '', 'MyKAD', '', '0', '0', '', null, '0', '0', '0', '', '', null, '', '0', '', '', '', '', null, null, null, null, null, null, null, null, null, null, null);
INSERT INTO `permohonan_penjaga` VALUES ('45', '54', '2', 'mat nasir bin daud', '2', 'Awam', '591001035609', '1', '0', '0145202160', null, '1', '1', '1', 'kampung paya ular bunut susu', '16200', null, '1', '2', 'mat nasir bin daud', '0145202160', '0', 'kampung paya ular bunut susu', '16200', null, null, null, '', 'MyKAD', '', '0', '0', '', null, '0', '0', '0', '', '', null, '', '0', '', '', '', '', null, null, null, null, '', 'MyKAD', '', '0', '0', '', null, '0', '0', '0', '', '', null, '', '0', '', '', '', '', null, null, null, null, null, null, null, null, null, null, null);
INSERT INTO `permohonan_penjaga` VALUES ('46', '42', '2', 'NOOR AZIZAH BINTI SAHAMIN', '1', 'Awam', '660409105654', '1', '0', '0122926141', null, '1', '1', '1', 'KG SERI MERLONG, MK 12,\r\n83100 RENGIT, \r\nBATU PAHAT.', '83100', null, '1', '5', 'KUIH BULAN ENT.', '07-2345678', '', 'KG SERI MERLONG, MK 12,\r\n83100 RENGIT, \r\nBATU PAHAT.', '83100', null, null, null, '', 'MyKAD', '', '0', '0', '', null, '0', '0', '0', '', '', null, '', '0', '', '', '', '', null, null, null, null, '', 'MyKAD', '', '0', '0', '', null, '0', '0', '0', '', '', null, '', '0', '', '', '', '', null, null, null, null, null, null, null, null, null, null, null);
INSERT INTO `permohonan_penjaga` VALUES ('47', '56', '2', 'Alias Bin Samsudin', '2', 'Awam', '590417026429', '1', '0', '0139002606', null, '1', '1', '1', 'C-20, Perumahan Awam, Kampung Genting', '16200', null, '2', '11', 'Polis DiRaja Malaysia', '097211622', '-', 'Markas Operasi Polis Marin, ', '16200', null, null, null, '', 'MyKAD', '', '0', '0', '', null, '0', '0', '0', '', '', null, '', '0', '', '', '', '', null, null, null, null, '', 'MyKAD', '', '0', '0', '', null, '0', '0', '0', '', '', null, '', '0', '', '', '', '', null, null, null, null, null, null, null, null, null, null, null);
INSERT INTO `permohonan_penjaga` VALUES ('48', '55', '2', 'MIOR JATIN BIN MIOR JAAFAR', '2', 'Awam', '630325085687', '1', '0', '01659882472', null, '1', '1', '1', 'KAMPUNG TELUK SAGA, PULAU TIGA', '36800', null, '1', '2', 'MIOR JATIN', '0165882472', '', 'KAMPUNG TELUK SAGA, PULAU TIGA', '36800', null, null, null, '', 'MyKAD', '', '0', '0', '', null, '0', '0', '0', '', '', null, '', '0', '', '', '', '', null, null, null, null, '', 'MyKAD', '', '0', '0', '', null, '0', '0', '0', '', '', null, '', '0', '', '', '', '', null, null, null, null, null, null, null, null, null, null, null);
INSERT INTO `permohonan_penjaga` VALUES ('49', '50', '2', 'MOHD AMIN BIN SAMAN', '2', 'Awam', '710225085743', '1', '0', '0122602484', null, '1', '1', '1', '13-A, Jalan Masjid kg.soeharto', '02600', null, '1', '6', 'tiada', 'tiada', 'tiada', 'jalan keramat arau', '01000', null, null, null, '', 'MyKAD', '', '0', '0', '', null, '0', '0', '0', '', '', null, '', '0', '', '', '', '', null, null, null, null, '', 'MyKAD', '', '0', '0', '', null, '0', '0', '0', '', '', null, '', '0', '', '', '', '', null, null, null, null, null, null, null, null, null, null, null);
INSERT INTO `permohonan_penjaga` VALUES ('50', '58', '2', 'azman bin salleh', '2', 'Awam', '720316105171', '1', '0', '0135912433', null, '1', '1', '1', 'no 17 lorong permata 6, taman desa permata, gerik', '33300', null, '2', '7', 'IPD Gerik,', '-', '', 'IbuPejabat Polis daerah,', '33300', null, null, null, '', 'MyKAD', '', '0', '0', '', null, '0', '0', '0', '', '', null, '', '0', '', '', '', '', null, null, null, null, '', 'MyKAD', '', '0', '0', '', null, '0', '0', '0', '', '', null, '', '0', '', '', '', '', null, null, null, null, null, null, null, null, null, null, null);
INSERT INTO `permohonan_penjaga` VALUES ('51', '57', '2', 'MOHAMED ARIFFIN BIN JUDIN', '2', 'Awam', '580101087613', '1', '0', '0112929292', null, '1', '1', '1', 'KAMPONG BIAK,\r\nPASIR SALAK,\r\n36800 KAMPUNG GAJAH,\r\nPERAK.', '36800', null, '1', '2', 'MOHAMED ARIFFIN BIN JUDIN', '-', '', 'KAMPONG BIAK,\r\nPASIR SALAK,\r\n36800 KAMPUNG GAJAH,\r\nPERAK.', '36800', null, null, null, '', 'MyKAD', '', '0', '0', '', null, '0', '0', '0', '', '', null, '', '0', '', '', '', '', null, null, null, null, '', 'MyKAD', '', '0', '0', '', null, '0', '0', '0', '', '', null, '', '0', '', '', '', '', null, null, null, null, null, null, null, null, null, null, null);
INSERT INTO `permohonan_penjaga` VALUES ('52', '52', '2', 'FAKURAZI BIN OSMAN', '2', 'Awam', '660206086369', '1', '0', '01110844018', null, '1', '1', '1', 'LOT 5787 KAMPUNG TERSUSUN,REDANG PANJANG IJOK', '34510', null, '1', '2', 'FAKURAZI BIN OSMAN', '01110844018', '', 'LOT 5787 KAMPUNG TERSUSUN,REDANG PANJANG IJOK', '34510', null, null, null, 'FAKURAZI BIN OSMAN', 'MyKAD', '660206086369', '1', '0', '01110844018', null, '0', '0', '0', 'LOT 5787 KAMPUNG TERSUSUN,REDANG PANJANG IJOK', '34510', null, '1', '0', '', '', '', '', null, null, null, null, '', 'MyKAD', '', '0', '0', '', null, '0', '0', '0', '', '', null, '', '0', '', '', '', '', null, null, null, null, null, null, null, null, null, null, null);
INSERT INTO `permohonan_penjaga` VALUES ('53', '60', '2', 'Mariam Binti Setapa', '1', 'Awam', '721008715116', '1', '0', '0179068820', null, '1', '1', '1', 'No 33, jalan pengkalan bandaraya 22\r\ndesa pengkalan bandaraya', '31500', null, '6', '0', null, null, null, null, '', null, null, null, '', 'MyKAD', '', '0', '0', '', null, '0', '0', '0', '', '', null, '', '0', '', '', '', '', null, null, null, null, '', 'MyKAD', '', '0', '0', '', null, '0', '0', '0', '', '', null, '', '0', '', '', '', '', null, null, null, null, null, null, null, null, null, null, null);
INSERT INTO `permohonan_penjaga` VALUES ('54', '62', '2', 'ABDUL HAMID BIN RANI', '2', 'Awam', '531102025827', '1', '0', '0147542557', null, '1', '1', '1', 'KAMPUNG SUNGAI JEJAWI.', '36000', null, '6', '0', null, null, null, null, '', null, null, null, '', 'MyKAD', '', '0', '0', '', null, '0', '0', '0', '', '', null, '', '0', '', '', '', '', null, null, null, null, '', 'MyKAD', '', '0', '0', '', null, '0', '0', '0', '', '', null, '', '0', '', '', '', '', null, null, null, null, null, null, null, null, null, null, null);
INSERT INTO `permohonan_penjaga` VALUES ('55', '59', '2', 'MAT YAMME BIN LATIFF', '2', 'Awam', '580921035309', '1', '0', '0199695246', null, '1', '1', '1', 'DEKAT PEJABAT POS KG. TELAGA LANAS,\r\n', '16200', null, '1', '2', 'MAT YAMME', '0199695246', '', 'DEKAT PEJABAT POS,\r\nKG. TELAGA LANAS', '16200', null, null, null, '', 'MyKAD', '', '0', '0', '', null, '0', '0', '0', '', '', null, '', '0', '', '', '', '', null, null, null, null, '', 'MyKAD', '', '0', '0', '', null, '0', '0', '0', '', '', null, '', '0', '', '', '', '', null, null, null, null, null, null, null, null, null, null, null);
INSERT INTO `permohonan_penjaga` VALUES ('56', '63', '2', 'Sah binti Che Mat', '1', 'Awam', '470526035010', '1', '0', '01116922878', null, '1', '1', '1', 'kampung jubakar pantai', '16200', null, '6', '0', null, null, null, null, '', null, null, null, '', 'MyKAD', '', '0', '0', '', null, '0', '0', '0', '', '', null, '', '0', '', '', '', '', null, null, null, null, '', 'MyKAD', '', '0', '0', '', null, '0', '0', '0', '', '', null, '', '0', '', '', '', '', null, null, null, null, null, null, null, null, null, null, null);
INSERT INTO `permohonan_penjaga` VALUES ('57', '61', '2', 'WAN ISMAIL BIN WAN AHMAD', '2', 'Awam', '560520035203', '1', '0', '0139788935', null, '1', '1', '1', '468 JALAN KEDAI GETING', '16200', null, '6', '0', null, null, null, null, '', null, null, null, '', 'MyKAD', '', '0', '0', '', null, '0', '0', '0', '', '', null, '', '0', '', '', '', '', null, null, null, null, '', 'MyKAD', '', '0', '0', '', null, '0', '0', '0', '', '', null, '', '0', '', '', '', '', null, null, null, null, null, null, null, null, null, null, null);
INSERT INTO `permohonan_penjaga` VALUES ('58', '61', '2', 'WAN ISMAIL BIN WAN AHMAD', '2', 'Awam', '560520035203', '1', '0', '0139788935', null, '1', '1', '1', '468 JALAN KEDAI GETING', '16200', null, '6', '0', null, null, null, null, '', null, null, null, '', 'MyKAD', '', '0', '0', '', null, '0', '0', '0', '', '', null, '', '0', '', '', '', '', null, null, null, null, '', 'MyKAD', '', '0', '0', '', null, '0', '0', '0', '', '', null, '', '0', '', '', '', '', null, null, null, null, null, null, null, null, null, null, null);
INSERT INTO `permohonan_penjaga` VALUES ('59', '64', '2', 'HISHAM BIN MOHD KUSHARI', '2', 'Awam', '700127086399', '1', '0', '0134021746', null, '1', '1', '1', 'NO. 58, BATU 8, JALAN HUTAN MELINTANG, 36000 HUTAN MELINTANG, PERAK', '36000', null, '6', '0', null, null, null, null, '', null, null, null, '', 'MyKAD', '', '0', '0', '', null, '0', '0', '0', '', '', null, '', '0', '', '', '', '', null, null, null, null, '', 'MyKAD', '', '0', '0', '', null, '0', '0', '0', '', '', null, '', '0', '', '', '', '', null, null, null, null, null, null, null, null, null, null, null);
INSERT INTO `permohonan_penjaga` VALUES ('60', '67', '2', 'MOHD AMIN BIN PASIKIN', '2', 'Awam', '650214015617', '1', '0', '0196539456', null, '1', '1', '1', 'KAMPUNG TANAH LALANG', '36100', null, '3', '2', 'TOP GUARDS SECURIT', '-', '', '-', '-', null, null, null, '', 'MyKAD', '', '0', '0', '', null, '0', '0', '0', '', '', null, '', '0', '', '', '', '', null, null, null, null, '', 'MyKAD', '', '0', '0', '', null, '0', '0', '0', '', '', null, '', '0', '', '', '', '', null, null, null, null, null, null, null, null, null, null, null);
INSERT INTO `permohonan_penjaga` VALUES ('61', '66', '2', 'omar bin wee', '2', 'Awam', '630804086281', '1', '0', '0195061300', null, '1', '1', '1', 'no.taman ros, jalan sultan abdullah', '36000', null, '2', '11', 'angkatan tentera malaysia', '058928272667', '980', 'kem grik, batu 3, ', '36000', null, null, null, '', 'MyKAD', '', '0', '0', '', null, '0', '0', '0', '', '', null, '', '0', '', '', '', '', null, null, null, null, '', 'MyKAD', '', '0', '0', '', null, '0', '0', '0', '', '', null, '', '0', '', '', '', '', null, null, null, null, null, null, null, null, null, null, null);
INSERT INTO `permohonan_penjaga` VALUES ('62', '69', '2', 'MAHAT BIN MUSA', '2', 'Awam', '680830045083', '1', '0', '0126966628', null, '1', '1', '1', 'NO. 63, JALAN MULIA, 9/KU8, TAMAN MERU AMAN, 41050 KLANG SELANGOR', '41050', null, '3', '9', 'TOP A PLASTIC SDN. BHD.', '0333423589', '', 'LOT 2398, JALAN CONNAUGHT BRIDGE, 41300 KLANG SELANGOR', '41300', null, null, null, '', 'MyKAD', '', '0', '0', '', null, '0', '0', '0', '', '', null, '', '0', '', '', '', '', null, null, null, null, '', 'MyKAD', '', '0', '0', '', null, '0', '0', '0', '', '', null, '', '0', '', '', '', '', null, null, null, null, null, null, null, null, null, null, null);
INSERT INTO `permohonan_penjaga` VALUES ('63', '70', '2', 'MOHAMAD SAZALI', '2', 'Awam', '620823105047', '1', '0', '01112334089', null, '1', '1', '1', 'NO. 3, QUATERS SIME DARBY PLANTATION ACADEMY,\r\nLADANG BARAT', '50300', null, '6', '0', null, null, null, null, '', null, null, null, '', 'MyKAD', '', '0', '0', '', null, '0', '0', '0', '', '', null, '', '0', '', '', '', '', null, null, null, null, '', 'MyKAD', '', '0', '0', '', null, '0', '0', '0', '', '', null, '', '0', '', '', '', '', null, null, null, null, null, null, null, null, null, null, null);
INSERT INTO `permohonan_penjaga` VALUES ('64', '65', '2', 'EHSAD BIN MOHMAD ARIF', '2', 'Awam', '581023085405', '1', '0', '01O38881267', null, '1', '1', '1', 'BATU 14 1/2 KAMPUNG TELUK BAKONG', '33300', null, '4', '4', 'PEJABAT AGAMA ISLAM PERAK', '05642100', '', 'PEJABAT AGAMA ISLAM PERAK', '36000', null, null, null, '', 'MyKAD', '', '0', '0', '', null, '0', '0', '0', '', '', null, '', '0', '', '', '', '', null, null, null, null, '', 'MyKAD', '', '0', '0', '', null, '0', '0', '0', '', '', null, '', '0', '', '', '', '', null, null, null, null, null, null, null, null, null, null, null);
INSERT INTO `permohonan_penjaga` VALUES ('65', '68', '2', 'AHMAD ZAMAN HURI BIN ABD TALIB', '2', 'Awam', '620820086549', '1', '0', '0193425253', null, '1', '1', '1', 'NO 31, BLOK C, RPA 3', '36000', null, '1', '2', 'AHMAD ZAMAN HURI BIN ABD TALIB', '0193425253', '', 'NO 31, BLOK C, RPA 3', '36000', null, null, null, '', 'MyKAD', '', '0', '0', '', null, '0', '0', '0', '', '', null, '', '0', '', '', '', '', null, null, null, null, '', 'MyKAD', '', '0', '0', '', null, '0', '0', '0', '', '', null, '', '0', '', '', '', '', null, null, null, null, null, null, null, null, null, null, null);
INSERT INTO `permohonan_penjaga` VALUES ('66', '71', '2', 'JUNAIDAH BINTI MOHAMAD', '1', 'Awam', '730510025342', '1', '0', '0134194747', null, '1', '1', '1', 'NO 81 KAMPONG LANJUT MALAU KEBUN 500 MUKIM JABI', '06400', null, '3', '3', 'CLS CLASSIQUE SDN BHD', '047823010', '', 'LOT PT 66 BATU 9 1/2  JALAN POKOK SENA ', '06400', null, null, null, '', 'MyKAD', '', '0', '0', '', null, '0', '0', '0', '', '', null, '', '0', '', '', '', '', null, null, null, null, '', 'MyKAD', '', '0', '0', '', null, '0', '0', '0', '', '', null, '', '0', '', '', '', '', null, null, null, null, null, null, null, null, null, null, null);
INSERT INTO `permohonan_penjaga` VALUES ('67', '72', '2', 'bevinaajo aljenhro', '1', 'Awam', '620621126656', '2', '0', '01976827665', null, '1', '2', '2', 'no.36, taman seri indah, menggatal', '89600', null, '3', '11', 'victory gloria sdn.bhd', '-', '-', 'no. 12, block c, karamungsing', '89600', null, null, null, '', 'MyKAD', '', '0', '0', '', null, '0', '0', '0', '', '', null, '', '0', '', '', '', '', null, null, null, null, '', 'MyKAD', '', '0', '0', '', null, '0', '0', '0', '', '', null, '', '0', '', '', '', '', null, null, null, null, null, null, null, null, null, null, null);
INSERT INTO `permohonan_penjaga` VALUES ('68', '73', '2', 'NORLELA BINTI OTHMAN', '1', 'Awam', '800220085890', '1', '0', '01114732484', null, '1', '1', '1', 'KAMPUNG GUDANG', '34500', null, '3', '2', 'KILANG BERAS', '0512345678', '', 'LOT 22 KAMPUNG GUDANG', '34500', null, null, null, '', 'MyKAD', '', '0', '0', '', null, '0', '0', '0', '', '', null, '', '0', '', '', '', '', null, null, null, null, '', 'MyKAD', '', '0', '0', '', null, '0', '0', '0', '', '', null, '', '0', '', '', '', '', null, null, null, null, null, null, null, null, null, null, null);
INSERT INTO `permohonan_penjaga` VALUES ('69', '75', '2', 'AZIZAH BINTI A. WAHAB', '5', 'Awam', '600130025660', '1', '0', '0134244365', null, '1', '1', '1', 'LOT 5, KAMPUNG BUKIT JANA', '34600', null, '1', '4', 'MAK CHIK KANTIN ENT', '056421801', '', 'LOT 5, KAMPUNG BUKIT JANA', '34600', null, null, null, '', 'MyKAD', '', '0', '0', '', null, '0', '0', '0', '', '', null, '', '0', '', '', '', '', null, null, null, null, '', 'MyKAD', '', '0', '0', '', null, '0', '0', '0', '', '', null, '', '0', '', '', '', '', null, null, null, null, null, null, null, null, null, null, null);
INSERT INTO `permohonan_penjaga` VALUES ('70', '76', '2', 'ZAINUDIN ABDUL RAHMAN', '2', 'Awam', '401112085617', '1', '0', '0142592460', null, '1', '1', '1', 'NO 292A KAMPUNG CHANGKAT LOBAK', '34500', null, '1', '2', 'ZAINUDIN ABDUL RAHMAN', '0142592460', '', 'NO 292A KAMPUNG CHANGKAT LOBAK', '34500', null, null, null, '', 'MyKAD', '', '0', '0', '', null, '0', '0', '0', '', '', null, '', '0', '', '', '', '', null, null, null, null, '', 'MyKAD', '', '0', '0', '', null, '0', '0', '0', '', '', null, '', '0', '', '', '', '', null, null, null, null, null, null, null, null, null, null, null);
INSERT INTO `permohonan_penjaga` VALUES ('71', '77', '2', 'ahmad abu', '2', 'Awam', '510923147765', '1', '0', '019555555555', null, '1', '1', '1', '123, jalan maju', '53300', null, '6', '0', null, null, null, null, '', null, null, null, '', 'MyKAD', '', '0', '0', '', null, '0', '0', '0', '', '', null, '', '0', '', '', '', '', null, null, null, null, '', 'MyKAD', '', '0', '0', '', null, '0', '0', '0', '', '', null, '', '0', '', '', '', '', null, null, null, null, null, null, null, null, null, null, null);
INSERT INTO `permohonan_penjaga` VALUES ('72', '78', '2', 'ismail', '2', 'Awam', '400000000000', '1', '0', '0326912691', null, '1', '1', '1', 'No.90 Sri Rampai', '50200', null, '6', '0', null, null, null, null, '', null, null, null, '', 'MyKAD', '', '0', '0', '', null, '0', '0', '0', '', '', null, '', '0', '', '', '', '', null, null, null, null, '', 'MyKAD', '', '0', '0', '', null, '0', '0', '0', '', '', null, '', '0', '', '', '', '', null, null, null, null, null, null, null, null, null, null, null);
INSERT INTO `permohonan_penjaga` VALUES ('73', '79', '2', 'uytyutuyt', '1', 'Awam', '765765655765', '1', '0', '78686', null, '1', '1', '1', 'hgfghfhgf', '57100', null, '6', '0', null, null, null, null, '', null, null, null, '', 'MyKAD', '', '0', '0', '', null, '0', '0', '0', '', '', null, '', '0', '', '', '', '', null, null, null, null, '', 'MyKAD', '', '0', '0', '', null, '0', '0', '0', '', '', null, '', '0', '', '', '', '', null, null, null, null, null, null, null, null, null, null, null);
INSERT INTO `permohonan_penjaga` VALUES ('74', '80', '2', 'reete', '3', 'Awam', '435345353545', '1', '0', '3453453', null, '1', '1', '1', 'referfer refer', '57100', null, '6', '0', null, null, null, null, '', null, null, null, '', 'MyKAD', '', '0', '0', '', null, '0', '0', '0', '', '', null, '', '0', '', '', '', '', null, null, null, null, '', 'MyKAD', '', '0', '0', '', null, '0', '0', '0', '', '', null, '', '0', '', '', '', '', null, null, null, null, null, null, null, null, null, null, null);
INSERT INTO `permohonan_penjaga` VALUES ('75', '81', '2', 'erwret', '3', 'Awam', '535353535355', '1', '0', '33453534534', null, '1', '1', '1', 'hjghjjg', '57100', null, '6', '0', null, null, null, null, '', null, null, null, '', 'MyKAD', '', '0', '0', '', null, '0', '0', '0', '', '', null, '', '0', '', '', '', '', null, null, null, null, '', 'MyKAD', '', '0', '0', '', null, '0', '0', '0', '', '', null, '', '0', '', '', '', '', null, null, null, null, null, null, null, null, null, null, null);
INSERT INTO `permohonan_penjaga` VALUES ('76', '83', '2', 'uytuyt yuuyt', '1', 'Awam', '765757575756', '1', '0', '87678687', null, '1', '1', '1', 'iuy', '57100', null, '6', '0', null, null, null, null, '', null, null, null, '', 'MyKAD', '', '0', '0', '', null, '0', '0', '0', '', '', null, '', '0', '', '', '', '', null, null, null, null, '', 'MyKAD', '', '0', '0', '', null, '0', '0', '0', '', '', null, '', '0', '', '', '', '', null, null, null, null, null, null, null, null, null, null, null);
INSERT INTO `permohonan_penjaga` VALUES ('77', '85', '2', 'ghf gfg gfgf', '2', 'Awam', '765755786575', '1', '0', '8687687', null, '1', '1', '1', 'hfhfhgf', '57100', null, '6', '0', null, null, null, null, '', null, null, null, '', 'MyKAD', '', '0', '0', '', null, '0', '0', '0', '', '', null, '', '0', '', '', '', '', null, null, null, null, '', 'MyKAD', '', '0', '0', '', null, '0', '0', '0', '', '', null, '', '0', '', '', '', '', null, null, null, null, null, null, null, null, null, null, null);
INSERT INTO `permohonan_penjaga` VALUES ('78', '86', '2', 'fdsfsfsfdgfdgd', '2', 'Awam', '765757656576', '1', '0', '576575', null, '1', '1', '1', 'jhggyugf', '57100', null, '5', '0', null, null, null, null, '', null, null, null, '', 'MyKAD', '', '0', '0', '', null, '0', '0', '0', '', '', null, '', '0', '', '', '', '', null, null, null, null, '', 'MyKAD', '', '0', '0', '', null, '0', '0', '0', '', '', null, '', '0', '', '', '', '', null, null, null, null, null, null, null, null, null, null, null);
INSERT INTO `permohonan_penjaga` VALUES ('79', '87', '2', 'Abdul Rahman Abdullah', '2', 'Awam', '521031035323', '1', '0', '0390553999', null, '1', '1', '1', 'No. 80-3, Jalan Tasik Utama 5', '57100', null, '1', '7', 'ABC Sdn Bhd', '0390553999', '', 'No. 80-3, Jalan Tasik Utama 5', '57100', null, null, null, '', 'MyKAD', '', '0', '0', '', null, '0', '0', '0', '', '57100', null, '', '0', '', '', '', '', null, null, null, null, '', 'MyKAD', '', '0', '0', '', null, '0', '0', '0', '', '57100', null, '', '0', '', '', '', '', null, null, null, null, null, null, null, null, null, null, null);
INSERT INTO `permohonan_penjaga` VALUES ('80', '88', '2', 'esrerw', '1', 'Awam', '435353543535', '1', '0', '767886', null, '1', '1', '1', 'sdfsfsf', '57100', null, '6', '0', null, null, null, null, '', null, null, null, '', 'MyKAD', '', '0', '0', '', null, '0', '0', '0', '', '', null, '', '0', '', '', '', '', null, null, null, null, '', 'MyKAD', '', '0', '0', '', null, '0', '0', '0', '', '', null, '', '0', '', '', '', '', null, null, null, null, null, null, null, null, null, null, null);
INSERT INTO `permohonan_penjaga` VALUES ('81', '89', '2', 'cameron', '7', 'Awam', '500831115227', '1', '0', '0326912690', null, '1', '1', '1', 'No.41, Jalan Medan Tuanku', '50300', null, '6', '0', null, null, null, null, '', null, null, null, '', 'MyKAD', '', '0', '0', '', null, '0', '0', '0', '', '', null, '', '0', '', '', '', '', null, null, null, null, '', 'MyKAD', '', '0', '0', '', null, '0', '0', '0', '', '', null, '', '0', '', '', '', '', null, null, null, null, null, null, null, null, null, null, null);
INSERT INTO `permohonan_penjaga` VALUES ('82', '90', '1', '', '0', 'Awam', '', '0', '0', '', null, '0', '0', '0', '', '', null, '', '0', '', '', '', '', '', null, null, null, 'ahmad', 'MyKAD', '550505145555', '1', '0', '-', null, '0', '0', '0', '1 jln raja', '53300', null, '1', '0', 'raja enterprised', '-', '', 'ni 5 jln maju', null, null, null, null, 'siti', 'MyKAD', '600505145555', '0', '0', '-', null, '0', '0', '0', '1 jln raja', '53300', null, '6', '0', null, null, null, null, null, null, null, null, null, null, null, null, null, null, null);
INSERT INTO `permohonan_penjaga` VALUES ('83', '93', '2', 'Aziz Ali', '2', 'Awam', '600101112323', '1', '0', '0189897878', null, '2', '1', '1', 'No 3, Jln 4, Tmn Sutera', '57100', null, '1', '4', 'ABC Sdn. Bhd.', '0389009090', '-', 'Bangunan ABC', '57100', null, null, null, '', 'MyKAD', '', '0', '0', '', null, '0', '0', '0', '', '', null, '', '0', '', '', '', '', null, null, null, null, '', 'MyKAD', '', '0', '0', '', null, '0', '0', '0', '', '', null, '', '0', '', '', '', '', null, null, null, null, null, null, null, null, null, null, null);
INSERT INTO `permohonan_penjaga` VALUES ('84', '94', '2', 'Adnan Ali', '2', 'Awam', '600101232323', '1', '0', '0890909981', null, '1', '1', '1', 'No. 3, Jln 5', '57100', null, '6', '0', null, null, null, null, '', null, null, null, '', 'MyKAD', '', '0', '0', '', null, '0', '0', '0', '', '', null, '', '0', '', '', '', '', null, null, null, null, '', 'MyKAD', '', '0', '0', '', null, '0', '0', '0', '', '', null, '', '0', '', '', '', '', null, null, null, null, null, null, null, null, null, null, null);
INSERT INTO `permohonan_penjaga` VALUES ('85', '95', '2', 'Azman', '2', 'Awam', '611212343411', '2', '0', '0189089099', null, '1', '1', '1', 'No. 3,', '57100', null, '6', '0', null, null, null, null, '', null, null, null, '', 'MyKAD', '', '0', '0', '', null, '0', '0', '0', '', '', null, '', '0', '', '', '', '', null, null, null, null, '', 'MyKAD', '', '0', '0', '', null, '0', '0', '0', '', '', null, '', '0', '', '', '', '', null, null, null, null, null, null, null, null, null, null, null);

-- ----------------------------
-- Table structure for permohonan_tempat_tinggal
-- ----------------------------
DROP TABLE IF EXISTS `permohonan_tempat_tinggal`;
CREATE TABLE `permohonan_tempat_tinggal` (
  `id` int(10) NOT NULL AUTO_INCREMENT,
  `id_permohonan` int(10) NOT NULL,
  `tempat_tinggal` varchar(2) COLLATE utf8mb4_unicode_ci NOT NULL,
  `pengangkutan` varchar(2) COLLATE utf8mb4_unicode_ci NOT NULL,
  PRIMARY KEY (`id`),
  KEY `id_permohonan` (`id_permohonan`),
  CONSTRAINT `permohonan_tempat_tinggal_ibfk_1` FOREIGN KEY (`id_permohonan`) REFERENCES `permohonan_butir_peribadi` (`id`)
) ENGINE=InnoDB AUTO_INCREMENT=96 DEFAULT CHARSET=utf8mb4 COLLATE=utf8mb4_unicode_ci;

-- ----------------------------
-- Records of permohonan_tempat_tinggal
-- ----------------------------
INSERT INTO `permohonan_tempat_tinggal` VALUES ('1', '1', '1', '1');
INSERT INTO `permohonan_tempat_tinggal` VALUES ('2', '3', '0', '0');
INSERT INTO `permohonan_tempat_tinggal` VALUES ('3', '4', '1', '1');
INSERT INTO `permohonan_tempat_tinggal` VALUES ('4', '2', '1', '1');
INSERT INTO `permohonan_tempat_tinggal` VALUES ('5', '8', '0', '0');
INSERT INTO `permohonan_tempat_tinggal` VALUES ('6', '13', '0', '0');
INSERT INTO `permohonan_tempat_tinggal` VALUES ('7', '12', '1', '1');
INSERT INTO `permohonan_tempat_tinggal` VALUES ('8', '11', '0', '0');
INSERT INTO `permohonan_tempat_tinggal` VALUES ('9', '15', '0', '0');
INSERT INTO `permohonan_tempat_tinggal` VALUES ('10', '10', '1', '1');
INSERT INTO `permohonan_tempat_tinggal` VALUES ('11', '9', '0', '0');
INSERT INTO `permohonan_tempat_tinggal` VALUES ('12', '16', '1', '0');
INSERT INTO `permohonan_tempat_tinggal` VALUES ('13', '17', '1', '1');
INSERT INTO `permohonan_tempat_tinggal` VALUES ('14', '18', '1', '0');
INSERT INTO `permohonan_tempat_tinggal` VALUES ('15', '19', '1', '1');
INSERT INTO `permohonan_tempat_tinggal` VALUES ('16', '22', '0', '0');
INSERT INTO `permohonan_tempat_tinggal` VALUES ('17', '17', '1', '1');
INSERT INTO `permohonan_tempat_tinggal` VALUES ('18', '20', '1', '1');
INSERT INTO `permohonan_tempat_tinggal` VALUES ('19', '20', '1', '1');
INSERT INTO `permohonan_tempat_tinggal` VALUES ('20', '21', '1', '1');
INSERT INTO `permohonan_tempat_tinggal` VALUES ('21', '23', '1', '0');
INSERT INTO `permohonan_tempat_tinggal` VALUES ('22', '23', '1', '0');
INSERT INTO `permohonan_tempat_tinggal` VALUES ('23', '24', '1', '1');
INSERT INTO `permohonan_tempat_tinggal` VALUES ('24', '17', '1', '1');
INSERT INTO `permohonan_tempat_tinggal` VALUES ('25', '17', '1', '1');
INSERT INTO `permohonan_tempat_tinggal` VALUES ('26', '17', '1', '1');
INSERT INTO `permohonan_tempat_tinggal` VALUES ('27', '29', '0', '1');
INSERT INTO `permohonan_tempat_tinggal` VALUES ('28', '28', '0', '0');
INSERT INTO `permohonan_tempat_tinggal` VALUES ('29', '30', '1', '1');
INSERT INTO `permohonan_tempat_tinggal` VALUES ('30', '17', '1', '1');
INSERT INTO `permohonan_tempat_tinggal` VALUES ('31', '31', '0', '0');
INSERT INTO `permohonan_tempat_tinggal` VALUES ('32', '32', '1', '1');
INSERT INTO `permohonan_tempat_tinggal` VALUES ('33', '32', '1', '1');
INSERT INTO `permohonan_tempat_tinggal` VALUES ('34', '17', '1', '1');
INSERT INTO `permohonan_tempat_tinggal` VALUES ('35', '33', '1', '1');
INSERT INTO `permohonan_tempat_tinggal` VALUES ('36', '35', '1', '1');
INSERT INTO `permohonan_tempat_tinggal` VALUES ('37', '34', '1', '1');
INSERT INTO `permohonan_tempat_tinggal` VALUES ('38', '36', '1', '1');
INSERT INTO `permohonan_tempat_tinggal` VALUES ('39', '37', '1', '1');
INSERT INTO `permohonan_tempat_tinggal` VALUES ('40', '38', '1', '1');
INSERT INTO `permohonan_tempat_tinggal` VALUES ('41', '45', '1', '1');
INSERT INTO `permohonan_tempat_tinggal` VALUES ('42', '40', '1', '1');
INSERT INTO `permohonan_tempat_tinggal` VALUES ('43', '41', '1', '0');
INSERT INTO `permohonan_tempat_tinggal` VALUES ('44', '39', '1', '0');
INSERT INTO `permohonan_tempat_tinggal` VALUES ('45', '46', '0', '0');
INSERT INTO `permohonan_tempat_tinggal` VALUES ('46', '48', '0', '0');
INSERT INTO `permohonan_tempat_tinggal` VALUES ('47', '49', '1', '1');
INSERT INTO `permohonan_tempat_tinggal` VALUES ('48', '44', '1', '0');
INSERT INTO `permohonan_tempat_tinggal` VALUES ('49', '51', '1', '1');
INSERT INTO `permohonan_tempat_tinggal` VALUES ('50', '47', '1', '1');
INSERT INTO `permohonan_tempat_tinggal` VALUES ('51', '53', '0', '0');
INSERT INTO `permohonan_tempat_tinggal` VALUES ('52', '51', '1', '1');
INSERT INTO `permohonan_tempat_tinggal` VALUES ('53', '54', '1', '1');
INSERT INTO `permohonan_tempat_tinggal` VALUES ('54', '42', '0', '1');
INSERT INTO `permohonan_tempat_tinggal` VALUES ('55', '56', '1', '1');
INSERT INTO `permohonan_tempat_tinggal` VALUES ('56', '50', '1', '1');
INSERT INTO `permohonan_tempat_tinggal` VALUES ('57', '55', '1', '0');
INSERT INTO `permohonan_tempat_tinggal` VALUES ('58', '58', '0', '0');
INSERT INTO `permohonan_tempat_tinggal` VALUES ('59', '57', '0', '0');
INSERT INTO `permohonan_tempat_tinggal` VALUES ('60', '60', '0', '0');
INSERT INTO `permohonan_tempat_tinggal` VALUES ('61', '58', '0', '0');
INSERT INTO `permohonan_tempat_tinggal` VALUES ('62', '52', '1', '1');
INSERT INTO `permohonan_tempat_tinggal` VALUES ('63', '62', '0', '0');
INSERT INTO `permohonan_tempat_tinggal` VALUES ('64', '59', '1', '1');
INSERT INTO `permohonan_tempat_tinggal` VALUES ('65', '63', '1', '0');
INSERT INTO `permohonan_tempat_tinggal` VALUES ('66', '64', '0', '0');
INSERT INTO `permohonan_tempat_tinggal` VALUES ('67', '61', '1', '1');
INSERT INTO `permohonan_tempat_tinggal` VALUES ('68', '67', '0', '0');
INSERT INTO `permohonan_tempat_tinggal` VALUES ('69', '66', '1', '1');
INSERT INTO `permohonan_tempat_tinggal` VALUES ('70', '69', '1', '1');
INSERT INTO `permohonan_tempat_tinggal` VALUES ('71', '70', '1', '1');
INSERT INTO `permohonan_tempat_tinggal` VALUES ('72', '65', '0', '0');
INSERT INTO `permohonan_tempat_tinggal` VALUES ('73', '68', '0', '0');
INSERT INTO `permohonan_tempat_tinggal` VALUES ('74', '71', '1', '1');
INSERT INTO `permohonan_tempat_tinggal` VALUES ('75', '72', '1', '1');
INSERT INTO `permohonan_tempat_tinggal` VALUES ('76', '73', '1', '0');
INSERT INTO `permohonan_tempat_tinggal` VALUES ('77', '75', '0', '1');
INSERT INTO `permohonan_tempat_tinggal` VALUES ('78', '76', '1', '1');
INSERT INTO `permohonan_tempat_tinggal` VALUES ('79', '77', '1', '0');
INSERT INTO `permohonan_tempat_tinggal` VALUES ('80', '78', '1', '1');
INSERT INTO `permohonan_tempat_tinggal` VALUES ('81', '79', '1', '1');
INSERT INTO `permohonan_tempat_tinggal` VALUES ('82', '80', '0', '0');
INSERT INTO `permohonan_tempat_tinggal` VALUES ('83', '81', '0', '0');
INSERT INTO `permohonan_tempat_tinggal` VALUES ('84', '83', '0', '0');
INSERT INTO `permohonan_tempat_tinggal` VALUES ('85', '85', '0', '0');
INSERT INTO `permohonan_tempat_tinggal` VALUES ('86', '86', '0', '0');
INSERT INTO `permohonan_tempat_tinggal` VALUES ('87', '87', '1', '1');
INSERT INTO `permohonan_tempat_tinggal` VALUES ('88', '88', '0', '0');
INSERT INTO `permohonan_tempat_tinggal` VALUES ('89', '89', '1', '1');
INSERT INTO `permohonan_tempat_tinggal` VALUES ('90', '90', '0', '0');
INSERT INTO `permohonan_tempat_tinggal` VALUES ('91', '17', '1', '1');
INSERT INTO `permohonan_tempat_tinggal` VALUES ('92', '93', '1', '1');
INSERT INTO `permohonan_tempat_tinggal` VALUES ('93', '94', '0', '0');
INSERT INTO `permohonan_tempat_tinggal` VALUES ('94', '95', '0', '0');
INSERT INTO `permohonan_tempat_tinggal` VALUES ('95', '17', '1', '1');

-- ----------------------------
-- Table structure for ref_agama
-- ----------------------------
DROP TABLE IF EXISTS `ref_agama`;
CREATE TABLE `ref_agama` (
  `id` int(10) NOT NULL AUTO_INCREMENT,
  `agama` varchar(100) COLLATE utf8mb4_unicode_ci NOT NULL,
  PRIMARY KEY (`id`)
) ENGINE=InnoDB AUTO_INCREMENT=8 DEFAULT CHARSET=utf8mb4 COLLATE=utf8mb4_unicode_ci;

-- ----------------------------
-- Records of ref_agama
-- ----------------------------
INSERT INTO `ref_agama` VALUES ('1', 'Islam');
INSERT INTO `ref_agama` VALUES ('2', 'Hindu');
INSERT INTO `ref_agama` VALUES ('3', 'Buddha');
INSERT INTO `ref_agama` VALUES ('4', 'Sikh');
INSERT INTO `ref_agama` VALUES ('5', 'Kristian');
INSERT INTO `ref_agama` VALUES ('7', 'Lain-lain');

-- ----------------------------
-- Table structure for ref_bangsa
-- ----------------------------
DROP TABLE IF EXISTS `ref_bangsa`;
CREATE TABLE `ref_bangsa` (
  `id` int(10) NOT NULL AUTO_INCREMENT,
  `bangsa` varchar(100) COLLATE utf8mb4_unicode_ci NOT NULL,
  PRIMARY KEY (`id`)
) ENGINE=InnoDB AUTO_INCREMENT=6 DEFAULT CHARSET=utf8mb4 COLLATE=utf8mb4_unicode_ci;

-- ----------------------------
-- Records of ref_bangsa
-- ----------------------------
INSERT INTO `ref_bangsa` VALUES ('1', 'Melayu');
INSERT INTO `ref_bangsa` VALUES ('2', 'Cina');
INSERT INTO `ref_bangsa` VALUES ('3', 'India');
INSERT INTO `ref_bangsa` VALUES ('4', 'Bumiputera');
INSERT INTO `ref_bangsa` VALUES ('5', 'Lain-lain');

-- ----------------------------
-- Table structure for ref_etnik
-- ----------------------------
DROP TABLE IF EXISTS `ref_etnik`;
CREATE TABLE `ref_etnik` (
  `id` int(10) NOT NULL AUTO_INCREMENT,
  `etnik` varchar(100) COLLATE utf8mb4_unicode_ci NOT NULL,
  PRIMARY KEY (`id`)
) ENGINE=InnoDB AUTO_INCREMENT=9 DEFAULT CHARSET=utf8mb4 COLLATE=utf8mb4_unicode_ci;

-- ----------------------------
-- Records of ref_etnik
-- ----------------------------
INSERT INTO `ref_etnik` VALUES ('1', 'Melayu');
INSERT INTO `ref_etnik` VALUES ('2', 'Cina');
INSERT INTO `ref_etnik` VALUES ('3', 'India');
INSERT INTO `ref_etnik` VALUES ('4', 'Iban');
INSERT INTO `ref_etnik` VALUES ('5', 'Bidayuh');
INSERT INTO `ref_etnik` VALUES ('6', 'Melanau');
INSERT INTO `ref_etnik` VALUES ('7', 'Dusun');
INSERT INTO `ref_etnik` VALUES ('8', 'Lain-lain');

-- ----------------------------
-- Table structure for ref_giatmara
-- ----------------------------
DROP TABLE IF EXISTS `ref_giatmara`;
CREATE TABLE `ref_giatmara` (
  `id` int(5) NOT NULL AUTO_INCREMENT,
  `kod_giatmara` varchar(6) CHARACTER SET utf8 COLLATE utf8_bin DEFAULT NULL,
  `id_type_giatmara` int(2) DEFAULT NULL,
  `nama_giatmara` varchar(60) DEFAULT NULL,
  `alamat` varchar(200) CHARACTER SET utf8 COLLATE utf8_bin DEFAULT NULL,
  `tel_no` varchar(14) CHARACTER SET utf8 COLLATE utf8_bin DEFAULT NULL,
  `fax_no` varchar(14) CHARACTER SET utf8 COLLATE utf8_bin DEFAULT NULL,
  `email` varchar(200) NOT NULL,
  `registered` datetime DEFAULT NULL,
  `co_status` int(2) DEFAULT NULL,
  `id_bandar` int(5) DEFAULT NULL,
  `company_type` int(2) DEFAULT NULL,
  `updatedon` datetime DEFAULT NULL,
  `updatedby` varchar(25) CHARACTER SET utf8 COLLATE utf8_bin DEFAULT NULL,
  `id_negeri` int(10) NOT NULL,
  PRIMARY KEY (`id`),
  KEY `company_code` (`kod_giatmara`),
  KEY `district_id` (`id_bandar`),
  KEY `id_negeri` (`id_negeri`),
  CONSTRAINT `ref_giatmara_ibfk_1` FOREIGN KEY (`id_negeri`) REFERENCES `ref_negeri` (`id`)
) ENGINE=InnoDB AUTO_INCREMENT=299 DEFAULT CHARSET=utf8;

-- ----------------------------
-- Records of ref_giatmara
-- ----------------------------
INSERT INTO `ref_giatmara` VALUES ('1', 'HQD', '0', 'Ibu Pejabat GIATMARA', 'Wisma GIATMARA, No 39, Jalan Medan Tuanku, 50300 Kuala Lumpur', '03-26912690', '03-26912690', '', '2006-01-15 00:00:00', '1', '9757', '3', '2012-05-29 00:00:00', 'admin', '20');
INSERT INTO `ref_giatmara` VALUES ('2', 'HQ1', '0', 'Ibu Pejabat GIATMARA', 'Wisma GIATMARA, No 39, Jalan Medan Tuanku, 50300 Kuala Lumpur', '03-26912690', '03-26912690', '', '2006-01-15 00:00:00', '1', '9757', '4', '2012-05-29 00:00:00', 'admin', '20');
INSERT INTO `ref_giatmara` VALUES ('3', '539', '0', 'GIATMARA PERLIS', 'Lot No. C5, Kompleks Mara Kangar, Persiaran Jubli Emas, 01000 Kangar Perlis Indera Kayangan', '04-9782984', '04-9760914', 'gmperlis@giatmara.edu.my', '2006-01-15 00:00:00', '1', '24440', '2', '2015-05-12 00:00:00', '670416095027', '15');
INSERT INTO `ref_giatmara` VALUES ('4', '535', '0', 'GIATMARA PERAK', 'No. 10 & 10A, Medan Istana 6, Bandar Ipoh Raya 30000 Ipoh Perak Darul Ridzuan', '05-2536784', '05-2536782', 'gmperak@giatmara.edu.my', '2006-01-15 00:00:00', '1', '27805', '2', '2015-02-25 00:00:00', '690102086468', '11');
INSERT INTO `ref_giatmara` VALUES ('5', '532', '0', 'GIATMARA MELAKA', 'Tingkat 4  Kompleks Mara, \nJalan Hang Tuah \n75300 Kota Melaka', '06-2843101', '06-2843103', '', '2006-01-15 00:00:00', '1', '30770', '2', '2013-06-12 00:00:00', '', '8');
INSERT INTO `ref_giatmara` VALUES ('6', '537', '0', 'GIATMARA PAHANG', 'Tingkat 4, Bangunan Tabung Haji, Jalan Bukit Ubi, 25150 Kuantan, Pahang Darul Makmur', '09-5135178', '09-5132175', 'gmpahang@giatmara.edu.my', '2006-01-15 00:00:00', '1', '33403', '2', '2014-04-07 00:00:00', '570601055889', '13');
INSERT INTO `ref_giatmara` VALUES ('7', '543', '0', 'GIATMARA SARAWAK', 'No. 15C, Tingkat 2, Kompleks MARA Satok Parade, Jalan Satok, 93400 Kuching, Sarawak', '082-237958', '082-237953', 'gmsarawak@giatmara.edu.my', '2006-01-15 00:00:00', '1', '26073', '2', '2014-06-24 00:00:00', '821216135165', '19');
INSERT INTO `ref_giatmara` VALUES ('8', '536', '0', 'GIATMARA KEDAH', 'GIATMARA Kedah\nLot 9 &10, Tingkat 2, Komplek Perniagaan Utama,\n05150 Alor Setar, Kuala Kedah', '04-7204480', '04-7204481', 'gmkedah@giatmara.edu.my', '2006-01-15 00:00:00', '0', '36835', '2', '2013-09-05 00:00:00', '691027125002', '12');
INSERT INTO `ref_giatmara` VALUES ('9', '544', '0', 'GIATMARA WILAYAH PERSEKUTUAN', 'No.29-1, Jalan 46B/26,Pusat Bandar Sri Rampai,\r\nSetapak,53300 Kuala Lumpur', '03-41420522', '03-41421252', '', '2006-01-15 00:00:00', '1', '12050', '2', '2009-11-25 14:01:29', '810605065216', '20');
INSERT INTO `ref_giatmara` VALUES ('10', '533', '0', 'GIATMARA NEGERI SEMBILAN', 'PEJABAT GIATMARA NEGERI SEMBILAN\n\nLOT 10240, TINGKAT 1,\n\nJALAN DATO\' MUDA LINGGI,\n\n70100 SEREMBAN,\n\nNEGERI SEMBILAN.', '06-7687280', '06-7687281', 'gmnegerisembilan@giatmara.edu.my', '2006-01-15 00:00:00', '1', '31608', '2', '2016-08-25 00:00:00', '700922025261', '9');
INSERT INTO `ref_giatmara` VALUES ('11', '541', '0', 'GIATMARA TERENGGANU', 'Lot PT 29766, Tingkat 1,\nTaman Bestari, Gong Badak\n21300 Kuala Nerus.\nTerengganu.', '096531863', '096531750', '', '2006-01-15 00:00:00', '1', '39869', '2', '2016-03-07 00:00:00', '810415055199', '17');
INSERT INTO `ref_giatmara` VALUES ('12', '542', '0', 'GIATMARA SABAH', 'PEJABAT GIATMARA NEGERI SABAH\r\nLot 13, Tkt 2,Likas Plaza,Jln Tuaran\r\n88400 Kota Kinabalu \r\nSABAH', '088-437072', '088-437086', '', '2006-01-15 00:00:00', '1', '18982', '2', '2009-11-11 09:35:50', '610602125475', '18');
INSERT INTO `ref_giatmara` VALUES ('13', '538', '0', 'GIATMARA PULAU PINANG', 'Lot 12A -2 Jalan Usahawan 4 Pusat Perniagaan Kepala Batas 13200 Kepala Batas Pulau Pinang', '04-5741151', '04-5741153', 'gmnpulaupinang@giatmara.edu.my', '2006-01-15 00:00:00', '1', '22284', '2', '2014-07-20 00:00:00', '700922025261', '14');
INSERT INTO `ref_giatmara` VALUES ('14', '534', '0', 'GIATMARA SELANGOR', 'Lot 24A , Tingkat 1, Blok 4, Pusat Perniagaan Worldwide, Jalan Karate 13/47, Seksyen 13, 40675 Shah Alam, Selangor D. E.', '03-55102775', '03-55102906', '', '2006-01-15 00:00:00', '1', '1', '2', '2014-01-03 00:00:00', '780709135544', '10');
INSERT INTO `ref_giatmara` VALUES ('15', '531', '0', 'GIATMARA JOHOR', 'Pejabat GIATMARA Negeri Johor, Tingkat 4, Bangunan MARA, Jalan Segget, 80000 Johor Bahru, Johor', '07-224 4032', '07-224 4031', 'gmjohor@giatmara.edu.my', '2006-01-15 00:00:00', '1', '16947', '2', '2013-10-01 00:00:00', '790317125389', '7');
INSERT INTO `ref_giatmara` VALUES ('16', '540', '0', 'GIATMARA KELANTAN', 'WISMA AMANI,\r\n\nLOT PT 200 & 201,\r\n\nTMN MAJU, JLN SULTAN YAHYA PETRA,\r\n\n15200 KOTA BHARU,\r\n\nKELANTAN', '09-7422990', '09-7422992', 'gmkelantan@giatmara.edu.my', '2006-01-15 00:00:00', '1', '32522', '2', '2015-10-26 00:00:00', '810415055199', '16');
INSERT INTO `ref_giatmara` VALUES ('17', '407', '1', 'KANGAR', 'no.20, tingkat 1, jalan jejawi sematang, kawasan perindustrian jejawi, 02600, Arau, Perlis', '04-9764773', '04-9761716', 'gmkangar@giatmara.edu.my', '2006-01-15 00:00:00', '1', '25678', '1', '2014-10-29 00:00:00', '670416095027', '15');
INSERT INTO `ref_giatmara` VALUES ('18', '479', '1', 'ARAU', 'Lot PT 1260, Mukim Jejawi, 02600 Arau,\nPerlis.', '04-9764268', '04-9760225', 'gmarau@giatmara.edu.my', '2006-01-15 00:00:00', '1', '25747', '1', '2013-09-26 00:00:00', '810415055199', '15');
INSERT INTO `ref_giatmara` VALUES ('19', '634', '1', 'PADANG BESAR', 'Kompleks Logistik IPK Mata Ayer, \nMata Ayer, 02500 Chuping,\nPerlis.', '04-9383622', '04-9383862', 'gmpadangbesar@giatmara.edu.my', '2006-01-15 00:00:00', '1', '25697', '1', '2013-09-26 00:00:00', '810415055199', '15');
INSERT INTO `ref_giatmara` VALUES ('20', '401', '1', 'KUBANG PASU', 'BT. 13 1/2, Jalan Changloon, 06000 Jitra, Kedah', '04-9171125', '04-9174094', 'gmkubangpasu@giatmara.edu.my', '2006-01-15 00:00:00', '1', '35549', '1', '2013-09-27 00:00:00', '810415055199', '12');
INSERT INTO `ref_giatmara` VALUES ('21', '413', '1', 'BALING', 'Jalan Charok Nau, 09100 Baling', '04-4701007', '04-4701710', 'gmbaling@giatmara.edu.my', '2006-01-15 00:00:00', '1', '31156', '1', '2014-01-30 00:00:00', '810415055199', '12');
INSERT INTO `ref_giatmara` VALUES ('22', '454', '1', 'ALOR SETAR', 'Bangunan Kedai MARA, Jalan Seberang Perak, 05400 Alor Setar', '04-7721303', '04-7728867', 'gmalorsetar@giatmara.edu.my', '2006-01-15 00:00:00', '1', '34949', '1', '2013-09-05 00:00:00', '691027125002', '12');
INSERT INTO `ref_giatmara` VALUES ('23', '414', '1', 'LANGKAWI', 'Jalan Kisap, Kuah Langkawi, 07000 Langkawi', '04-9669198', '04-9660092', 'gmlangkawi@giatmara.edu.my', '2006-01-15 00:00:00', '1', '28525', '1', '2013-09-08 00:00:00', '750321075867', '12');
INSERT INTO `ref_giatmara` VALUES ('24', '475', '1', 'SIK', 'Jalan Hospital Daerah Sik, 08200 Sik', '04-4695641', '04-4695795', 'gmsik@giatmara.edu.my', '2006-01-15 00:00:00', '1', '30424', '1', '2013-09-05 00:00:00', '600816025075', '12');
INSERT INTO `ref_giatmara` VALUES ('25', '476', '1', 'JERAI', 'Jalan Pegawai, 06900 Yan', '04-4655446', '04-4655676', 'gmjerai@giatmara.edu.my', '2006-01-15 00:00:00', '1', '27394', '1', '2013-09-05 00:00:00', '691027125002', '12');
INSERT INTO `ref_giatmara` VALUES ('26', '485', '1', 'PADANG SERAI', 'Lot 890, Mukim Naga Lilit, 09400 Padang Serai', '04-4850528', '04-4850530', 'gmpadangserai@giatmara.edu.my', '2006-01-15 00:00:00', '1', '31892', '1', '2013-09-27 00:00:00', '810415055199', '12');
INSERT INTO `ref_giatmara` VALUES ('27', '633', '1', 'PENDANG', 'JALAN JENUN,MUKIM AIR PUTEH,06700 PENDANG,KEDAH.', '04-7591815', '04-7591812', 'gmpendang@giatmara.edu.my', '2006-01-15 00:00:00', '1', '27338', '1', '2013-09-05 00:00:00', '720727025475', '12');
INSERT INTO `ref_giatmara` VALUES ('28', '462', '1', 'PADANG TERAP', 'Lot 3202, Batu 20, Jalan Kuala Nerang, 06300 Kuala Nerang, Kedah Darul Aman.', '04-7902020', '04-7902021', 'gmpadangterap@giatmara.edu.my', '2006-01-15 00:00:00', '1', '27246', '1', '2013-09-05 00:00:00', '691027125002', '12');
INSERT INTO `ref_giatmara` VALUES ('29', '483', '1', 'KULIM BANDAR BAHARU', 'Pekan Mahang, 09500 Karangan', '04-4042386', '04-4042386', 'gmkulim@giatmara.edu.my', '2006-01-15 00:00:00', '1', '32480', '1', '2013-09-05 00:00:00', '691027125002', '12');
INSERT INTO `ref_giatmara` VALUES ('30', '667', '1', 'SUNGAI PETANI', 'LOT 101A, SMART AUTOCITY,\nJALAN BUKIT PUTERI 9/10,\nBANDAR PUTERI JAYA,\n08000', '04-425 6652', '04-422 6651', 'gmsungaipetani@giatmara.edu.my', '2006-01-15 00:00:00', '1', '29797', '1', '2016-12-22 00:00:00', '810415055199', '12');
INSERT INTO `ref_giatmara` VALUES ('31', '659', '1', 'MERBOK', 'Pekan Bedong, 08100 Bedong', '04-4584600', '04-4584606', 'gmmerbok@giatmara.edu.my', '2006-01-15 00:00:00', '1', '29917', '1', '2013-09-05 00:00:00', '691027125002', '12');
INSERT INTO `ref_giatmara` VALUES ('32', '687', '1', 'JERLUN', 'Lot 80, Pusat Pertumbuhan Desa, Sungai Korok, 06150 Ayer Hitam', '04-7947507', '04-7943658', 'gmjerlun@giatmara.edu.my', '2006-01-15 00:00:00', '1', '36323', '1', '2013-09-05 00:00:00', '691027125002', '12');
INSERT INTO `ref_giatmara` VALUES ('33', '654', '1', 'KUALA KEDAH', 'Lot. 1311, Kampung Masjid Seberang,\nMukim Kubang Rotan,\n06250 Alor Setar, Kedah Darul Aman', '04-7325490', '04-7346415', 'gmkualakedah@giatmara.edu.my', '2006-01-15 00:00:00', '1', '36835', '1', '2013-09-05 00:00:00', '691027125002', '12');
INSERT INTO `ref_giatmara` VALUES ('34', '653', '1', 'POKOK SENA', 'Lot 2649,Kg Belukar,Mukim Jabi,06400 Pokok Sena,Kedah', '04-7878064', '04-7878108', 'gmpokoksena@giatmara.edu.my', '2006-01-15 00:00:00', '1', '27288', '1', '2013-09-05 00:00:00', '691027125002', '12');
INSERT INTO `ref_giatmara` VALUES ('35', '412', '1', 'PERDA / NIBONG TEBAL', 'Lot. 2621, Mukim 11, Jln Ooi Kar Seng, Nibong Tebal, 14300 Seberang Perai Selatan', '04-5936282', '04-5936284', 'gmnibongtebal@giatmara.edu.my', '2006-01-15 00:00:00', '1', '25392', '1', '2013-09-26 00:00:00', '810415055199', '14');
INSERT INTO `ref_giatmara` VALUES ('36', '409', '1', 'BUKIT MERTAJAM', 'Lot 2228, Mukim 16, Seberang Perai Tengah, 14000 Bkt. Mertajam', '04-4904321', '04-4903518', 'gmbukitmertajam@giatmara.edu.my', '2006-01-15 00:00:00', '1', '25245', '1', '2013-09-26 00:00:00', '810415055199', '14');
INSERT INTO `ref_giatmara` VALUES ('37', '484', '1', 'BAGAN', 'No 3908, Mukim 15, Jalan Pantai, 12100', '04-3328528', '04-3741711', 'gmbagan@giatmara.edu.my', '2006-01-15 00:00:00', '1', '20534', '1', '2013-09-05 00:00:00', '820112075714', '14');
INSERT INTO `ref_giatmara` VALUES ('38', '431', '1', 'BAYAN LEPAS', 'Lot 102H, Lengkok Kg, Jawa 2, Kawasan Miel, 11900 Bayan Lepas', '04-6449979', '04-6443753', 'gmbayanlepas@giatmara.edu.my', '2006-01-15 00:00:00', '1', '19351', '1', '2013-09-26 00:00:00', '810415055199', '14');
INSERT INTO `ref_giatmara` VALUES ('39', '610', '1', 'KEPALA BATAS', 'Persiaran Pendidikan Bertam Perdana,\n13200 Kepala Batas,\nPulau Pinang', '04-5750170', '04-5756220', 'gmkepalabatas@giatmara.edu.my', '2006-01-15 00:00:00', '1', '22269', '1', '2016-10-14 00:00:00', '810415055199', '14');
INSERT INTO `ref_giatmara` VALUES ('40', '447', '1', 'TASEK GELUGOR', 'Lot. 3130, Mukim 8, Pongsu Seribu, Kepala Batas, 13200 Seberang Perai Utara', '04-5756163', '04-5783162', 'gmtasekgelugor@giatmara.edu.my', '2006-01-15 00:00:00', '1', '24612', '1', '2013-09-26 00:00:00', '810415055199', '14');
INSERT INTO `ref_giatmara` VALUES ('41', '469', '1', 'PERMATANG PAUH', 'Lot 433, Mukim 3, Permatang Ara, 13500 Permatang Pauh, Seberang Perai Tengah, Pulau Pinang', '04-3995795', '04-3995792', 'gmpermatangpauh@giatmara.edu.my', '2006-01-15 00:00:00', '1', '25199', '1', '2013-09-26 00:00:00', '810415055199', '14');
INSERT INTO `ref_giatmara` VALUES ('42', '686', '1', 'SUNGAI BAKAP', 'Sungai Bakap (Polis), Sungai Bakap, 14200 Seberang Perai Selatan', '04-5820157', '04-5820158', 'gmsungaibakap@giatmara.edu.my', '2006-01-15 00:00:00', '1', '24806', '1', '2013-09-26 00:00:00', '810415055199', '14');
INSERT INTO `ref_giatmara` VALUES ('43', '647', '1', 'BALIK PULAU', 'Lot 584,585 & 588  Jalan Besar, \nBalik Pulau, 11000 Balik Pulau', '04-8661369', '04-8664634', 'gmbalikpulau@giatmara.edu.my', '2006-01-15 00:00:00', '1', '18031', '1', '2013-09-06 00:00:00', '821027075298', '14');
INSERT INTO `ref_giatmara` VALUES ('44', '655', '1', 'TANJONG', 'Unit 1.03 & 1.04, 10050 Kompleks Jalan Kedah', '04-2283070', '04-2285504', 'gmtanjong@giatmara.edu.my', '2006-01-15 00:00:00', '1', '26894', '1', '2013-09-26 00:00:00', '810415055199', '14');
INSERT INTO `ref_giatmara` VALUES ('45', '433', '1', 'PARIT BUNTAR', 'BANGUNAN KOMUNITI, JALAN PEJABAT, 34200 PARIT BUNTAR, PERAK', '05-7160082', '05-7160086', 'gmparitbuntar@giatmara.edu.my', '2006-01-15 00:00:00', '1', '22143', '1', '2013-09-26 00:00:00', '810415055199', '11');
INSERT INTO `ref_giatmara` VALUES ('46', '408', '1', 'GRIK', 'Lebuhraya Timur Barat, Base Camp, 33300 Grik', '05-7911494', '05-7920020', 'gmgrik@giatmara.edu.my', '2006-01-15 00:00:00', '1', '20885', '1', '2013-09-26 00:00:00', '810415055199', '11');
INSERT INTO `ref_giatmara` VALUES ('47', '439', '1', 'KAMPAR', 'Pusat GIAT Changkat Tin, 31800 Tanjung Tualang', '05-3609490', '05-3609480', 'gmkampar@giatmara.edu.my', '2006-01-15 00:00:00', '1', '28385', '1', '2013-08-23 00:00:00', '810415055199', '11');
INSERT INTO `ref_giatmara` VALUES ('48', '452', '1', 'PARIT', 'GIATMARA PARIT, \n  42 PERSIARAN DATARAN 3, \n  32610 BANDAR SERI ISKANDAR, \n  PERAK', '05-3721801', '05-3721802', 'gmparit@giatmara.edu.my', '2006-01-15 00:00:00', '1', '20847', '1', '2013-09-26 00:00:00', '810415055199', '11');
INSERT INTO `ref_giatmara` VALUES ('49', '446', '1', 'TANJONG MALIM', 'Jalan Rumah Rehat, 35800 Slim River, Perak', '05-4529896', '05-4529897', 'gmtanjongmalim@giatmara.edu.my', '2006-01-15 00:00:00', '1', '22793', '1', '2013-09-26 00:00:00', '810415055199', '11');
INSERT INTO `ref_giatmara` VALUES ('50', '458', '1', 'PASIR SALAK', 'Pulau Tiga, 36800 Kampung Gajah, Perak', '05-6318000', '05-6318001', 'gmpasirsalak@giatmara.edu.my', '2006-01-15 00:00:00', '1', '24423', '1', '2013-08-23 00:00:00', '640425115619', '11');
INSERT INTO `ref_giatmara` VALUES ('51', '466', '1', 'IPOH TIMUR', 'No 5, Jalan Zarib 8, Zarib Industrial Park, 31500 Perak', '053226385', '053215346', 'gmipohtimur@giatmara.edu.my', '2006-01-15 00:00:00', '1', '40565', '1', '2013-09-26 00:00:00', '810415055199', '11');
INSERT INTO `ref_giatmara` VALUES ('52', '477', '1', 'LUMUT', 'Lebuhraya KI/Lumut, Bt 8 Lekir 32020 Sitiawan', '05-6798152', '05-6798152', 'gmlumut@giatmara.edu.my', '2006-01-15 00:00:00', '1', '28501', '1', '2013-09-26 00:00:00', '810415055199', '11');
INSERT INTO `ref_giatmara` VALUES ('53', '480', '1', 'BAGAN DATUK', 'Lot 40, Jalan Besar, 36400 Hutan Melintang', '05-6421800', '05-6421801', 'gmbagandatoh@giatmara.edu.my', '2006-01-15 00:00:00', '1', '42908', '1', '2013-11-28 00:00:00', '810721105393', '11');
INSERT INTO `ref_giatmara` VALUES ('54', '464', '1', 'BAGAN SERAI', 'Simpang 4, 34400 Semanggol,\nPerak', '05-8921250', '05-8921251', 'gmbaganserai@giatmara.edu.my', '2006-01-15 00:00:00', '1', '40276', '1', '2013-08-23 00:00:00', '600102085391', '11');
INSERT INTO `ref_giatmara` VALUES ('55', '606', '1', 'BERUAS', 'No 40, Taman Desa Pantai 11, \n34900 Pantai Remis, \nPerak.', '05-6779010', '05-6779011', 'gmberuas@giatmara.edu.my', '2006-01-15 00:00:00', '1', '20254', '1', '2013-08-23 00:00:00', '580205086295', '11');
INSERT INTO `ref_giatmara` VALUES ('56', '435', '1', 'TAIPING', 'Lot 20834 Jalan Logam 6,\nKawasan Perindustrian Kamunting Raya,\n34600 Kamunting,\nPerak Darul Ridzuan', '05-8912045', '05-8064075', 'gmtaiping@giatmara.edu.my', '2006-01-15 00:00:00', '1', '21579', '1', '2016-09-27 00:00:00', '810415055199', '11');
INSERT INTO `ref_giatmara` VALUES ('57', '670', '1', 'LENGGONG', 'PL 23/1,\nKAMPUNG KUBANG JAMBU,\nJALAN BESAR,\nKAMPUNG MASJID LAMA,\n33400 LENGGONG\nPERAK.', '05-7679712,057', '05-7679712', 'gmlenggong@giatmara.edu.my', '2006-01-15 00:00:00', '1', '21481', '1', '2013-08-23 00:00:00', '630131085865', '11');
INSERT INTO `ref_giatmara` VALUES ('58', '613', '1', 'KUALA KANGSAR', 'Dewan Orang Ramai, Rancangan Perumahan  Awam 2 & 3, 33800 Kuala Kangsar', '05-7438610', '05-7438611', 'gmkualakangsar@giatmara.edu.my', '2006-01-15 00:00:00', '1', '43995', '1', '2013-09-26 00:00:00', '810415055199', '11');
INSERT INTO `ref_giatmara` VALUES ('59', '465', '1', 'SUNGAI SIPUT', 'Simpang Kampung Sentosa,\n31100 Sungai Siput (U),\nPerak Darul Ridzuan.', '05-5951611', '05-5951610', 'gmsungaisiput@giatmara.edu.my', '2006-01-15 00:00:00', '1', '27172', '1', '2013-08-23 00:00:00', '730327086155', '11');
INSERT INTO `ref_giatmara` VALUES ('60', '604', '1', 'BATU GAJAH', 'No. 59, Jalan Perpaduan, 31000 Batu Gajah', '05-3633967', '05-3633967', 'gmbatugajah@giatmara.edu.my', '2006-01-15 00:00:00', '1', '36739', '1', '2013-09-26 00:00:00', '810415055199', '11');
INSERT INTO `ref_giatmara` VALUES ('61', '424', '1', 'TELUK INTAN', 'Jalan Si Putum, 36000 Teluk Intan.', '05-6254242', '05-6254240', 'gmtelukintan@giatmara.edu.my', '2006-01-15 00:00:00', '1', '22805', '1', '2014-06-10 00:00:00', '810721105393', '11');
INSERT INTO `ref_giatmara` VALUES ('62', '669', '1', 'TAMBUN', 'Lot 157835, Batu 7 1/2, Jalan Tambun, 31150 Ulu Kinta', '05-5499582', '05-5495030', 'gmtambun@giatmara.edu.my', '2006-01-15 00:00:00', '1', '27803', '1', '2013-09-26 00:00:00', '810415055199', '11');
INSERT INTO `ref_giatmara` VALUES ('63', '638', '1', 'LARUT', 'Lot 3207, Jalan Sir Chulan, 34100 Selama', '05-8392812', '05-8396377', 'gmlarut@giatmara.edu.my', '2006-01-15 00:00:00', '1', '22114', '1', '2013-09-26 00:00:00', '810415055199', '11');
INSERT INTO `ref_giatmara` VALUES ('64', '649', '1', 'GOPENG', 'No. 19,Jalan Kampar, 31600 Gopeng', '05-3592301', '05-3592301', 'gmgopeng@giatmara.edu.my', '2006-01-15 00:00:00', '1', '27861', '1', '2013-08-23 00:00:00', '580610085069', '11');
INSERT INTO `ref_giatmara` VALUES ('65', '607', '1', 'BUKIT GANTANG', 'Dewan Bacaan Lama, Kampung Cheh Hulu, 34850 Changkat Jering', '05-8554251', '05-8551253', 'gmbukitgantang@giatmara.edu.my', '2006-01-15 00:00:00', '1', '22733', '1', '2013-09-26 00:00:00', '810415055199', '11');
INSERT INTO `ref_giatmara` VALUES ('66', '680', '1', 'IPOH BARAT', 'No 155, Jalan Dato\' Onn Jaafar, 30300 Ipoh Perak', '052497718', '052497717', 'gmipohbarat@giatmara.edu.my', '2006-01-15 00:00:00', '1', '27824', '1', '2013-09-26 00:00:00', '810415055199', '11');
INSERT INTO `ref_giatmara` VALUES ('67', '471', '1', 'PADANG RENGAS', 'No 47, Jalan Perindustrian MIEL, \nKawasan Perindustrian MIEL, \n33010 Kuala Kangsar, Perak', '05-7733611', '05-7733612', 'gmpadangrengas@giatmara.edu.my', '2006-01-15 00:00:00', '1', '43995', '1', '2013-08-23 00:00:00', '650919115183', '11');
INSERT INTO `ref_giatmara` VALUES ('68', '404', '1', 'MUADZAM SHAH', 'Kawasan perindustrian,26700 Muadzam Shah', '09-4522366', '09-4523607', 'gmmuadzamshah@giatmara.edu.my', '2006-01-15 00:00:00', '1', '34689', '1', '2015-08-03 00:00:00', '570601055889', '13');
INSERT INTO `ref_giatmara` VALUES ('69', '405', '1', 'JENGKA', '26400 Bandar Jengka, Pahang Darul Makmur', '09-4662375', '09-4662354', 'gmjengka@giatmara.edu.my', '2006-01-15 00:00:00', '1', '34037', '1', '2013-09-26 00:00:00', '810415055199', '13');
INSERT INTO `ref_giatmara` VALUES ('70', '418', '1', 'PAYA BESAR', 'Km. 8, Jalan Gambang, 25150 Kuantan ', '09-5366558', '09-5366557', 'gmpayabesar@giatmara.edu.my', '2006-01-15 00:00:00', '1', '33401', '1', '2013-09-26 00:00:00', '810415055199', '13');
INSERT INTO `ref_giatmara` VALUES ('71', '451', '1', 'KUALA LIPIS', 'Lot 3347, Kampung Kuala Lanar, 27200 Kuala Lipis', '09-3122062', '09-3121892', 'gmkualalipis@giatmara.edu.my', '2006-01-15 00:00:00', '1', '35363', '1', '2013-09-26 00:00:00', '810415055199', '13');
INSERT INTO `ref_giatmara` VALUES ('72', '457', '1', 'TEMERLOH', 'Jalan Padang, 28400 Mentakab', '09-2773700', '09-2775181', 'gmtemerloh@giatmara.edu.my', '2006-01-15 00:00:00', '1', '36136', '1', '2013-09-26 00:00:00', '810415055199', '13');
INSERT INTO `ref_giatmara` VALUES ('73', '434', '1', 'ROMPIN', 'Kilometer 5.5, Jalan Sabak, , 26800 Kuala Rompin,Pahang', '09-4146190', '09-4141908', 'gmrompin@giatmara.edu.my', '2006-01-15 00:00:00', '1', '44256', '1', '2013-12-20 00:00:00', '810415055199', '13');
INSERT INTO `ref_giatmara` VALUES ('74', '614', '1', 'INDERA MAHKOTA', 'Lot 758,\nKg. Balok Pantai,\n26100 Kuantan,  \nPahang.', '095807353', '095807351', 'gminderamahkota@giatmara.edu.my', '2006-01-15 00:00:00', '1', '44163', '1', '2016-08-19 00:00:00', '810415055199', '13');
INSERT INTO `ref_giatmara` VALUES ('75', '487', '1', 'RAUB', 'Lot No 31388 , \nJalan Taman Mewah \n27600 Raub', '09-3557670', '09-3557734', 'gmraub@giatmara.edu.my', '2006-01-15 00:00:00', '1', '35992', '1', '2014-12-05 00:00:00', '810415055199', '13');
INSERT INTO `ref_giatmara` VALUES ('76', '608', '1', 'JERANTUT', 'Km 9, Kampung Sri Muda, 27000 Jerantut', '09-2663541', '09-2671687', 'gmjerantut@giatmara.edu.my', '2006-01-15 00:00:00', '1', '34761', '1', '2013-09-26 00:00:00', '810415055199', '13');
INSERT INTO `ref_giatmara` VALUES ('77', '689', '1', 'PEKAN', 'Lot PT 1732, Mukim Langgar, Bandar Baru Peramu, 26600 Pekan', '09-4260273', '09-4260275', 'gmpekan@giatmara.edu.my', '2006-01-15 00:00:00', '1', '34078', '1', '2013-09-26 00:00:00', '810415055199', '13');
INSERT INTO `ref_giatmara` VALUES ('78', '671', '1', 'BERA', 'Bandar 32 Bera, 28300 Triang', '09-2463235', '09-2496236', 'gmbera@giatmara.edu.my', '2006-01-15 00:00:00', '1', '36026', '1', '2013-09-26 00:00:00', '810415055199', '13');
INSERT INTO `ref_giatmara` VALUES ('79', '678', '1', 'BENTONG', 'Lot 2738, Jalan Karak Mentakab, Batu 4, Karak Setia, Karak 28600 Bentong', '09-2312790', '09-2311907', 'gmbentong@giatmara.edu.my', '2006-01-15 00:00:00', '1', '36673', '1', '2013-09-26 00:00:00', '810415055199', '13');
INSERT INTO `ref_giatmara` VALUES ('80', '650', '1', 'CAMERON HIGHLANDS', 'FELDA Sg Koyan 3, 27650 Raub', '09-3402952', '09-3402952', 'gmcameronhighlands@giatmara.edu.my', '2006-01-15 00:00:00', '1', '35996', '1', '2013-09-26 00:00:00', '810415055199', '13');
INSERT INTO `ref_giatmara` VALUES ('81', '402', '1', 'KOTA BHARU', 'Jalan Talipot, 15150 Kota Bharu', '09-7447058', '09-7447058', 'gmkotabharu@giatmara.edu.my', '2006-01-15 00:00:00', '1', '32552', '1', '2013-09-26 00:00:00', '810415055199', '16');
INSERT INTO `ref_giatmara` VALUES ('82', '432', '1', 'MACHANG', 'GIATMARA MACHANG, BANGUNAN BALAI POLIS LAMA, 18500 MACHANG KELANTAN', '09-9750016', '09-9755017', 'gmmachang@giatmara.edu.my', '2006-01-15 00:00:00', '1', '29433', '1', '2013-09-26 00:00:00', '810415055199', '16');
INSERT INTO `ref_giatmara` VALUES ('83', '416', '1', 'TUMPAT', 'Kampung 7, 16200 Tumpat', '09-7211994', '09-7211577', 'gmtumpat@giatmara.edu.my', '2006-01-15 00:00:00', '1', '34408', '1', '2015-12-21 00:00:00', '810415055199', '16');
INSERT INTO `ref_giatmara` VALUES ('84', '467', '1', 'PASIR MAS', 'LOT 2772 KAMPUNG SAKAR\n17030 PASIR MAS', '09-7901710', '09-7902795', 'gmpasirmas@giatmara.edu.my', '2006-01-15 00:00:00', '1', '36374', '1', '2013-11-19 00:00:00', '810415055199', '16');
INSERT INTO `ref_giatmara` VALUES ('85', '490', '1', 'PASIR PUTEH', 'Lot 1466, Mukim Selising, 16810 Selising', '09-7891319', '09-7891213', 'gmpasirputeh@giatmara.edu.my', '2006-01-15 00:00:00', '1', '35128', '1', '2014-06-17 00:00:00', '810415055199', '16');
INSERT INTO `ref_giatmara` VALUES ('86', '601', '1', 'BACHOK', 'LOT 665, SERDANG BARU\n16310 BACHOK, KELANTAN\n', '09-7787310', ' 09-7787312', 'gmbachok@giatmara.edu.my', '2006-01-15 00:00:00', '1', '35025', '1', '2014-05-07 00:00:00', '710426115355', '16');
INSERT INTO `ref_giatmara` VALUES ('87', '675', '1', 'JELI', 'GIATMARA JELI\nLOT 6099,KAMPUNG WAKAF ZING,\nAYER LANAS,\n17700 JELI,KELANTAN.', '09-9468550', '09-9468553', 'gmjeli@giatmara.edu.my', '2006-01-15 00:00:00', '1', '28171', '1', '2014-11-25 00:00:00', '810415055199', '16');
INSERT INTO `ref_giatmara` VALUES ('88', '639', '1', 'NILAM PURI', 'Kampung Badak Mati Banggu, \n16150 Kota Bharu, \nKelantan', '09-7964194', '09-7964195', 'gmnilampuri@giatmara.edu.my', '2006-01-15 00:00:00', '1', '33673', '1', '2013-09-26 00:00:00', '810415055199', '16');
INSERT INTO `ref_giatmara` VALUES ('89', '443', '1', 'GUA MUSANG', 'FELDA Chiku 5, 18300 Gua Musang', '09-9140161', ' 09-9287637', 'gmguamusang@giatmara.edu.my', '2006-01-15 00:00:00', '1', '29332', '1', '2014-05-07 00:00:00', '710426115355', '16');
INSERT INTO `ref_giatmara` VALUES ('90', '645', '1', 'TANAH MERAH', 'Batu 4, Jalan Machang Jeli, 17500 Tanah Merah', '09-9775209', '09-9775209', 'gmtanahmerah@giatmara.edu.my', '2006-01-15 00:00:00', '1', '37119', '1', '2013-09-26 00:00:00', '810415055199', '16');
INSERT INTO `ref_giatmara` VALUES ('91', '497', '1', 'RANTAU PANJANG', 'FELCRA Bukit Tandak, 17200 Rantau Panjang', '013-9603434 ', '-', 'gmrantaupanjang@giatmara.edu.my', '2006-01-15 00:00:00', '1', '36404', '1', '2013-09-26 00:00:00', '810415055199', '16');
INSERT INTO `ref_giatmara` VALUES ('92', '611', '1', 'KUALA KRAI', 'Kg Jelawang, 18200 Dabong, Kuala Krai', '09-9362689', '09-9361689', 'gmkualakrai@giatmara.edu.my', '2006-01-15 00:00:00', '1', '29313', '1', '2013-09-26 00:00:00', '810415055199', '16');
INSERT INTO `ref_giatmara` VALUES ('93', '618', '1', 'PENGKALAN CHEPA', 'Kg. Rambutan Rendang,  Mukim Panji, 16100 Pengkalan Chepa', '09-7714141', '09-7714140', 'gmpengkalanchepa@giatmara.edu.my', '2006-01-15 00:00:00', '1', '33126', '1', '2013-09-26 00:00:00', '810415055199', '16');
INSERT INTO `ref_giatmara` VALUES ('94', '403', '1', 'DUNGUN', 'Batu 16, Kampung Nyior, 23100 Paka', '09-8286122', '09-8286123', 'gmdungun@giatmara.edu.my', '2006-01-15 00:00:00', '1', '39131', '1', '2013-09-27 00:00:00', '810415055199', '17');
INSERT INTO `ref_giatmara` VALUES ('95', '417', '1', 'MARANG', 'Jalan Rawai, Bukit Payong, 21400 Marang, Terengganu.', '09-6102030', '09-6102031', 'gmmarang@giatmara.edu.my', '2006-01-15 00:00:00', '1', '38867', '1', '2013-09-27 00:00:00', '810415055199', '17');
INSERT INTO `ref_giatmara` VALUES ('96', '468', '1', 'HULU TERENGGANU', 'GIATMARA HULU TERENGGANU,\nKampung Kuala Telemong, \n21210 Kuala Terengganu.\nTerengganu.', '09-6142130', '09-6142131', 'gmhuluterengganu@giatmara.edu.my', '2006-01-15 00:00:00', '1', '38862', '1', '2013-09-27 00:00:00', '810415055199', '17');
INSERT INTO `ref_giatmara` VALUES ('97', '411', '1', 'SETIU', 'Kampung Pak Kancil, Bandar Permaisuri, 22100 Setiu', '09-6097541', '09-6097542', 'gmsetiu@giatmara.edu.my', '2006-01-15 00:00:00', '1', '39063', '1', '2013-09-27 00:00:00', '810415055199', '17');
INSERT INTO `ref_giatmara` VALUES ('98', '449', '1', 'KETENGAH', 'Bandar Al-Muktafi Billah Shah\n23400 Dungun\nTerengganu Darul Iman', '09-8211380', '09-8221361', 'gmketengah@giatmara.edu.my', '2006-01-15 00:00:00', '1', '39141', '1', '2013-09-27 00:00:00', '810415055199', '17');
INSERT INTO `ref_giatmara` VALUES ('99', '461', '1', 'BESUT', 'Jalan Batu Tumbuh, Alor Lintang, 22200 Besut', '09-6950649', '09-6950850', 'gmbesut@giatmara.edu.my', '2006-01-15 00:00:00', '1', '39072', '1', '2013-09-27 00:00:00', '810415055199', '17');
INSERT INTO `ref_giatmara` VALUES ('100', '448', '1', 'KEMAMAN', 'Lot Pt. 2640,\nKampung Titian Berayun,\n24100 Kijal, Terengganu.', '09-8623140', '09-8623142', 'gmkemaman@giatmara.edu.my', '2006-01-15 00:00:00', '1', '39344', '1', '2013-09-27 00:00:00', '810415055199', '17');
INSERT INTO `ref_giatmara` VALUES ('101', '456', '1', 'KUALA TERENGGANU', 'Lot 1088 Jalan Hj, Busu, Batu Buruk, 20400 K. Terengganu', '09-6203651/53', '09-6203652', 'gmkualaterengganu@giatmara.edu.my', '2006-01-15 00:00:00', '1', '38632', '1', '2013-09-27 00:00:00', '810415055199', '17');
INSERT INTO `ref_giatmara` VALUES ('102', '441', '1', 'BATU RAKIT', 'Lot 9278, Kampung Wakaf Cagak, Batu Rakit, 21020 K. Terengganu', '09-6693117', '09-6692136', 'gmbaturakit@giatmara.edu.my', '2006-01-15 00:00:00', '1', '38716', '1', '2013-09-27 00:00:00', '810415055199', '17');
INSERT INTO `ref_giatmara` VALUES ('103', '685', '1', 'KUALA NERUS', 'Kampung Bukit Petiti, Belara, 21200 K. Terengganu', '09-6301062', '09-6301061', 'gmkualanerus@giatmara.edu.my', '2006-01-15 00:00:00', '1', '38795', '1', '2013-09-27 00:00:00', '810415055199', '17');
INSERT INTO `ref_giatmara` VALUES ('104', '415', '1', 'KUALA LANGAT', 'Jalan Sultan Abdul Samad, 42700 Banting', '03-31879490', '03-31877790', 'gmkualalangat@giatmara.edu.my', '2006-01-15 00:00:00', '1', '3558', '1', '2013-09-27 00:00:00', '810415055199', '10');
INSERT INTO `ref_giatmara` VALUES ('106', '438', '1', 'SABAK BERNAM', 'No.1 & 3, Jalan PPSL 2,\nPusat Perniagaan Sungai Lias,\n45300, Sungai Besar,\nSelangor', '03-32245107', '03-32245108', 'gmsabakbernam@giatmara.edu.my', '2006-01-15 00:00:00', '1', '5090', '1', '2013-08-23 00:00:00', '790907085399', '10');
INSERT INTO `ref_giatmara` VALUES ('107', '460', '1', 'KAPAR', 'Lot 1613, Jalan Rantau Panjang, Mukim Kapar, 42100 Klang', '03-32914815', '03-32914940', 'gmkapar@giatmara.edu.my', '2006-01-15 00:00:00', '1', '3369', '1', '2013-09-27 00:00:00', '810415055199', '10');
INSERT INTO `ref_giatmara` VALUES ('108', '425', '1', 'HULU SELANGOR', 'Lot 3, Bekas Sek.Keb. Kalumpang, 44100 Kalumpang', '03-60491899', '0360492494', 'gmhuluselangor@giatmara.edu.my', '2006-01-15 00:00:00', '1', '4678', '1', '2013-09-27 00:00:00', '810415055199', '10');
INSERT INTO `ref_giatmara` VALUES ('109', '474', '1', 'SELAYANG', 'Jalan 5, Tmn. Selayang Baru, 68100 Batu Caves', '03-61364524', '03-61364525', 'gmselayang@giatmara.edu.my', '2006-01-15 00:00:00', '1', '38582', '1', '2013-09-27 00:00:00', '810415055199', '10');
INSERT INTO `ref_giatmara` VALUES ('110', '442', '1', 'BANGI', 'Jalan P/9a Seksyen 13, 43650 Bandar Baru Bangi', '03-89251978', '03-89251977', 'gmbangi@giatmara.edu.my', '2006-01-15 00:00:00', '1', '3292', '1', '2013-09-27 00:00:00', '810415055199', '10');
INSERT INTO `ref_giatmara` VALUES ('111', '620', '1', 'PUCHONG', 'Batu 13, Jalan Kelang,\n47100 Puchong\nSelangor', '03-80613470', '03-80608854', 'gmpuchong@giatmara.edu.my', '2006-01-15 00:00:00', '1', '8937', '1', '2013-09-27 00:00:00', '810415055199', '10');
INSERT INTO `ref_giatmara` VALUES ('112', '623', '1', 'SEPANG', 'Pekan Salak, 43900 Sepang', '03-87061357', '03-87061357', 'gmsepang@giatmara.edu.my', '2006-01-15 00:00:00', '1', '4566', '1', '2013-08-23 00:00:00', '600423025541', '10');
INSERT INTO `ref_giatmara` VALUES ('113', '426', '1', 'TANJUNG KARANG', 'Kampung Sungai Terap, Batu 3, Jalan Bernam, 45000 Kuala Selangor', '03-32895684', '03-32895684', 'gmtanjungkarang@giatmara.edu.my', '2006-01-15 00:00:00', '1', '4840', '1', '2013-09-27 00:00:00', '810415055199', '10');
INSERT INTO `ref_giatmara` VALUES ('114', '427', '1', 'HULU LANGAT', 'NO 65, 66, 67 JALAN PRIMA SAUJANA 1/1A, \nTAMAN PRIMA SAUJANA SEKSYEN 1,\n43000 KAJANG, SELANGOR', '03-87395602', '03-87395601', 'gmhululangat@giatmara.edu.my', '2006-01-15 00:00:00', '1', '4475', '1', '2013-09-27 00:00:00', '810415055199', '10');
INSERT INTO `ref_giatmara` VALUES ('115', '628', '1', 'SUNGAI BESAR', 'Jalan Balai Polis, 45400 Sekinchan, Selangor Darul Ehsan', '03-32418470', '03-32418471', 'gmsungaibesar@giatmara.edu.my', '2006-01-15 00:00:00', '1', '5120', '1', '2013-09-27 00:00:00', '810415055199', '10');
INSERT INTO `ref_giatmara` VALUES ('116', '455', '1', 'PETALING JAYA (SELATAN)', 'Lot 8247, Jalan 225, 46100 Petaling Jaya', '03-79579721', '03-79574623', 'gmpetalingjaya@giatmara.edu.my', '2006-01-15 00:00:00', '1', '7314', '1', '2013-09-27 00:00:00', '810415055199', '10');
INSERT INTO `ref_giatmara` VALUES ('117', '624', '1', 'SHAH ALAM', '2nd Floor C-12-2 Blok C,\nAlam Avenue, Jalan Serai Wangi,\nH16/H Off Persiaran Selangor,\n40200 Shah Alam,\nSelangor.', '03-55196829', '03-55123929', 'gmshahalam@giatmara.edu.my', '2006-01-15 00:00:00', '1', '120', '1', '2014-05-27 00:00:00', '810415055199', '10');
INSERT INTO `ref_giatmara` VALUES ('118', '679', '1', 'GOMBAK', 'NO. 3-G & 3A-G, PUSAT KOMERSIAL AMANIAH,\nJALAN AMANIAH MULIA 1,\nTAMAN AMANIAH MULIA,\n68100 BATU CAVES,\nSELANGOR DARUL EHSAN.\n', '03-61857972', '03-61857260', 'gmgombak@giatmara.edu.my', '2006-01-15 00:00:00', '1', '38499', '1', '2013-08-23 00:00:00', '811229085380', '10');
INSERT INTO `ref_giatmara` VALUES ('119', '681', '1', 'PETALING JAYA UTARA', 'NO 7 JALAN SS7/26,\nTAMAN SRI KELANA,\n47300 KELANA JAYA\nSELANGOR.', '0378042454', '0378035090', 'gmpetalingjayautara@giatmara.edu.my', '2006-01-15 00:00:00', '1', '4388', '1', '2014-02-07 00:00:00', '810415055199', '10');
INSERT INTO `ref_giatmara` VALUES ('120', '482', '1', 'KUALA LUMPUR', 'No 3A-3A Tingkat 4,\nWisma Q Titiwangsa,\nJalan Pahang,\n50300 Kuala Lumpur', '03-40323241', '-', 'gmkualalumpur@giatmara.edu.my', '2006-01-15 00:00:00', '1', '12019', '1', '2016-09-23 00:00:00', '810415055199', '20');
INSERT INTO `ref_giatmara` VALUES ('121', '629', '1', 'TITIWANGSA', 'No.13D Jalan Medan Tuanku\n50300 Kuala Lumpur', '03-26949136', '03-26943227', 'gmtitiwangsa@giatmara.edu.my', '2006-01-15 00:00:00', '1', '11041', '1', '2014-05-16 00:00:00', '810415055199', '20');
INSERT INTO `ref_giatmara` VALUES ('122', '682', '1', 'SEPUTEH', 'GIATMARA SEPUTEH,\nNO.8, JALAN 14/108C,\nTAMAN SUNGAI BESI,\n57100 KUALA LUMPUR', '03-79806243', '03-79806109', 'gmseputeh@giatmara.edu.my', '2006-01-15 00:00:00', '1', '9757', '1', '2013-07-09 00:00:00', '810415055199', '20');
INSERT INTO `ref_giatmara` VALUES ('123', '690', '1', 'SEGAMBUT', 'No. 50, Jalan 6/38d, Taman Sri Sinar, 51200 Kuala Lumpur', '03-62726375', '03-62726452', 'gmsegambut@giatmara.edu.my', '2006-01-15 00:00:00', '1', '11079', '1', '2013-07-09 00:00:00', '810415055199', '20');
INSERT INTO `ref_giatmara` VALUES ('124', '652', '1', 'KEPONG', 'GIATMARA Kepong, Tingkat Bawah, Blok F, PPR Intan Baiduri, 52100 Kepong Utara, Kuala Lumpur.\n', '03-61370361', '03-6137 0279', 'gmkepong@giatmara.edu.my', '2006-01-15 00:00:00', '1', '11426', '1', '2013-07-09 00:00:00', '810415055199', '20');
INSERT INTO `ref_giatmara` VALUES ('125', '600', '1', 'AMPANG JAYA', 'Bangunan UMNO Ampang, \nLot No. 4545-3,4,5 dan 6,\nNo. 100 Jalan Lembah Jaya,\n68000 Ampang,  \nSelangor.', '03-42874477', '-', 'gmampangjaya@giatmara.edu.my', '2006-01-15 00:00:00', '1', '38336', '1', '2016-08-19 00:00:00', '810415055199', '10');
INSERT INTO `ref_giatmara` VALUES ('126', '420', '1', 'CHERAS', 'Blok 62, Perumahan Awam, Sri Sabah 3b, Batu 3 1/2, Jln Cheras 56100 Kuala Lumpur', '03-92849318', '03-9284697', 'gmcheras@giatmara.edu.my', '2006-01-15 00:00:00', '1', '39538', '1', '2013-07-09 00:00:00', '810415055199', '20');
INSERT INTO `ref_giatmara` VALUES ('127', '406', '1', 'TELOK KEMANG', 'Jalan Linggi/ Rantau, 71150 Linggi, Negeri Sembilan', '06-6970098', '06-6970151', 'gmtelokkemang', '2006-01-15 00:00:00', '1', '30808', '1', '2013-07-09 00:00:00', '810415055199', '9');
INSERT INTO `ref_giatmara` VALUES ('128', '419', '1', 'JEMPOL', 'BANDAR SERI JEMPOL\n72100 JEMPOL\nNEGERI SEMBILAN', '06-4581950', '06-4581046', 'gmjempol@giatmara.edu.my', '2006-01-15 00:00:00', '1', '31608', '1', '2013-07-09 00:00:00', '810415055199', '9');
INSERT INTO `ref_giatmara` VALUES ('129', '463', '1', 'KUALA PILAH', 'Batu 1, Jalan Seremban 7200 Kuala Pilah', '06-4815939', '06-4813950', 'gmkualapilah@giatmara.edu.my', '2006-01-15 00:00:00', '1', '30891', '1', '2013-07-09 00:00:00', '810415055199', '9');
INSERT INTO `ref_giatmara` VALUES ('130', '492', '1', 'SEREMBAN', 'KM9, JALAN JELEBU,\n71770 SEREMBAN,\nNEGERI SEMBILAN', '06-7611971', '06-7628075', 'gmseremban@giatmara.edu.my', '2006-01-15 00:00:00', '1', '27698', '1', '2013-07-09 00:00:00', '810415055199', '9');
INSERT INTO `ref_giatmara` VALUES ('131', '491', '1', 'TAMPIN', 'GIATMARA TAMPIN,\nFELDA PASIR BESAR,73420 GEMAS, NEGERI SEMBILAN', '06-4576579', '06-4576768', 'gmtampin@giatmara.edu.my', '2006-01-15 00:00:00', '1', '27682', '1', '2013-07-09 00:00:00', '810415055199', '9');
INSERT INTO `ref_giatmara` VALUES ('132', '450', '1', 'JELEBU', 'Kampung Desa Semarak, Jalan Titi, 71650 Titi Jelebu', '06-6113801', '06-6113784', 'gmjelebu@giatmara.edu.my', '2006-01-15 00:00:00', '1', '30823', '1', '2013-11-19 00:00:00', '820619115148', '9');
INSERT INTO `ref_giatmara` VALUES ('133', '662', '1', 'RASAH', 'Lot 200, Galla Industrial Park, \nJalan Labu, \n70200 Seremba\nNegeri Sembilan', '06-7633654', '06-7633654', 'gmrasah@giatmara.edu.my', '2006-01-15 00:00:00', '1', '30123', '1', '2013-11-19 00:00:00', '820619115148', '9');
INSERT INTO `ref_giatmara` VALUES ('134', '410', '1', 'MASJID TANAH', 'Batu 21 1/2, Pengkalan Balak, 78300 Masjid Tanah', '06-3841732', '06-3845744', 'gmmasjidtanah@giatmara.edu.my', '2006-01-15 00:00:00', '1', '27605', '1', '2013-07-03 00:00:00', '810415055199', '8');
INSERT INTO `ref_giatmara` VALUES ('135', '486', '1', 'JASIN', 'Jalan Parit Putat, 77400 Sg. Rambai', '06-2659578', '06-2659254', 'gmjasin@giatmara.edu.my', '2006-01-15 00:00:00', '1', '35919', '1', '2013-07-03 00:00:00', '810415055199', '8');
INSERT INTO `ref_giatmara` VALUES ('136', '641', '1', 'ALOR GAJAH', 'Pekan Durian Tunggal, 76100 Melaka', '06-5534939', '16-5534937', 'gmalorgajah@giatmara.edu.my', '2006-01-15 00:00:00', '1', '33287', '1', '2013-07-03 00:00:00', '810415055199', '8');
INSERT INTO `ref_giatmara` VALUES ('137', '612', '1', 'KOTA MELAKA', 'Tingkat 3, Kompleks MARA, Jalan Hang Tuah, 75300 Kota Melaka', '06-2826939', '06-2816939', 'gmkotamelaka@giatmara.edu.my', '2006-01-15 00:00:00', '1', '32113', '1', '2013-07-03 00:00:00', '810415055199', '8');
INSERT INTO `ref_giatmara` VALUES ('138', '488', '1', 'BUKIT KATIL', 'Lot 2344, Jalan Bayan 2, Taman Bukit Katil, 75450 Bukit Katil', '06-2686632', '06-2680586', 'gmbukitkatil@giatmara.edu.my', '2006-01-15 00:00:00', '1', '33215', '1', '2013-07-03 00:00:00', '810415055199', '8');
INSERT INTO `ref_giatmara` VALUES ('139', '428', '1', 'SIMPANG AMPAT', 'Jalan Kampung Kemus, Simpang Ampat, 78000 Alor Gajah, Melaka.', '06-5529614', '06-5529588', 'gmsimpangampat@giatmara.edu.my', '2006-01-15 00:00:00', '1', '36530', '1', '2013-07-03 00:00:00', '810415055199', '8');
INSERT INTO `ref_giatmara` VALUES ('140', '499', '1', 'TANGGA BATU', 'PGM Tangga Batu, No 5, Tingkat 1 & 2, Jln PSU 2, Plaza Sungai Udang, 76300', '06-3531944', '06-3531943', 'gmtanggabatu@giatmara.edu.my', '2006-01-15 00:00:00', '1', '33914', '1', '2013-07-03 00:00:00', '810415055199', '8');
INSERT INTO `ref_giatmara` VALUES ('141', '472', '1', 'KULAI', 'Felda Bukit Besar, 81450 Kulaijaya', '07-8977989', '07-8977989', 'gmkulai@giatmara.edu.my', '2006-01-15 00:00:00', '1', '15662', '1', '2013-10-02 00:00:00', '830417016255', '7');
INSERT INTO `ref_giatmara` VALUES ('142', '444', '1', 'KLUANG', 'LOT 1, TINGKAT 3, BANGUNAN ARKED MARA KLUANG, JALAN DATO\' KAPTEN AHMAD 86000 KLUANG, JOHOR', '07-7739506', '07-7739507', 'gmkluang@giatmara.edu.my', '2006-01-15 00:00:00', '1', '31641', '1', '2013-10-30 00:00:00', '750824115269', '7');
INSERT INTO `ref_giatmara` VALUES ('143', '481', '1', 'BATU PAHAT', '266, JALAN DAGANG,\n83000 BT PAHAT,\nJOHOR', '07-4328155', '07-4346279', 'gmbatupahat@giatmara.edu.my', '2006-01-15 00:00:00', '1', '15315', '1', '2013-09-25 00:00:00', '810415055199', '7');
INSERT INTO `ref_giatmara` VALUES ('144', '430', '1', 'KOTA TINGGI', 'Felda Air Tawar 2, 81920 Kota Tinggi', '07-8932602', '07-8932602', 'gmkotatinggi@giatmara.edu.my', '2006-01-15 00:00:00', '1', '16105', '1', '2013-09-25 00:00:00', '810415055199', '7');
INSERT INTO `ref_giatmara` VALUES ('145', '421', '1', 'TANJONG PIAI', 'Lot 2276, Mukim Jeram Batu, Pekan Nenas,81500 Pontian', '07-6994507', '07-6994509', 'gmtanjongpiai@giatmara.edu.my', '2006-01-15 00:00:00', '1', '15728', '1', '2013-09-25 00:00:00', '810415055199', '7');
INSERT INTO `ref_giatmara` VALUES ('146', '622', '1', 'SEGAMAT', 'GIATMARA Segamat,\nKompleks Penghulu Mukim Gemas,\n81500 Batu Anam,\nSegamat,Johor.', '07-9498079', '07-9498078', 'gmsegamat@giatmara.edu.my', '2006-01-15 00:00:00', '1', '15728', '1', '2013-09-25 00:00:00', '810415055199', '7');
INSERT INTO `ref_giatmara` VALUES ('147', '617', '1', 'PARIT SULONG', 'PTD 8507, JALAN SERINDIT, 83500 PARIT SULONG, BATU PAHAT, JOHOR', '07-4186679', '07-4186679', 'gmparitsulong@giatmara.edu.my', '2006-01-15 00:00:00', '1', '16947', '1', '2013-09-25 00:00:00', '810415055199', '7');
INSERT INTO `ref_giatmara` VALUES ('148', '445', '1', 'MERSING', 'Kompleks Penghulu, Mukim Mersing, Kampung pangkalan Batu, 86800 Mersing', '07-7995450', '07-7991704', 'gmmersing@giatmara.edu.my', '2006-01-15 00:00:00', '1', '34857', '1', '2013-09-25 00:00:00', '810415055199', '7');
INSERT INTO `ref_giatmara` VALUES ('149', '453', '1', 'LEDANG', 'Lot PTD 4570, Kaw. Perindustrian Tg. Agas, 84000 Muar', '06-9535004', '06-9535004 ', 'gmledang@giatmara.edu.my', '2006-01-15 00:00:00', '1', '17500', '1', '2013-09-27 00:00:00', '590806016363', '7');
INSERT INTO `ref_giatmara` VALUES ('150', '429', '1', 'PAGOH', 'Kompleks Penghulu Mukim, Jorak/ Pagoh,84600 Pagoh', '06-9747264/266', '06-9747264/266', 'gmpagoh@giatmara.edu.my', '2006-01-15 00:00:00', '1', '16373', '1', '2013-09-26 00:00:00', '780202106357', '7');
INSERT INTO `ref_giatmara` VALUES ('151', '626', '1', 'SRI GADING', 'No. 25A, Jalan Kencana 1A/1,\nTaman Pura Kencana,\n83300 Sri Gading,\nBatu Pahat,\nJohor', '07-4559742', '07-4559742', 'gmsrigading@giatmara.edu.my', '2006-01-15 00:00:00', '1', '15315', '1', '2014-06-17 00:00:00', '810415055199', '7');
INSERT INTO `ref_giatmara` VALUES ('152', '621', '1', 'GELANG PATAH', 'Kampung Tiram Duku, 81560 Gelang Patah', '07-5072515', '07-5071900', 'gmgelangpatah@giatmara.edu.my', '2006-01-15 00:00:00', '1', '15782', '1', '2013-09-25 00:00:00', '810415055199', '7');
INSERT INTO `ref_giatmara` VALUES ('153', '656', '1', 'LABIS', 'PTD 1907, Desa Temu Jodoh, 85400 Chaah, Johor', '07-9263164', '07-9263164', 'gmlabis@giatmara.edu.my', '2006-01-15 00:00:00', '1', '31066', '1', '2013-10-10 00:00:00', '691119015169', '7');
INSERT INTO `ref_giatmara` VALUES ('154', '627', '1', 'PONTIAN', 'Lot 8886, Mukim Ayer Baloi Sanglang, 82100 Pontian', '07-6901016', '07-6901016', 'gmpontian@giatmara.edu.my', '2006-01-15 00:00:00', '1', '15310', '1', '2013-09-25 00:00:00', '810415055199', '7');
INSERT INTO `ref_giatmara` VALUES ('155', '646', '1', 'TEBRAU', 'NO. 63-A, JALAN TEMBIKAI 7,\nTAMAN KOTA MASAI,\n81700 PASIR GUDANG,\nJOHOR.', '07-2514585', '07-2542585', 'gmtebrau@giatmara.edu.my', '2006-01-15 00:00:00', '1', '44541', '1', '2013-11-15 00:00:00', '810415055199', '7');
INSERT INTO `ref_giatmara` VALUES ('156', '688', '1', 'TENGGARA', 'Lot 5024, Jalan Dato\' Sri Amar, 81440 Bandar Tenggara, Johor', '07-8963121', '07-8963121', 'gmtenggara@giatmara.edu.my', '2006-01-15 00:00:00', '1', '15662', '1', '2013-09-25 00:00:00', '810415055199', '7');
INSERT INTO `ref_giatmara` VALUES ('157', '609', '1', 'JOHOR BAHRU', 'No 2, Jalan Mawar 46, Taman Mawar, 81700, Pasir Gudang, Johor ', '07-2518287', '07-2518287', 'gmjohorbahru@giatmara.edu.my', '2006-01-15 00:00:00', '1', '44541', '1', '2013-09-25 00:00:00', '810415055199', '7');
INSERT INTO `ref_giatmara` VALUES ('158', '615', '1', 'MUAR', 'No 2, Jalan Impian, Taman Sarang Buaya\n83600, Semerah, Muar\nJohor', '07-4163646', '07-4162946', 'gmmuar@giatmara.edu.my', '2006-01-15 00:00:00', '1', '17053', '1', '2013-09-25 00:00:00', '810415055199', '7');
INSERT INTO `ref_giatmara` VALUES ('159', '436', '1', 'MIRI', 'LOT 3610 - 3613, \nLORONG 8A, BLOK 6 KBLD,\nPERMY TECHNOLOGY PARK,\nJALAN TUDAN, \n98100 MIRI, \nSARAWAK.', '085-604227', '085-434227', 'gmmiri@giatmara.edu.my', '2006-01-15 00:00:00', '1', '37910', '1', '2016-03-21 00:00:00', '810415055199', '19');
INSERT INTO `ref_giatmara` VALUES ('160', '605', '1', 'BATANG SADONG', 'lot 202, Kampung Semera, 94600 Asajaya, Sarawak', '082-826564', '082-826194', 'gmbatangsadong@giatmara.edu.my', '2006-01-15 00:00:00', '1', '18007', '1', '2016-04-14 00:00:00', '821216135165', '19');
INSERT INTO `ref_giatmara` VALUES ('161', '603', '1', 'STAMPIN', 'GIATMARA STAMPIN\n1st Floor Lot 3230\nRock Commercial Centre\nJalan Rock 93200 Kuching\nSarawak.', '082-232127', '082-232117', 'gmstampin@giatmara.edu.my', '2006-01-15 00:00:00', '1', '24398', '1', '2013-09-27 00:00:00', '810415055199', '19');
INSERT INTO `ref_giatmara` VALUES ('162', '494', '1', 'LAWAS', 'No.1, Quarters Kerajaan, Daerah Kecil Sundar, 98800 Sundar Lawas', '085-264061', '085-264636', 'gmlawas@giatmara.edu.my', '2006-01-15 00:00:00', '1', '38202', '1', '2013-09-27 00:00:00', '810415055199', '19');
INSERT INTO `ref_giatmara` VALUES ('163', '493', '1', 'MUKAH', 'Jln. Pam Stesen Lama, Kg. Penakub Hilir, P.0. Box 196, 96400 Mukah', '084-872019', '084-871564', 'gmmukah@giatmara.edu.my', '2006-01-15 00:00:00', '1', '19122', '1', '2013-09-27 00:00:00', '810415055199', '19');
INSERT INTO `ref_giatmara` VALUES ('164', '642', '1', 'SERIAN', 'No.1, Jalan Tebakang Batu 2, Rumah Kakitangan JKR, Kampung Kakai, 94700 Serian', '082-895409', '082-895415', 'gmserian@giatmara.edu.my', '2006-01-15 00:00:00', '1', '17935', '1', '2014-03-05 00:00:00', '810415055199', '19');
INSERT INTO `ref_giatmara` VALUES ('165', '665', '1', 'SARATOK', 'Bangunan JKR Lama, Peti Surat 104, 95400 Saratok, Sarawak', '083-437085', '083-437084', 'gmsaratok@giatmara.edu.my', '2006-01-15 00:00:00', '1', '18504', '1', '2013-11-08 00:00:00', '731028135759', '19');
INSERT INTO `ref_giatmara` VALUES ('166', '674', '1', 'BETONG', 'BANGUNAN MAJLIS DAERAH LAMA, \n95700 BETONG. ', '083-472029', '083-472785', 'gmbetong@giatmara.edu.my', '2006-01-15 00:00:00', '1', '18523', '1', '2013-09-19 00:00:00', '840106125605', '19');
INSERT INTO `ref_giatmara` VALUES ('167', '495', '1', 'BINTULU', 'Medan Niaga Jepak, Bangunan SEDC, Peti Surat 2364, 97000 Bintulu, Sarawak', '086-201688', '086-201689', 'gmbintulu@giatmara.edu.my', '2006-01-15 00:00:00', '1', '37909', '1', '2013-09-27 00:00:00', '810415055199', '19');
INSERT INTO `ref_giatmara` VALUES ('168', '489', '1', 'KOTA SAMARAHAN', 'Lot 5423, 5424, 5425 & 5426,\nMuara Tuang Land District,\n94300 Kota Samarahan, \nSarawak', '082-750075', '082-662387', 'gmsamarahan@giatmara.edu.my', '2006-01-15 00:00:00', '1', '26190', '1', '2016-10-14 00:00:00', '810415055199', '19');
INSERT INTO `ref_giatmara` VALUES ('169', '664', '1', 'SANTUBONG', 'Kaw. Industri MARA (KIM), Lot 1191 & 1192, Blok 7, Demak Laut Industrial estate, Jalan Bako, 93050 Kuching', '082-433048', '082-433497', 'gmsantubong@giatmara.edu.my', '2006-01-15 00:00:00', '1', '23087', '1', '2013-09-19 00:00:00', '840106125605', '19');
INSERT INTO `ref_giatmara` VALUES ('170', '643', '1', 'SIBU', 'Lot 343, Batu 6 /1/2, Jalan Ulu Oya, Peti Surat 384, 96000 Sibu', '084-319454', '084-316454', 'gmsibu@giatmara.edu.my', '2006-01-15 00:00:00', '1', '18585', '1', '2013-09-27 00:00:00', '810415055199', '19');
INSERT INTO `ref_giatmara` VALUES ('171', '666', '1', 'SARIKEI', 'Sublot No. 1 & 2 (G Flr and 2nd Flr), Off Jalan Rentap, Tiang Soon Height, P.O.Box 80, 96100 Sarikei, Sarawak.', '084654268', '084654272', 'gmsarikei@giatmara.edu.my', '2006-01-15 00:00:00', '1', '18621', '1', '2014-06-10 00:00:00', '810415055199', '19');
INSERT INTO `ref_giatmara` VALUES ('172', '496', '1', 'TANJUNG MANIS', 'Bangunan Kedai MARA Kg. Belawai, 96150 Belawai', '084-815484', '084-815472', 'gmtanjungmanis@giatmara.edu.my', '2006-01-15 00:00:00', '1', '18624', '1', '2013-09-19 00:00:00', '840106125605', '19');
INSERT INTO `ref_giatmara` VALUES ('173', '658', '1', 'MAS GADING', 'Lot 646, Jalan Bahagia Jaya, 94500 Lundu', '082-734568', '082-734566', 'gmmasgading@giatmara.edu.my', '2006-01-15 00:00:00', '1', '17890', '1', '2013-09-19 00:00:00', '840106125605', '19');
INSERT INTO `ref_giatmara` VALUES ('174', '676', '1', 'BARAM', 'No. 365A & 366B,\nJalan Wawasan Marudi,\n98050 Baram, \nSarawak.', '085-756457', '085-755230', 'gmbaram@giatmara.edu.my', '2006-01-15 00:00:00', '1', '38043', '1', '2016-08-29 00:00:00', '810415055199', '19');
INSERT INTO `ref_giatmara` VALUES ('175', '619', '1', 'PETRA JAYA', 'Lot 2874 & 2875, Lorong B1, Tingkat 1, Rpr Fasa 2, Jalan Astana, Petra Jaya, \n93050 Kuching, Sarawak.', '082-312413', '082-441926', 'gmpetrajaya@giatmara.edu.my', '2006-01-15 00:00:00', '1', '23090', '1', '2013-09-19 00:00:00', '840106125605', '19');
INSERT INTO `ref_giatmara` VALUES ('176', '657', '1', 'LUBOK ANTU', 'GIATMARA LUBOK ANTU\nLOT 146, BLOK 9\nBUKIT BESAI LAND DISTRICT\n95900 LUBOK ANTU\nSARAWAK', '083-584033', '083-584055', 'gmlubokantu@giatmara.edu.my', '2006-01-15 00:00:00', '1', '18540', '1', '2014-12-10 00:00:00', '821216135165', '19');
INSERT INTO `ref_giatmara` VALUES ('177', '648', '1', 'BATANG LUPAR', 'Kampung Baru, Jalan Sungai Rama, 94850 Sebuyau', '083-468863', '083-467958', 'gmbatanglupar@giatmara.edu.my', '2006-01-15 00:00:00', '1', '18008', '1', '2013-09-19 00:00:00', '840106125605', '19');
INSERT INTO `ref_giatmara` VALUES ('178', '498', '1', 'SRI AMAN', 'SUBLOT NO 13\nBLOK 2\nSIMANGGANG TOWN DISTRICT\n95000 SRI AMAN', '083-321179', '083-325889', 'gmsriaman@giatmara.edu.my', '2006-01-15 00:00:00', '1', '18439', '1', '2013-12-16 00:00:00', '840106125605', '19');
INSERT INTO `ref_giatmara` VALUES ('179', '683', '1', 'JULAU', 'Rumah Kedai, No. 18, Pekan Julau, 96600 Julau, Sarawak.', '084-734789', '084-734787', 'gmjulau@giatmara.edu.my', '2006-01-15 00:00:00', '0', '19164', '1', '2013-09-27 00:00:00', '810415055199', '19');
INSERT INTO `ref_giatmara` VALUES ('180', '651', '1', 'KAPIT', 'No. 11, Jalan Beleteh, 96807 Kapit', '084-797501', '084-798529', 'gmkapit@giatmara.edu.my', '2006-01-15 00:00:00', '1', '19177', '1', '2013-09-27 00:00:00', '810415055199', '19');
INSERT INTO `ref_giatmara` VALUES ('181', '478', '1', 'KUDAT', 'Peti Surat 396,\n89058 Kudat, Sabah.', '088-612489', '088-612489', 'gmkudat@giatmara.edu.my', '2006-01-15 00:00:00', '1', '22043', '1', '2013-08-31 00:00:00', '810415055199', '18');
INSERT INTO `ref_giatmara` VALUES ('182', '470', '1', 'KOTA BELUD', 'W.D.T. 151\nJalan Pusat GIATMARA\n89159 Kota Belud', '088-975006', '088-977610', 'gmkotabelud@giatmara.edu.my', '2006-01-15 00:00:00', '1', '22056', '1', '2013-08-29 00:00:00', '780917125973', '18');
INSERT INTO `ref_giatmara` VALUES ('183', '437', '1', 'KOTA KINABALU', 'LOT 3 & 4, L.I.B KOLOMBONG,\nOFF JALAN LINTAS, JALAN LIMAU MANIS,\nPETI SURAT 16261,\n88869 KOTA KINABALU, SABAH.', '088-381153', '088-381154', 'gmkotakinabalu@giatmara.edu.my', '2006-01-15 00:00:00', '1', '21926', '1', '2013-11-14 00:00:00', '810415055199', '18');
INSERT INTO `ref_giatmara` VALUES ('184', '602', '1', 'KOTA MARUDU', 'Peti Surat 252, 89108 Kota Marudu', '088-661120', '088-661120', 'gmkotamarudu@giatmara.edu.my', '2006-01-15 00:00:00', '1', '22049', '1', '2013-08-31 00:00:00', '810415055199', '18');
INSERT INTO `ref_giatmara` VALUES ('185', '473', '1', 'KENINGAU', 'Peti Surat 692, 89008 Keningau, Sabah', '087-331901', '087-332094', 'gmkeningau@giatmara.edu.my', '2006-01-15 00:00:00', '1', '22031', '1', '2013-08-31 00:00:00', '810415055199', '18');
INSERT INTO `ref_giatmara` VALUES ('186', '625', '1', 'SILAM', 'Lot 10 & Lot 11 Bangunan Adika Commercial\nKm5,Jalan Tengah Nipah,\nPeti Surat 62289,\n91128  Lahad  Datu\nSabah', '089-884675', '089-884673', 'gmsilam@giatmara.edu.my', '2006-01-15 00:00:00', '1', '22629', '1', '2013-08-31 00:00:00', '810415055199', '18');
INSERT INTO `ref_giatmara` VALUES ('187', '632', '1', 'TAWAU', 'GIATMARA TAWAU\nTAMAN MEGAH JAYA\nBATU 4, JALAN APAS\nPETI SURAT 61260, 91022\nTAWAU SABAH.', '089-750507', '089-757013', 'gmtawau@giatmara.edu.my', '2006-01-15 00:00:00', '1', '22600', '1', '2013-08-29 00:00:00', '681127125131', '18');
INSERT INTO `ref_giatmara` VALUES ('188', '663', '1', 'SANDAKAN', 'No. 032, KM 2.2, Jalan Utara,\n90000 Sandakan\nSabah', '089-222416', '089-224160', 'gmsandakan@giatmara.edu.my', '2006-01-15 00:00:00', '1', '22580', '1', '2013-08-31 00:00:00', '810415055199', '18');
INSERT INTO `ref_giatmara` VALUES ('189', '637', '1', 'W. PERSEKUTUAN LABUAN', 'BKM 0843, Simpang Pinang\nKg. Sg. Bedaun, Peti Surat 81580\n87019 W. P. Labuan', '087-468575', '087-466575', 'gmlabuan@giatmara.edu.my', '2006-01-15 00:00:00', '1', '38285', '1', '2016-09-30 00:00:00', '810415055199', '18');
INSERT INTO `ref_giatmara` VALUES ('190', '631', '1', 'LIMBAWANG', 'Peti Surat 484, 89800 Beaufort', '087-211676', '087-225008', 'gmlimbawang@giatmara.edu.my', '2006-01-15 00:00:00', '1', '22543', '1', '2013-08-31 00:00:00', '810415055199', '18');
INSERT INTO `ref_giatmara` VALUES ('191', '673', '1', 'SEMPORNA', 'GIATMARA Semporna, Peti Surat 474, 91308 Semporna, Sabah.', '089-784090', '089-782654', 'gmsemporna@giatmara.edu.my', '2006-01-15 00:00:00', '1', '22615', '1', '2013-08-29 00:00:00', '810415055199', '18');
INSERT INTO `ref_giatmara` VALUES ('192', '694', '1', 'KINABATANGAN', 'GIATMARA Kinabatangan, W.D.T. 239\n90200 Kota Kinabatangan, Sabah', '089-561986', '089-562730', 'gmkinabatangan@giatmara.edu.my', '2006-01-15 00:00:00', '1', '22589', '1', '2013-08-31 00:00:00', '810415055199', '18');
INSERT INTO `ref_giatmara` VALUES ('193', '693', '1', 'RANAU', 'Kilometer 02, Jalan Sandakan, Beg Berkunci No. 5, 89309 Ranau Sabah ', '088-875072', '088-877423', 'gmranau@giatmara.edu.my', '2006-01-15 00:00:00', '1', '22511', '1', '2013-08-31 00:00:00', '810415055199', '18');
INSERT INTO `ref_giatmara` VALUES ('194', '672', '1', 'TUARAN', 'GIATMARA TUARAN,\nJALAN SERUSUP, KG. TAJAU, \nPETI SURAT 487, \n89208 TUARAN, SABAH.', '088-794870', '088-794871', 'gmtuaran@giatmara.edu.my', '2006-01-15 00:00:00', '1', '22491', '1', '2013-08-31 00:00:00', '810415055199', '18');
INSERT INTO `ref_giatmara` VALUES ('195', '660', '1', 'TENOM', 'Pusat Kebudayaan Murut, Wdt. 36, 89909 Tenom', '087-303790', '087-302425', 'gmtenom@giatmara.edu.my', '2006-01-15 00:00:00', '1', '22563', '1', '2013-08-29 00:00:00', '790402125383', '18');
INSERT INTO `ref_giatmara` VALUES ('196', '677', '1', 'GAYA', 'Peti Surat No. A 424, 89357 Inanam', '088-438601', '088-438601', 'gmgaya@giatmara.edu.my', '2006-01-15 00:00:00', '1', '21442', '1', '2013-08-31 00:00:00', '810415055199', '18');
INSERT INTO `ref_giatmara` VALUES ('197', '459', '1', 'LIBARAN', 'GIATMARA Libaran\nLot 1, Ka Shing Industrial Centre\n(Detached Unit ), Batu 7 Jalan Labuk\n90000 Sandakan\nSabah', '089-671607/671', '089-671607', 'gmlibaran@giatmara.edu.my', '2006-01-15 00:00:00', '1', '22593', '1', '2013-08-31 00:00:00', '810415055199', '18');
INSERT INTO `ref_giatmara` VALUES ('198', '640', '1', 'PENAMPANG', 'PETI SURAT 38, 88858 TANJUNG ARU, KOTA KINABALU, SABAH.', '088-716994', '088-716995', 'gmpenampang@giatmara.edu.my', '2006-01-15 00:00:00', '1', '22512', '1', '2014-07-10 00:00:00', '810415055199', '18');
INSERT INTO `ref_giatmara` VALUES ('199', '661', '1', 'BEAUFORT', 'W.D.T, No 23, 89740 Kuala Penyu', '087-208472', '087-914532', 'gmbeaufort@giatmara.edu.my', '2006-01-15 00:00:00', '1', '22543', '1', '2016-12-15 00:00:00', '810415055199', '18');
INSERT INTO `ref_giatmara` VALUES ('200', '668', '1', 'BELURAN', 'Peti Surat 429, 90107 Beluran, Sabah.', '089-513141', '089-513151', 'gmbeluran@giatmara.edu.my', '2006-01-15 00:00:00', '1', '22599', '1', '2013-08-29 00:00:00', '790811125819', '18');
INSERT INTO `ref_giatmara` VALUES ('201', '635', '1', 'PAPAR', 'Peti Surat 495, 89607 Papar', '088-914707', '088-914532', 'gmpapar@giatmara.edu.my', '2006-01-15 00:00:00', '1', '22529', '1', '2013-08-31 00:00:00', '810415055199', '18');
INSERT INTO `ref_giatmara` VALUES ('202', '630', '1', 'KIMANIS', 'peti surat 210\n89727 Membakut,\nSabah', '087-889327', '087-886340', 'gmkimanis@giatmara.edu.my', '2006-01-15 00:00:00', '1', '17820', '1', '2013-08-31 00:00:00', '810415055199', '18');
INSERT INTO `ref_giatmara` VALUES ('221', '644', '1', 'BUKIT BENDERA', 'No. 2-G & 2-1 Jalan Lembah Permai,\n11200 Tanjung Bungah,\nPulau Pinang', '04-8991700', '04-8992700', 'gmbukitbendera@giatmara.edu.my', '2006-02-03 00:00:00', '1', '44717', '1', '2013-09-05 00:00:00', '760608075767', '14');
INSERT INTO `ref_giatmara` VALUES ('222', '696', '1', 'JELUTONG', 'NO.84-G LINTANG SUNGAI PINANG,\r\n\nSKYLINE CITY,\r\n\n10150 GEORGETOWN,\r\n\nPULAU PINANG', '042822700', '042821244', 'gmjelutong@giatmara.edu.my', '2006-02-03 00:00:00', '1', '45025', '1', '2015-09-11 00:00:00', '810415055199', '14');
INSERT INTO `ref_giatmara` VALUES ('223', '572', '1', 'BUKIT GELUGOR', 'No 363R Jalan Sultan Azlan Shah\n11700 Gelugor\nPulau Pinang', '04-6585815', '04-6579700', 'gmbukitgelugor@giatmara.edu.my', '2006-02-03 00:00:00', '1', '44920', '1', '2016-06-29 00:00:00', '810415055199', '14');
INSERT INTO `ref_giatmara` VALUES ('224', '586', '1', 'KUALA KRAU', 'Kampung Desa Murni Kerdau, \n28010 Temerloh,\nPahang Darul Makmur.', '09-2846442', '09-2846442', 'gmkualakrau@giatmara.edu.my', '2006-02-03 00:00:00', '1', '45272', '1', '2013-09-26 00:00:00', '810415055199', '13');
INSERT INTO `ref_giatmara` VALUES ('225', '570', '1', 'KETEREH', 'Lot 236, Kuarters KADA Ketereh, 16450, Ketereh,\nKota Bharu,\nKelantan.', '09-7880211', '09-7880212', 'gmketereh@giatmara.edu.my', '2006-02-03 00:00:00', '1', '45397', '1', '2013-09-26 00:00:00', '810415055199', '16');
INSERT INTO `ref_giatmara` VALUES ('227', '584', '1', 'SELANGAU', 'Sublot 597-599, \r\n\nPasar Baru Selangau, \r\n\nPeti Surat 584, \r\n\n96000 Sibu', '084-891148', '084-891168', 'gmselangau@giatmara.edu.my', '2006-02-03 00:00:00', '1', '18546', '1', '2015-07-13 00:00:00', '810415055199', '19');
INSERT INTO `ref_giatmara` VALUES ('228', '579', '1', 'MAMBONG', 'SUBLOT 2 & 3 EASTERN COMMERCIAL CENTRE, BATU 17\nJALAN KUCHING-SERIAN 94200 KUCHING, SARAWAK', '082-862077', '082-863055', 'gmmambong@giatmara.edu.my', '2006-02-03 00:00:00', '1', '26768', '1', '2013-09-19 00:00:00', '840106125605', '19');
INSERT INTO `ref_giatmara` VALUES ('230', '577', '1', 'SEPANGGAR', 'Lot 12 & 13, Taman Fulliwa, Fasa 1, Mile 11, Jalan Tuaran, Pos Mini Indah Permai, Peti Surat 272, 88450 Kota Kinabalu', '088-473551', '088-473550', 'gmsepanggar@giatmara.edu.my', '2006-02-03 00:00:00', '1', '21913', '1', '2013-08-31 00:00:00', '810415055199', '18');
INSERT INTO `ref_giatmara` VALUES ('231', '576', '1', 'BATU SAPI', 'Lot 1 & 2, Blok Y, KM 1.5\nJalan Leila, Bandar Ramai - Ramai\n90000 Sandakan, Sabah', '089 - 227 508', '089 - 227 520', 'gmbatusapi@giatmara.edu.my', '2006-02-03 00:00:00', '1', '22571', '1', '2014-03-11 00:00:00', '780927125459', '18');
INSERT INTO `ref_giatmara` VALUES ('232', '574', '1', 'KELANA JAYA', 'No.12, Jalan Pekaka 8/4, Seksyen 8, Kota Damansara, 47810 Petaling Jaya, Selangor', '03-61416016', '03-78054258', 'gmkelanajaya@giatmara.edu.my', '2006-02-03 00:00:00', '1', '9257', '1', '2013-09-27 00:00:00', '810415055199', '10');
INSERT INTO `ref_giatmara` VALUES ('233', '697', '1', 'LEMBAH PANTAI', 'No. 15-1, Tingkat 1, Jalan Pantai Murni, Pantai Dalam, 52900 K.Lumpur', '0322420034', '0322420034', 'gmlembahpantai@giatmara.edu.my', '2006-02-03 00:00:00', '1', '37981', '1', '2014-04-08 00:00:00', '810415055199', '20');
INSERT INTO `ref_giatmara` VALUES ('234', '571', '1', 'REMBAU', 'No.2 Tingkat 1, Taman Gadong, 71350 Kota, Negeri Sembilan.', '06-4382024', '06-4382033', 'gmrembau@giatmara.edu.my', '2006-02-03 00:00:00', '1', '45491', '1', '2013-07-09 00:00:00', '810415055199', '9');
INSERT INTO `ref_giatmara` VALUES ('235', '636', '1', 'PENGERANG', 'Dewan Majlis Belia Felda, Wilayah Johor Selatan, Felda Sening,       81900 Kota Tinggi', '07-8276227', '07-8276227', 'gmpengerang@giatmara.edu.my', '2006-02-03 00:00:00', '1', '15906', '1', '2013-09-25 00:00:00', '810415055199', '7');
INSERT INTO `ref_giatmara` VALUES ('236', '699', '1', 'SEKIJANG', 'No. 45, Jalan Putra 1/2, Bandar Putra, 85000 Segamat', '07-9435232', '07-9436232', 'gmsekijang@giatmara.edu.my', '2006-02-03 00:00:00', '1', '29725', '1', '2013-09-25 00:00:00', '810415055199', '7');
INSERT INTO `ref_giatmara` VALUES ('237', '698', '1', 'AYER HITAM', 'No. 32 Jalan 1/3 Bandar Baru Ayer Hitam 1, 86100 Ayer Hitam', '07-7582610', '07-7582598', 'gmayerhitam@giatmara.edu.my', '2006-02-03 00:00:00', '1', '32908', '1', '2013-09-25 00:00:00', '810415055199', '7');
INSERT INTO `ref_giatmara` VALUES ('238', '695', '1', 'SIMPANG RENGGAM', 'No. 8, Jalan Cemara, 86200 Simpang Renggam', '07-7558343', '07-7558242', 'gmsimpangrenggam@giatmara.edu.my', '2006-02-03 00:00:00', '1', '33017', '1', '2013-09-25 00:00:00', '810415055199', '7');
INSERT INTO `ref_giatmara` VALUES ('239', '581', '1', 'SETIAWANGSA', 'NO. 18, JALAN WANGSA DELIMA 11, D\'WANGSA, WANGSA MAJU, 53300 KUALA LUMPUR, WILAYAH PERSEKUTUAN KUALA LUMPUR', '03-41442134', '03-41442068', 'gmsetiawangsa@giatmara.edu.my', '2006-02-03 00:00:00', '1', '12464', '1', '2013-11-07 00:00:00', '810831025116', '20');
INSERT INTO `ref_giatmara` VALUES ('241', '580', '1', 'BANDAR TUN RAZAK', 'Jalan Budiman,\nKomersial Komuniti Bandar Tun Razak\n56000 Kuala Lumpur', '03-91718273', '03-00', 'gmbandartunrazak@giatmara.edu.my', '2008-12-15 13:30:00', '1', '9757', '1', '2013-07-09 00:00:00', '810415055199', '20');
INSERT INTO `ref_giatmara` VALUES ('242', '582', '1', 'PUTRAJAYA', 'No 34, 34A, 34B, Jalan Diplomatik, Precint 15, 62606 Putrajaya', '03-88903545', '03-88903455', 'gmputrajaya@giatmara.edu.my', '2008-12-15 13:34:25', '1', '38264', '1', '2013-07-09 00:00:00', '810415055199', '20');
INSERT INTO `ref_giatmara` VALUES ('261', '691', '1', 'SERDANG', 'No. 36, Jalan PSK 4,\nPusat Perdagangan Seri Kembangan,\n43300 Seri Kembangan,\nSelangor', '03-89419384', '03-89419858', 'gmserdang@giatmara.edu.my', '2008-12-26 16:08:36', '1', '3885', '1', '2013-09-27 00:00:00', '810415055199', '10');
INSERT INTO `ref_giatmara` VALUES ('262', '575', '1', 'KOTA RAJA', 'NO. 41, JALAN KOTA RAJA L27/L\nHICOM TOWN CENTRE\nSEKSYEN 27,\n40400 SHAH ALAM\nSELANGOR', '03-51034223', '03-51034225', 'gmkotaraja@giatmara.edu.my', '2008-12-26 16:28:04', '1', '2643', '1', '2013-08-22 00:00:00', '810831025116', '10');
INSERT INTO `ref_giatmara` VALUES ('263', '573', '1', 'PANDAN', 'Lot 3G, Jalan Perubatan 4\nPandan Indah\n55100 Kuala Lumpur', '03-42950061', '03-42950048 ', 'gmpandan@giatmara.edu.my', '2008-12-26 16:28:04', '1', '11750', '1', '2013-09-27 00:00:00', '810415055199', '10');
INSERT INTO `ref_giatmara` VALUES ('270', '597', '1', 'PULAI', 'NO.23 & 23-01\nJALAN BAIDURI 1/1\nTAMAN BAIDURI\n81200', '07-2411426', '-', 'gmpulai@giatmara.edu.my', '2009-11-19 11:39:07', '1', '44512', '1', '2016-07-12 00:00:00', '810415055199', '7');
INSERT INTO `ref_giatmara` VALUES ('271', '684', '1', 'PASIR GUDANG', 'JALAN PERMAS SELATAN,\nBANDAR BARU PERMAS JAYA,\n81750 MASAI, JOHOR', '07-3889848', '07-3889849', 'gmpasirgudang@giatmara.edu.my', '2011-01-07 21:34:20', '1', '44512', '1', '2013-09-25 00:00:00', '810415055199', '7');
INSERT INTO `ref_giatmara` VALUES ('272', '591', '1', 'BATU', 'GIATMARA BATU\nBANGUNAN YAYASAN PENDIDIKAN BATU\nJALAN 46/10, TAMAN BATU MUDA,\n68100 BATU CAVES\nKUALA LUMPUR', '03-61851807', '03-61852596', 'gmbatu@giatmara.edu.my', '2013-05-29 15:03:00', '1', '9757', '1', '2013-07-09 00:00:00', '810415055199', '20');
INSERT INTO `ref_giatmara` VALUES ('273', '592', '1', 'WANGSA MAJU', 'GIATMARA WANGSA MAJU\nNO.20, 20-1, 20-2, PLAZA USAHAWAN GENTING KLANG,\nJALAN DANAU NIAGA 1, TAMAN DANAU KOTA,\n53300 KUALA LUMPUR', '03- 4131 9339', '', 'gmwangsamaju@giatmara.edu.my', '2013-05-29 15:08:00', '1', '9757', '1', '2013-07-09 00:00:00', '810415055199', '20');
INSERT INTO `ref_giatmara` VALUES ('274', '587', '1', 'BATU KAWAN', 'GIATMARA BATU KAWAN\nNO. 2 & 4,\nJALAN BESAR SIMPANG AMPAT,\nTAMAN MERAK,14100,\nSIMPANG AMPAT,\nPULAU PINANG.', '04-5882451', '04-5883751', 'gmbatukawan@giatmara.edu.my', '2013-06-12 10:22:54', '1', '18898', '1', '2013-09-26 00:00:00', '810415055199', '14');
INSERT INTO `ref_giatmara` VALUES ('275', '423', '1', 'MARAN', 'GIATMARA Maran\nBandar Baru Chenor\n28100 Chenor\nPahang darul Makmur', '092995012', '092995013', 'gmmaran@giatmara.edu.my', '2013-06-12 10:35:04', '1', '35993', '1', '2013-12-20 00:00:00', '810415055199', '13');
INSERT INTO `ref_giatmara` VALUES ('276', '594', '1', 'KUANTAN', 'LOT A-5, KILANG IKS, \nKAWASAN PERUSAHAAN PPD, \nKG SOI,JALAN PANTAI SEPAT, \n25150 KUANTAN, \nPAHANG\n ', '09-5342102', '09-5341450', 'gmkuantan@giatmara.edu.my', '2013-06-12 15:55:31', '1', '33399', '1', '2013-09-26 00:00:00', '810415055199', '13');
INSERT INTO `ref_giatmara` VALUES ('277', '422', '1', 'BAKRI', 'BANGUNAN DATO\' SAIPOLBAHARI\nPOS 160,PARIT TENGAH C,\nBATU 18, AIR HITAM,\n84060 MUAR,\nJOHOR', '07-4213600', '07-4213700', 'gmbakri@giatmara.edu.my', '2013-06-12 22:19:54', '1', '17079', '1', '2013-09-25 00:00:00', '810415055199', '7');
INSERT INTO `ref_giatmara` VALUES ('278', '593', '1', 'SEMBRONG', 'JALAN TIONG FELDA KAHANG TIMUR \n86000 KLUANG \nJOHOR', '07-7866555', '07-7866554', 'gmsembrong@giatmara.edu.my', '2013-06-12 22:22:50', '1', '31091', '1', '2013-09-25 00:00:00', '810415055199', '7');
INSERT INTO `ref_giatmara` VALUES ('279', '598', '1', 'KUBANG KERIAN', 'LOT 2399 KG PADANG BONGOR, \nKUBANG KERIAN, \n16150 KOTA BHARU, \nKELANTAN', '09-7666871', '09-7666872', 'gmkubangkerian@giatmara.edu.my', '2013-06-13 09:34:04', '1', '32493', '1', '2016-03-29 00:00:00', '710426115355', '16');
INSERT INTO `ref_giatmara` VALUES ('281', '588', '1', 'TAPAH', 'Lot 360 Bandar Temoh, \nDaerah Batang Padang, \n35350 Temoh\nPerak', '05-4190049', '05-4190049', 'gmtapah@giatmara.edu.my', '2013-06-13 11:59:33', '1', '22758', '1', '2013-08-23 00:00:00', '680923085471', '11');
INSERT INTO `ref_giatmara` VALUES ('282', '547', '1', 'PENSIANGAN', 'GIATMARA PENSIANGAN, \nD/A GIATMARA KENINGAU, \nPETI SURAT 692, \n89008 KENINGAU, \nSABAH', '087-366718', '087-366716', 'gmpensiangan@giatmara.edu.my', '2013-06-13 14:11:53', '1', '22023', '1', '2013-08-29 00:00:00', '810415055199', '18');
INSERT INTO `ref_giatmara` VALUES ('283', '548', '1', 'PUTATAN', 'GIATMARA PUTATAN, \nBALAIRAYA KG. LINSUK, \nTAMAN BERSATU, \nP.O.BOX 726, \n88858 TANJUNG ARU,\nKOTA KINABALU \nSABAH', '088-761805', '088-760029', 'gmputatan@giatmara.edu.my', '2013-06-13 14:14:24', '1', '17820', '1', '2013-08-31 00:00:00', '810415055199', '18');
INSERT INTO `ref_giatmara` VALUES ('284', '549', '1', 'SIPITANG', 'Bangunan Arked MARA, \nDB1/3, (SE03-04), \n89859 Sipitang, \nSabah ', '087-821 445', '', 'gmsipitang@giatmara.edu.my', '2013-06-13 14:16:37', '1', '22555', '1', '2013-08-31 00:00:00', '810415055199', '18');
INSERT INTO `ref_giatmara` VALUES ('285', '595', '1', 'BANDAR KUCHING', 'GIATMARA BANDAR KUCHING, \nBANGUNAN WISMA HARAPAN,\nJALAN BUDAYA, \n93000 KUCHING, \nSARAWAK', '082-370060', '', 'gmbandarkuching@giatmara.edu.my', '2013-06-13 14:42:45', '1', '17860', '1', '2013-09-19 00:00:00', '840106125605', '19');
INSERT INTO `ref_giatmara` VALUES ('286', '616', '1', 'HULU REJANG', 'KUARTERS KERAJAAN KELAS G, \nJALAN DIAN DING, \n96900 BELAGA, \nSARAWAK', '086461023', '086461022', 'gmhulurejang@giatmara.edu.my', '2013-06-13 14:49:00', '1', '19187', '1', '2013-09-27 00:00:00', '810415055199', '19');
INSERT INTO `ref_giatmara` VALUES ('287', '596', '1', 'IGAN', 'LOT 127 DARO NEW TOWNSHIP \n96200 DARO \nSARAWAK', '084823146', '084823146', 'gmigan@giatmara.edu.my', '2013-06-13 14:51:14', '1', '18633', '1', '2014-01-06 00:00:00', '810415055199', '19');
INSERT INTO `ref_giatmara` VALUES ('288', '578', '1', 'KANOWIT', 'GIATMARA Kanowit Log 599, \nTaman Muhibah Indah \n96700 Kanowit \nSarawak', '084-752100', '084-752107', 'gmkanowit@giatmara.edu.my', '2013-06-13 14:54:42', '1', '19168', '1', '2013-09-27 00:00:00', '810415055199', '19');
INSERT INTO `ref_giatmara` VALUES ('289', '692', '1', 'LANANG', 'GIATMARA LANANG, \nKEDAI SIBU JAYA, LOT 1196, \nSUBLOT 35, 37, 38, 41 & 42, \nSIBU JAYA, COMMERCIAL CENTER, \n96000 SIBU, \nSARAWAK', '084-228451', '', 'gmlanang@giatmara.edu.my', '2013-06-13 15:02:12', '1', '18546', '1', '2013-09-27 00:00:00', '810415055199', '19');
INSERT INTO `ref_giatmara` VALUES ('290', '545', '1', 'LIMBANG', 'GIATMARA Limbang \nPejabat Residen Lama Jalan Buangsiol, \n98700 Limbang, \nSarawak', '085211300', '085211308', 'gmlimbang@giatmara.edu.my', '2013-06-13 15:03:45', '1', '38073', '1', '2013-09-27 00:00:00', '810415055199', '19');
INSERT INTO `ref_giatmara` VALUES ('291', '546', '1', 'SIBUTI', 'GIATMARA SIBUTI NO.205, \nJALAN BEKENU ASLI, \nBEKENU BAZAAR, BEKENU TOWN DISTRICT, 98150 BEKENU, SIBUTI, \nSARAWAK', '085-719032', '085-719029', 'gmsibuti@giatmara.edu.my', '2013-06-13 15:10:05', '1', '37910', '1', '2013-09-27 00:00:00', '810415055199', '19');
INSERT INTO `ref_giatmara` VALUES ('295', '589', '1', 'KLANG', 'No. 50 & 52, Jalan Damar/KS9, Glenmarie Cove, 42000 Port Klang, Selangor Darul Ehsan.', '03-31651740', '03-31650376', 'gmklang@giatmara.edu.my', '2013-07-29 14:49:38', '1', '1893', '1', null, null, '10');
INSERT INTO `ref_giatmara` VALUES ('297', '440', '1', 'SUBANG', 'Lot 3107, Jalan Tempayan Emas 1, Kg. Paya Jaras Dalam, 47000 Sungai Buluh', '03-61518499', '03-61518499', 'gmsubang@giatmara.edu.my', '2013-07-29 14:51:55', '1', '8907', '1', '2014-01-08 00:00:00', '740622025979', '10');
INSERT INTO `ref_giatmara` VALUES ('298', '590', '1', 'KUALA SELANGOR', 'No. 9 & 9A, Taman Muara Esbee\n45800 Jeram\nSelangor Darul Ehsan.', '0332640520', '0332640328', 'gmkualaselangor@giatmara.edu.my', '2013-09-11 09:25:36', '1', '4792', '1', '2014-01-08 00:00:00', '700121106192', '10');

-- ----------------------------
-- Table structure for ref_gred
-- ----------------------------
DROP TABLE IF EXISTS `ref_gred`;
CREATE TABLE `ref_gred` (
  `id` int(11) NOT NULL AUTO_INCREMENT,
  `nama_gred` varchar(5) COLLATE utf8mb4_unicode_ci NOT NULL,
  PRIMARY KEY (`id`)
) ENGINE=InnoDB AUTO_INCREMENT=3 DEFAULT CHARSET=utf8mb4 COLLATE=utf8mb4_unicode_ci;

-- ----------------------------
-- Records of ref_gred
-- ----------------------------
INSERT INTO `ref_gred` VALUES ('1', 'GE48');

-- ----------------------------
-- Table structure for ref_hubungan
-- ----------------------------
DROP TABLE IF EXISTS `ref_hubungan`;
CREATE TABLE `ref_hubungan` (
  `id` int(10) NOT NULL AUTO_INCREMENT,
  `hubungan` varchar(250) COLLATE utf8mb4_unicode_ci NOT NULL,
  PRIMARY KEY (`id`)
) ENGINE=InnoDB AUTO_INCREMENT=8 DEFAULT CHARSET=utf8mb4 COLLATE=utf8mb4_unicode_ci;

-- ----------------------------
-- Records of ref_hubungan
-- ----------------------------
INSERT INTO `ref_hubungan` VALUES ('1', 'Ibu');
INSERT INTO `ref_hubungan` VALUES ('2', 'Bapa');
INSERT INTO `ref_hubungan` VALUES ('3', 'Isteri');
INSERT INTO `ref_hubungan` VALUES ('4', 'Suami');
INSERT INTO `ref_hubungan` VALUES ('5', 'Penjaga');
INSERT INTO `ref_hubungan` VALUES ('6', 'Saudara');
INSERT INTO `ref_hubungan` VALUES ('7', 'Penaja');

-- ----------------------------
-- Table structure for ref_intake
-- ----------------------------
DROP TABLE IF EXISTS `ref_intake`;
CREATE TABLE `ref_intake` (
  `id` int(10) NOT NULL AUTO_INCREMENT,
  `kod_intake` varchar(20) COLLATE utf8mb4_unicode_ci NOT NULL,
  `nama_intake` varchar(100) COLLATE utf8mb4_unicode_ci NOT NULL,
  `tarikh_mula` date NOT NULL,
  `tarikh_tamat` date NOT NULL,
  `kod_intake_pelaporan` varchar(100) COLLATE utf8mb4_unicode_ci DEFAULT NULL,
  `tarikh_mula_permohonan` date DEFAULT NULL,
  `tarikh_tamat_permohonan` date DEFAULT NULL,
  `tarikh_diwujudkan` datetime DEFAULT NULL,
  `diwujudkan_oleh` int(10) DEFAULT NULL,
  PRIMARY KEY (`id`)
) ENGINE=InnoDB AUTO_INCREMENT=6 DEFAULT CHARSET=utf8mb4 COLLATE=utf8mb4_unicode_ci;

-- ----------------------------
-- Records of ref_intake
-- ----------------------------
INSERT INTO `ref_intake` VALUES ('1', 'Jan18', 'Januari 2018', '2018-01-01', '2018-06-30', null, null, null, null, null);
INSERT INTO `ref_intake` VALUES ('2', 'Julai17', 'Julai 2017', '2017-07-01', '2017-12-31', null, null, null, null, null);
INSERT INTO `ref_intake` VALUES ('3', 'wqw', 'wqwq', '2017-10-11', '2017-10-23', 'wqw', '2017-10-19', '2017-10-09', null, '10');
INSERT INTO `ref_intake` VALUES ('4', 'Jul 2017', 'Julai 2017', '2017-07-01', '2017-12-31', 'Jul 2017', '2017-01-01', '2017-03-31', null, '10');
INSERT INTO `ref_intake` VALUES ('5', 'Jan 2017', 'Julai 2017 - 3 bulan', '2017-01-01', '2017-06-30', 'Jan 2017', '2016-07-01', '2016-09-30', null, '10');

-- ----------------------------
-- Table structure for ref_jabatan
-- ----------------------------
DROP TABLE IF EXISTS `ref_jabatan`;
CREATE TABLE `ref_jabatan` (
  `id` int(10) NOT NULL AUTO_INCREMENT,
  `nama_jabatan` varchar(250) COLLATE utf8mb4_unicode_ci NOT NULL,
  PRIMARY KEY (`id`)
) ENGINE=InnoDB AUTO_INCREMENT=55 DEFAULT CHARSET=utf8mb4 COLLATE=utf8mb4_unicode_ci;

-- ----------------------------
-- Records of ref_jabatan
-- ----------------------------
INSERT INTO `ref_jabatan` VALUES ('1', 'Bahagian Audit Dalam [AUD]');
INSERT INTO `ref_jabatan` VALUES ('2', 'Bahagian Kewangan [KEW]');
INSERT INTO `ref_jabatan` VALUES ('3', 'Bahagian Pembangunan Kurikulum [PKL]');
INSERT INTO `ref_jabatan` VALUES ('4', 'Bahagian Pengurusan Projek &amp; Senggaraan');
INSERT INTO `ref_jabatan` VALUES ('5', 'Bahagian Pembangunan Sistem Maklumat [PSM]');
INSERT INTO `ref_jabatan` VALUES ('6', 'Bahagian Pembangunan Sumber Manusia');
INSERT INTO `ref_jabatan` VALUES ('7', 'Bahagian Pembangunan Usahawan [BPU]');
INSERT INTO `ref_jabatan` VALUES ('8', 'Bahagian Pembangunan Pelatih &amp; Kerjaya');
INSERT INTO `ref_jabatan` VALUES ('9', 'Bahagian Dasar &amp; Perancangan Strategik');
INSERT INTO `ref_jabatan` VALUES ('10', 'Bahagian Perhubungan Korporat');
INSERT INTO `ref_jabatan` VALUES ('12', 'Pejabat GIATMARA Negeri');
INSERT INTO `ref_jabatan` VALUES ('13', 'Pejabat Ketua Pegawai Eksekutif');
INSERT INTO `ref_jabatan` VALUES ('14', 'Pusat GIATMARA');
INSERT INTO `ref_jabatan` VALUES ('15', 'Pusat Komuniti/Prima GIATMARA');
INSERT INTO `ref_jabatan` VALUES ('16', 'Sektor Pengurusan Sumber Manusia &amp; Hal Ehwal Pelat');
INSERT INTO `ref_jabatan` VALUES ('17', 'Sektor Pembangunan Latihan &amp; Keusahawanan [SPK]');
INSERT INTO `ref_jabatan` VALUES ('25', 'Bahagian Pembangunan Perniagaan [PPN]');
INSERT INTO `ref_jabatan` VALUES ('53', 'Sektor Kewangan &amp; Perolehan [SKP]');
INSERT INTO `ref_jabatan` VALUES ('54', 'Bahagian Aset &amp; Perolehan');

-- ----------------------------
-- Table structure for ref_jawatan
-- ----------------------------
DROP TABLE IF EXISTS `ref_jawatan`;
CREATE TABLE `ref_jawatan` (
  `id` int(2) NOT NULL DEFAULT '0',
  `nama_jawatan` varchar(250) DEFAULT NULL,
  `id_admin_groups` int(11) DEFAULT NULL COMMENT 'foreign key to table admin_groups',
  PRIMARY KEY (`id`)
) ENGINE=MyISAM DEFAULT CHARSET=utf8;

-- ----------------------------
-- Records of ref_jawatan
-- ----------------------------
INSERT INTO `ref_jawatan` VALUES ('1', 'Administrator', null);
INSERT INTO `ref_jawatan` VALUES ('2', 'Application Administrator GIS', null);
INSERT INTO `ref_jawatan` VALUES ('3', 'Application Programmer', null);
INSERT INTO `ref_jawatan` VALUES ('4', 'Database Administrator', null);
INSERT INTO `ref_jawatan` VALUES ('5', 'Pengarah', null);
INSERT INTO `ref_jawatan` VALUES ('6', 'Ketua Pegawai Eksekutif', null);
INSERT INTO `ref_jawatan` VALUES ('7', 'Pegawai Alatan Dan Senggaraan', null);
INSERT INTO `ref_jawatan` VALUES ('8', 'Pegawai Khas', null);
INSERT INTO `ref_jawatan` VALUES ('9', 'Pegawai Kurikulum', null);
INSERT INTO `ref_jawatan` VALUES ('10', 'Pegawai Pembangunan Usahawan', null);
INSERT INTO `ref_jawatan` VALUES ('11', 'Pegawai Perhubungan Industri', null);
INSERT INTO `ref_jawatan` VALUES ('12', 'Pegawai Tadbir', null);
INSERT INTO `ref_jawatan` VALUES ('13', 'Pekerja Am', null);
INSERT INTO `ref_jawatan` VALUES ('14', 'Pemandu', null);
INSERT INTO `ref_jawatan` VALUES ('15', 'Pembantu Makmal', null);
INSERT INTO `ref_jawatan` VALUES ('16', 'Pembantu Eksekutif Urustadbir', null);
INSERT INTO `ref_jawatan` VALUES ('17', 'Pembantu Eksekutif Urustadbir Kanan', null);
INSERT INTO `ref_jawatan` VALUES ('18', 'Pembantu Teknik', null);
INSERT INTO `ref_jawatan` VALUES ('19', 'Pengurus', null);
INSERT INTO `ref_jawatan` VALUES ('20', 'Pengurus (GM)', null);
INSERT INTO `ref_jawatan` VALUES ('21', 'Pengurus Kanan', null);
INSERT INTO `ref_jawatan` VALUES ('22', 'Pengarah GIATMARA Negeri', null);
INSERT INTO `ref_jawatan` VALUES ('23', 'Penolong Eksekutif', null);
INSERT INTO `ref_jawatan` VALUES ('24', 'Pembantu Eksekutif Logistik', null);
INSERT INTO `ref_jawatan` VALUES ('25', 'Pembantu Eksekutif Logistik Kanan', null);
INSERT INTO `ref_jawatan` VALUES ('26', 'Eksekutif', null);
INSERT INTO `ref_jawatan` VALUES ('27', 'Super Administrator', null);
INSERT INTO `ref_jawatan` VALUES ('28', 'System Administrator', null);
INSERT INTO `ref_jawatan` VALUES ('30', 'Tenaga Pengajar', null);
INSERT INTO `ref_jawatan` VALUES ('31', 'Tenaga Pengajar Kanan', null);
INSERT INTO `ref_jawatan` VALUES ('32', 'Timbalan Ketua Pegawai Eksekutif', null);
INSERT INTO `ref_jawatan` VALUES ('35', 'Timbalan Pengarah GIATMARA Negeri', null);
INSERT INTO `ref_jawatan` VALUES ('36', 'Pengurus Kanan (GM)', null);
INSERT INTO `ref_jawatan` VALUES ('37', 'Ketua Unit', null);
INSERT INTO `ref_jawatan` VALUES ('38', 'Ketua Unit Kanan', null);
INSERT INTO `ref_jawatan` VALUES ('39', 'Praktikal Student', null);
INSERT INTO `ref_jawatan` VALUES ('40', 'Pegawai Pembangunan Usahawan', null);

-- ----------------------------
-- Table structure for ref_jenis_jawatan
-- ----------------------------
DROP TABLE IF EXISTS `ref_jenis_jawatan`;
CREATE TABLE `ref_jenis_jawatan` (
  `id` int(11) NOT NULL,
  `nama_jenis_jawatan` varchar(50) NOT NULL
) ENGINE=InnoDB DEFAULT CHARSET=latin1;

-- ----------------------------
-- Records of ref_jenis_jawatan
-- ----------------------------
INSERT INTO `ref_jenis_jawatan` VALUES ('1', 'Tetap');
INSERT INTO `ref_jenis_jawatan` VALUES ('2', 'Kontrak');
INSERT INTO `ref_jenis_jawatan` VALUES ('3', 'PSS/Sementara');

-- ----------------------------
-- Table structure for ref_jenis_staf
-- ----------------------------
DROP TABLE IF EXISTS `ref_jenis_staf`;
CREATE TABLE `ref_jenis_staf` (
  `id` int(11) NOT NULL AUTO_INCREMENT,
  `nama_jenis_staf` varchar(50) COLLATE utf8mb4_unicode_ci NOT NULL,
  PRIMARY KEY (`id`)
) ENGINE=InnoDB AUTO_INCREMENT=9 DEFAULT CHARSET=utf8mb4 COLLATE=utf8mb4_unicode_ci;

-- ----------------------------
-- Records of ref_jenis_staf
-- ----------------------------
INSERT INTO `ref_jenis_staf` VALUES ('1', 'Tetap');
INSERT INTO `ref_jenis_staf` VALUES ('2', 'Kontrak');
INSERT INTO `ref_jenis_staf` VALUES ('5', 'Sementara');

-- ----------------------------
-- Table structure for ref_kategori_pemohon
-- ----------------------------
DROP TABLE IF EXISTS `ref_kategori_pemohon`;
CREATE TABLE `ref_kategori_pemohon` (
  `id` int(10) NOT NULL AUTO_INCREMENT,
  `kategori_pemohon` varchar(100) COLLATE utf8mb4_unicode_ci NOT NULL,
  PRIMARY KEY (`id`)
) ENGINE=InnoDB AUTO_INCREMENT=9 DEFAULT CHARSET=utf8mb4 COLLATE=utf8mb4_unicode_ci;

-- ----------------------------
-- Records of ref_kategori_pemohon
-- ----------------------------
INSERT INTO `ref_kategori_pemohon` VALUES ('1', 'Baru Menamatkan Persekolahan');
INSERT INTO `ref_kategori_pemohon` VALUES ('2', 'Baru Menamatkan Pengajian Tinggi');
INSERT INTO `ref_kategori_pemohon` VALUES ('3', 'Bekerja (Sektor Awam)');
INSERT INTO `ref_kategori_pemohon` VALUES ('4', 'Bekerja (Sektor Swasta)');
INSERT INTO `ref_kategori_pemohon` VALUES ('5', 'Bekerja (Sektor Industri)');
INSERT INTO `ref_kategori_pemohon` VALUES ('6', 'Bekerja (Sendiri) ');
INSERT INTO `ref_kategori_pemohon` VALUES ('7', 'Pesara Kerajaan/ Swasta');
INSERT INTO `ref_kategori_pemohon` VALUES ('8', 'Menganggur');

-- ----------------------------
-- Table structure for ref_kategori_penjaga
-- ----------------------------
DROP TABLE IF EXISTS `ref_kategori_penjaga`;
CREATE TABLE `ref_kategori_penjaga` (
  `id` int(10) NOT NULL AUTO_INCREMENT,
  `kategori_penjaga` varchar(100) COLLATE utf8mb4_unicode_ci NOT NULL,
  PRIMARY KEY (`id`)
) ENGINE=InnoDB AUTO_INCREMENT=5 DEFAULT CHARSET=utf8mb4 COLLATE=utf8mb4_unicode_ci;

-- ----------------------------
-- Records of ref_kategori_penjaga
-- ----------------------------
INSERT INTO `ref_kategori_penjaga` VALUES ('1', 'Anggota Polis');
INSERT INTO `ref_kategori_penjaga` VALUES ('2', 'Bekas Polis');
INSERT INTO `ref_kategori_penjaga` VALUES ('3', 'Kakitangan Kerajaan');
INSERT INTO `ref_kategori_penjaga` VALUES ('4', 'Lepasan Sekolah');

-- ----------------------------
-- Table structure for ref_kelulusan
-- ----------------------------
DROP TABLE IF EXISTS `ref_kelulusan`;
CREATE TABLE `ref_kelulusan` (
  `id` int(10) NOT NULL AUTO_INCREMENT,
  `kelulusan` varchar(100) COLLATE utf8mb4_unicode_ci NOT NULL,
  PRIMARY KEY (`id`)
) ENGINE=InnoDB AUTO_INCREMENT=11 DEFAULT CHARSET=utf8mb4 COLLATE=utf8mb4_unicode_ci;

-- ----------------------------
-- Records of ref_kelulusan
-- ----------------------------
INSERT INTO `ref_kelulusan` VALUES ('1', 'Sekolah Rendah');
INSERT INTO `ref_kelulusan` VALUES ('2', 'SRP/PMR atau setaraf');
INSERT INTO `ref_kelulusan` VALUES ('3', 'SPM atau setaraf');
INSERT INTO `ref_kelulusan` VALUES ('4', 'SPMV atau setaraf');
INSERT INTO `ref_kelulusan` VALUES ('5', 'Diploma');
INSERT INTO `ref_kelulusan` VALUES ('6', 'Diploma Lanjutan');
INSERT INTO `ref_kelulusan` VALUES ('7', 'Sarjana Muda');
INSERT INTO `ref_kelulusan` VALUES ('8', 'Sarjana');
INSERT INTO `ref_kelulusan` VALUES ('9', 'PhD');
INSERT INTO `ref_kelulusan` VALUES ('10', 'Tiada');

-- ----------------------------
-- Table structure for ref_kemahiran
-- ----------------------------
DROP TABLE IF EXISTS `ref_kemahiran`;
CREATE TABLE `ref_kemahiran` (
  `id` int(11) NOT NULL AUTO_INCREMENT,
  `keterangan` text COLLATE utf8mb4_unicode_ci NOT NULL,
  PRIMARY KEY (`id`)
) ENGINE=InnoDB AUTO_INCREMENT=7 DEFAULT CHARSET=utf8mb4 COLLATE=utf8mb4_unicode_ci;

-- ----------------------------
-- Records of ref_kemahiran
-- ----------------------------
INSERT INTO `ref_kemahiran` VALUES ('1', 'Sijil Kemahiran Malaysia Tahap 1 atau setaraf');
INSERT INTO `ref_kemahiran` VALUES ('2', 'Sijil Kemahiran Malaysia Tahap 2 atau setaraf');
INSERT INTO `ref_kemahiran` VALUES ('3', 'Sijil Kemahiran Malaysia Tahap 3 atau setaraf');
INSERT INTO `ref_kemahiran` VALUES ('4', 'Sijil Kemahiran Malaysia Tahap 4 atau setaraf');
INSERT INTO `ref_kemahiran` VALUES ('5', 'Sijil Kemahiran Malaysia Tahap 5 atau setaraf');
INSERT INTO `ref_kemahiran` VALUES ('6', 'Tiada');

-- ----------------------------
-- Table structure for ref_keputusan_temuduga
-- ----------------------------
DROP TABLE IF EXISTS `ref_keputusan_temuduga`;
CREATE TABLE `ref_keputusan_temuduga` (
  `id` int(10) NOT NULL,
  `keputusan_temuduga` varchar(100) COLLATE utf8mb4_unicode_ci NOT NULL,
  UNIQUE KEY `id` (`id`)
) ENGINE=InnoDB DEFAULT CHARSET=utf8mb4 COLLATE=utf8mb4_unicode_ci;

-- ----------------------------
-- Records of ref_keputusan_temuduga
-- ----------------------------
INSERT INTO `ref_keputusan_temuduga` VALUES ('0', 'Belum Proses');
INSERT INTO `ref_keputusan_temuduga` VALUES ('1', 'Proses Semakan');
INSERT INTO `ref_keputusan_temuduga` VALUES ('2', 'Berjaya');
INSERT INTO `ref_keputusan_temuduga` VALUES ('3', 'Berjaya dan Tukar Kursus');
INSERT INTO `ref_keputusan_temuduga` VALUES ('4', 'Tidak Berjaya');
INSERT INTO `ref_keputusan_temuduga` VALUES ('5', 'Tidak Hadir');

-- ----------------------------
-- Table structure for ref_keterampilan
-- ----------------------------
DROP TABLE IF EXISTS `ref_keterampilan`;
CREATE TABLE `ref_keterampilan` (
  `id` int(10) NOT NULL AUTO_INCREMENT,
  `gred_keterampilan` varchar(10) COLLATE utf8mb4_unicode_ci NOT NULL,
  `gredpoin_keterampilan` varchar(10) COLLATE utf8mb4_unicode_ci NOT NULL,
  `poin_keterampilan` float(5,2) NOT NULL,
  `tahap_keterampilan` varchar(50) COLLATE utf8mb4_unicode_ci NOT NULL,
  `markah_min` float(5,2) NOT NULL,
  `markah_max` float(5,2) NOT NULL,
  PRIMARY KEY (`id`)
) ENGINE=InnoDB AUTO_INCREMENT=10 DEFAULT CHARSET=utf8mb4 COLLATE=utf8mb4_unicode_ci;

-- ----------------------------
-- Records of ref_keterampilan
-- ----------------------------
INSERT INTO `ref_keterampilan` VALUES ('1', 'A', '', '4.00', 'Terampil Cemerlang', '90.00', '100.00');
INSERT INTO `ref_keterampilan` VALUES ('2', 'A-', '', '3.67', 'Terampil Cemerlang', '80.00', '89.99');
INSERT INTO `ref_keterampilan` VALUES ('3', 'B+', '', '3.33', 'Terampil Baik', '75.00', '79.99');
INSERT INTO `ref_keterampilan` VALUES ('4', 'B', '', '3.00', 'Terampil Baik', '70.00', '74.99');
INSERT INTO `ref_keterampilan` VALUES ('5', 'C+', '', '2.67', 'Terampil', '65.00', '69.99');
INSERT INTO `ref_keterampilan` VALUES ('6', 'C', '', '2.00', 'Terampil', '60.00', '64.99');
INSERT INTO `ref_keterampilan` VALUES ('7', 'F1', '', '0.00', 'Belum Terampil', '55.00', '59.99');
INSERT INTO `ref_keterampilan` VALUES ('8', 'F2', '', '0.00', 'Belum Terampil', '50.00', '54.99');
INSERT INTO `ref_keterampilan` VALUES ('9', 'F3', '', '0.00', 'Belum Terampil', '0.00', '49.99');

-- ----------------------------
-- Table structure for ref_kewarganegaraan
-- ----------------------------
DROP TABLE IF EXISTS `ref_kewarganegaraan`;
CREATE TABLE `ref_kewarganegaraan` (
  `id` int(10) NOT NULL AUTO_INCREMENT,
  `kewarganegaraan` varchar(100) COLLATE utf8mb4_unicode_ci NOT NULL,
  PRIMARY KEY (`id`)
) ENGINE=InnoDB AUTO_INCREMENT=4 DEFAULT CHARSET=utf8mb4 COLLATE=utf8mb4_unicode_ci;

-- ----------------------------
-- Records of ref_kewarganegaraan
-- ----------------------------
INSERT INTO `ref_kewarganegaraan` VALUES ('1', 'Warganegara Bumiputera');
INSERT INTO `ref_kewarganegaraan` VALUES ('2', 'Warganegara Bukan Bumiputera');
INSERT INTO `ref_kewarganegaraan` VALUES ('3', 'Bukan Warganegara');

-- ----------------------------
-- Table structure for ref_kluster
-- ----------------------------
DROP TABLE IF EXISTS `ref_kluster`;
CREATE TABLE `ref_kluster` (
  `id` int(10) NOT NULL AUTO_INCREMENT,
  `kod_kluster` varchar(10) COLLATE utf8mb4_unicode_ci DEFAULT NULL,
  `nama_kluster` varchar(250) COLLATE utf8mb4_unicode_ci NOT NULL,
  `diwujudkan_oleh` int(10) DEFAULT NULL,
  `diwujudkan_pada` datetime DEFAULT NULL,
  PRIMARY KEY (`id`)
) ENGINE=InnoDB AUTO_INCREMENT=27 DEFAULT CHARSET=utf8mb4 COLLATE=utf8mb4_unicode_ci;

-- ----------------------------
-- Records of ref_kluster
-- ----------------------------
INSERT INTO `ref_kluster` VALUES ('1', '', 'Computer & Network Technology', null, '2017-10-25 00:56:37');
INSERT INTO `ref_kluster` VALUES ('2', 'KEL3', 'Elektrikal ', null, '2017-10-25 10:52:19');
INSERT INTO `ref_kluster` VALUES ('3', 'KMK', 'Percetakan', null, '2017-09-25 05:15:49');
INSERT INTO `ref_kluster` VALUES ('4', 'KEM', 'Elektronik Mekatronik', null, null);
INSERT INTO `ref_kluster` VALUES ('5', 'KSB', 'Senibina', null, null);
INSERT INTO `ref_kluster` VALUES ('6', 'KPT', 'Pengangkutan', null, null);
INSERT INTO `ref_kluster` VALUES ('7', 'KPB', 'Pembuatan', null, null);
INSERT INTO `ref_kluster` VALUES ('8', 'KFB', 'Fabrik', null, null);
INSERT INTO `ref_kluster` VALUES ('9', 'CMP', 'Creative Media & Printing', null, null);
INSERT INTO `ref_kluster` VALUES ('10', 'KUL', 'Kulinari', null, '2017-10-10 01:12:56');
INSERT INTO `ref_kluster` VALUES ('11', 'KHC', 'Hairdressing & Cosmetology', null, null);
INSERT INTO `ref_kluster` VALUES ('12', 'KHS', 'Hospitaliti', null, null);
INSERT INTO `ref_kluster` VALUES ('23', null, 'Mekanikal', null, '2017-10-25 10:54:41');
INSERT INTO `ref_kluster` VALUES ('25', null, 'Cameron 2', null, '2017-10-27 03:47:35');
INSERT INTO `ref_kluster` VALUES ('26', null, 'Cameron 31', null, '2017-10-27 04:54:17');

-- ----------------------------
-- Table structure for ref_kursus
-- ----------------------------
DROP TABLE IF EXISTS `ref_kursus`;
CREATE TABLE `ref_kursus` (
  `status_kursus` int(2) DEFAULT NULL,
  `id` int(10) NOT NULL AUTO_INCREMENT,
  `kod_kursus` varchar(10) COLLATE utf8mb4_unicode_ci NOT NULL,
  `nama_kursus` varchar(250) COLLATE utf8mb4_unicode_ci NOT NULL,
  `id_kluster` int(10) NOT NULL,
  `jenis_kursus` varchar(10) COLLATE utf8mb4_unicode_ci DEFAULT NULL,
  `nama_kursus_sijil` varchar(250) COLLATE utf8mb4_unicode_ci DEFAULT NULL,
  `kod_skm` varchar(50) COLLATE utf8mb4_unicode_ci DEFAULT NULL,
  `tempoh_industri` int(4) DEFAULT NULL,
  `tempoh_pusat` int(4) DEFAULT NULL,
  `tarikh_dikuatkuasa` varchar(20) COLLATE utf8mb4_unicode_ci DEFAULT NULL,
  PRIMARY KEY (`id`),
  KEY `id_kluster` (`id_kluster`),
  CONSTRAINT `ref_kursus_ibfk_1` FOREIGN KEY (`id_kluster`) REFERENCES `ref_kluster` (`id`)
) ENGINE=InnoDB AUTO_INCREMENT=107 DEFAULT CHARSET=utf8mb4 COLLATE=utf8mb4_unicode_ci;

-- ----------------------------
-- Records of ref_kursus
-- ----------------------------
INSERT INTO `ref_kursus` VALUES ('1', '1', 'TSK15000', 'Teknologi Sistem Komputer', '1', 'b', 'Computer System Technology ', 'SKM_TSK1500', '0', '4', '26/10/2017');
INSERT INTO `ref_kursus` VALUES ('1', '2', 'CSN400', 'Computer System and Networking', '1', 'b', null, null, null, null, null);
INSERT INTO `ref_kursus` VALUES ('1', '3', 'PEL041', 'Pendawai Elektrik (PW2)', '2', 'b', null, null, null, null, null);
INSERT INTO `ref_kursus` VALUES ('1', '4', 'PJE290', 'Penjaga Jentera Elektrik (A0 - 24 Bulan)', '2', 'b', null, null, null, null, null);
INSERT INTO `ref_kursus` VALUES ('1', '5', 'HWS370', 'Holistic Theraphy and Wellness', '12', 'b', null, null, null, null, null);
INSERT INTO `ref_kursus` VALUES ('1', '6', 'PKP300', 'pemanduan Kenderaan Perdagangan', '7', 'b', null, null, null, null, null);
INSERT INTO `ref_kursus` VALUES ('1', '7', 'IMT010', 'industrial Maintenance', '4', 'b', null, null, null, null, null);
INSERT INTO `ref_kursus` VALUES ('1', '8', 'SLT200', 'seni Landskap dan Taman', '4', 'b', null, null, null, null, null);
INSERT INTO `ref_kursus` VALUES ('1', '9', 'PJE292', 'Penjaga Jentera Elektrik (A1)', '2', 'b', null, null, null, null, null);
INSERT INTO `ref_kursus` VALUES ('1', '10', 'PEL041 (B)', 'Pendawai Elektrik (PW2) - (B)', '2', 'b', null, null, null, null, null);
INSERT INTO `ref_kursus` VALUES ('1', '11', 'PEL045', 'Teknologi dan Pemasangan Elektrik (PW4)', '2', 'b', null, null, null, null, null);
INSERT INTO `ref_kursus` VALUES ('1', '12', 'TAF060', 'Teknologi Automotif', '7', 'b', null, null, null, null, null);
INSERT INTO `ref_kursus` VALUES ('1', '13', 'BMK070', 'Teknologi Baikpulih dan Mengecat Kenderaan', '7', 'b', null, null, null, null, null);
INSERT INTO `ref_kursus` VALUES ('1', '14', 'TML080', 'Teknologi Motosikal', '7', 'b', null, null, null, null, null);
INSERT INTO `ref_kursus` VALUES ('1', '15', 'PEM190', 'Penyelenggaraan Enjin Marin', '7', 'b', null, null, null, null, null);
INSERT INTO `ref_kursus` VALUES ('1', '16', 'EID160', 'Elektronik Industri', '7', 'b', null, null, null, null, null);
INSERT INTO `ref_kursus` VALUES ('1', '17', 'EAV090', 'Teknologi Elektronik Audio Visual', '7', 'b', null, null, null, null, null);
INSERT INTO `ref_kursus` VALUES ('1', '18', 'TML084', 'Pengkhususan Sistem Elektrik Motosikal', '7', 'b', null, null, null, null, null);
INSERT INTO `ref_kursus` VALUES ('1', '19', 'MDP250', 'Multimedia Design and Production', '9', 'b', null, null, null, null, null);
INSERT INTO `ref_kursus` VALUES ('1', '20', 'TAF063', 'Pengkhususan Sistem Pengurusan Enjin', '7', 'b', null, null, null, null, null);
INSERT INTO `ref_kursus` VALUES ('1', '21', 'TAM260', 'Teknologi Animasi', '9', 'b', null, null, null, null, null);
INSERT INTO `ref_kursus` VALUES ('1', '22', 'TPC130', 'Teknologi Percetakan', '9', 'b', null, null, null, null, null);
INSERT INTO `ref_kursus` VALUES ('1', '23', 'DPA140', 'Desktop Publishing Artist', '9', 'b', null, null, null, null, null);
INSERT INTO `ref_kursus` VALUES ('1', '24', 'JST361', 'Pengkhususan Senggaraan Tayar dan Roda', '7', 'b', null, null, null, null, null);
INSERT INTO `ref_kursus` VALUES ('1', '25', 'PSF481', 'Pemasang Solar Fotovolta Grid', '2', 'b', null, null, null, null, null);
INSERT INTO `ref_kursus` VALUES ('1', '26', 'STK220', 'Solekan dan Terapi Kecantikan', '11', 'b', null, null, null, null, null);
INSERT INTO `ref_kursus` VALUES ('1', '27', 'CNB240', 'Confectionery and Bakery', '10', 'b', null, null, null, null, null);
INSERT INTO `ref_kursus` VALUES ('1', '28', 'MNP210', 'Masakan dan Pramusaji', '10', 'b', null, null, null, null, null);
INSERT INTO `ref_kursus` VALUES ('1', '29', 'FNC180', 'Fibreglass and Composite Technology', '6', 'b', null, null, null, null, null);
INSERT INTO `ref_kursus` VALUES ('1', '30', 'TRD030', 'Teknologi Perabot dan Rekaan Dalaman', '6', 'b', null, null, null, null, null);
INSERT INTO `ref_kursus` VALUES ('1', '31', 'BMT330', 'Building Maintenance', '4', 'b', null, null, null, null, null);
INSERT INTO `ref_kursus` VALUES ('1', '32', 'JST360', 'Juruteknik Servis Tayar', '7', 'b', null, null, null, null, null);
INSERT INTO `ref_kursus` VALUES ('1', '33', 'BBR340', 'Boat Building and Repair', '6', 'b', null, null, null, null, null);
INSERT INTO `ref_kursus` VALUES ('1', '34', 'TAF061', 'Pemasangan Gas Asli Kenderaan', '7', 'b', null, null, null, null, null);
INSERT INTO `ref_kursus` VALUES ('1', '35', 'TML081', 'Motorsikal Berkuasa Tinggi', '7', 'b', null, null, null, null, null);
INSERT INTO `ref_kursus` VALUES ('1', '36', 'PCG380', 'Pattern Cutting and Garment Production', '8', 'b', null, null, null, null, null);
INSERT INTO `ref_kursus` VALUES ('1', '37', 'MKT430', 'Mekatronik', '7', 'b', null, null, null, null, null);
INSERT INTO `ref_kursus` VALUES ('1', '38', 'VVE440', 'Videography and Visual Effect', '9', 'b', null, null, null, null, null);
INSERT INTO `ref_kursus` VALUES ('1', '39', 'SSK410', 'Seni Sulaman Kreatif', '8', 'b', null, null, null, null, null);
INSERT INTO `ref_kursus` VALUES ('1', '40', 'PEL044', 'Pendawai Elektrik (EIU 2ND GRADE)', '2', 'b', null, null, null, null, null);
INSERT INTO `ref_kursus` VALUES ('1', '41', 'PEL040', 'Pendawai Elektrik (PW1)', '2', 'b', null, null, null, null, null);
INSERT INTO `ref_kursus` VALUES ('1', '42', 'PEL042', 'Pendawai Elektrik (PW4 - 12 Bulan)', '2', 'b', null, null, null, null, null);
INSERT INTO `ref_kursus` VALUES ('1', '43', 'PEL043', 'Pendawai Elektrik (PW4 - 36 Bulan)', '2', 'b', null, null, null, null, null);
INSERT INTO `ref_kursus` VALUES ('1', '44', 'PJE291', 'Penjaga Jentera Elektrik (A0 - 36 Bulan)', '2', 'b', null, null, null, null, null);
INSERT INTO `ref_kursus` VALUES ('1', '45', 'TML082', 'Pengkhususan Motosikal Kreatif', '7', 'b', null, null, null, null, null);
INSERT INTO `ref_kursus` VALUES ('1', '46', 'SSK411', 'Seni Sulaman Kreatif (Sulaman Mesin)', '8', 'b', null, null, null, null, null);
INSERT INTO `ref_kursus` VALUES ('1', '47', 'SSK412', 'Seni Sulaman Kreatif (Sulaman Tangan)', '8', 'b', null, null, null, null, null);
INSERT INTO `ref_kursus` VALUES ('1', '48', 'KFL021', 'Teknologi Kimpalan Lanjutan FCAW', '4', 'b', null, null, null, null, null);
INSERT INTO `ref_kursus` VALUES ('1', '49', 'PEL046', 'Teknologi Dan Pemasangan Elektrik 1ST Grade (EIU)', '2', 'b', null, null, null, null, null);
INSERT INTO `ref_kursus` VALUES ('1', '50', 'TDT100', 'Tool and Die Technology (TAHAP 1)', '4', 'b', null, null, null, null, null);
INSERT INTO `ref_kursus` VALUES ('1', '51', 'TDT101', 'Tool and Die Technology (TAHAP 2)', '4', 'b', null, null, null, null, null);
INSERT INTO `ref_kursus` VALUES ('1', '52', 'TDT102', 'Tool and Die Technology (TAHAP 3)', '4', 'b', null, null, null, null, null);
INSERT INTO `ref_kursus` VALUES ('1', '53', 'PEL042 (B)', 'Pendawai Elektrik (PW4 - 12 Bulan) - (B)', '2', 'b', null, null, null, null, null);
INSERT INTO `ref_kursus` VALUES ('1', '54', 'KFL022', 'Teknologi Kimpalan Lanjutan GTAW', '4', 'b', null, null, null, null, null);
INSERT INTO `ref_kursus` VALUES ('1', '55', 'CNB241', 'Beverages', '10', 'b', null, null, null, null, null);
INSERT INTO `ref_kursus` VALUES ('1', '56', 'PCG381', 'Mascot Costume', '8', 'b', null, null, null, null, null);
INSERT INTO `ref_kursus` VALUES ('1', '57', 'TAM261', '3D Animation Production', '9', 'b', null, null, null, null, null);
INSERT INTO `ref_kursus` VALUES ('1', '58', 'SSK413', 'Sulaman Berkomputer', '8', 'b', null, null, null, null, null);
INSERT INTO `ref_kursus` VALUES ('1', '59', 'FND111', 'Fashion Drawing and Design', '8', 'b', null, null, null, null, null);
INSERT INTO `ref_kursus` VALUES ('1', '60', 'TAF062', 'Teknologi Automotif Tahap 3', '7', 'b', null, null, null, null, null);
INSERT INTO `ref_kursus` VALUES ('1', '61', 'EAV091', 'Teknologi Elektronik Audio Visual Lanjutan', '7', 'b', null, null, null, null, null);
INSERT INTO `ref_kursus` VALUES ('1', '62', 'FND112', 'Rekaan Fesyen Kontemporari', '8', 'b', null, null, null, null, null);
INSERT INTO `ref_kursus` VALUES ('1', '63', 'FND113', 'Curtains and Soft Furnishings', '8', 'b', null, null, null, null, null);
INSERT INTO `ref_kursus` VALUES ('1', '64', 'TAM262', '3D Animation Visual Artist', '9', 'b', null, null, null, null, null);
INSERT INTO `ref_kursus` VALUES ('1', '65', 'GDA270', 'Graphic Design And Advertising', '9', 'b', null, null, null, null, null);
INSERT INTO `ref_kursus` VALUES ('1', '66', 'TPS050', 'Teknologi Penyejukbekuan dan Penyaman Udara (Fasa Satu)', '4', 'b', null, null, null, null, null);
INSERT INTO `ref_kursus` VALUES ('1', '67', 'TPT050', 'Teknologi Penyejukbekuan dan Penyaman Udara (Fasa Tiga)', '4', 'b', null, null, null, null, null);
INSERT INTO `ref_kursus` VALUES ('1', '68', 'TFG280 ', 'Teknologi Fotografi', '9', 'b', null, null, null, null, null);
INSERT INTO `ref_kursus` VALUES ('1', '69', 'FND110', 'Fashion and Dressmaking', '8', 'b', null, null, null, null, null);
INSERT INTO `ref_kursus` VALUES ('1', '70', 'ECT320 ', 'Early Childhood Education and Training', '12', 'b', null, null, null, null, null);
INSERT INTO `ref_kursus` VALUES ('1', '71', 'SGR230', 'Seni Reka Gaya Rambut', '11', 'b', null, null, null, null, null);
INSERT INTO `ref_kursus` VALUES ('1', '72', 'KFL020', 'Teknologi Kimpalan dan Fabrikasi Logam', '4', 'b', null, null, null, null, null);
INSERT INTO `ref_kursus` VALUES ('1', '73', 'BMK071', 'Teknologi Baikpulih dan Mengecat Kenderaan Tahap 2', '7', 'b', null, null, null, null, null);
INSERT INTO `ref_kursus` VALUES ('1', '74', 'GTK450', 'Gaya Rambut dan Terapi Kecantikan', '11', 'b', null, null, null, null, null);
INSERT INTO `ref_kursus` VALUES ('1', '75', 'TEL460', 'Teknologi Elektronik', '7', 'b', null, null, null, null, null);
INSERT INTO `ref_kursus` VALUES ('1', '76', 'MNP212', 'Pengkhususan Pembuatan Pastri Perancis', '10', 'b', null, null, null, null, null);
INSERT INTO `ref_kursus` VALUES ('1', '77', 'PPL470', 'Pembuat Pakaian Lelaki', '8', 'b', null, null, null, null, null);
INSERT INTO `ref_kursus` VALUES ('1', '78', 'TAF064', 'Pengkhususan Senggaraan Sistem Diesel', '7', 'b', null, null, null, null, null);
INSERT INTO `ref_kursus` VALUES ('1', '79', 'TBN010', 'Teknologi Bangunan', '4', 'b', null, null, null, null, null);
INSERT INTO `ref_kursus` VALUES ('1', '80', 'HDN120', 'Hiasan Dalaman', '8', 'b', null, null, null, null, null);
INSERT INTO `ref_kursus` VALUES ('1', '81', 'PEM190', 'Penyelenggaraan Enjin Marin-(B)', '7', 'b', null, null, null, null, null);
INSERT INTO `ref_kursus` VALUES ('1', '82', 'TFG281 ', 'Advanced Digital Imaging', '9', 'b', null, null, null, null, null);
INSERT INTO `ref_kursus` VALUES ('1', '83', 'CNB242', 'Artisan Kek', '10', 'b', null, null, null, null, null);
INSERT INTO `ref_kursus` VALUES ('1', '84', 'SL-TAM001', '3D Animation Visual Artist - SLDN', '9', 'b', null, null, null, null, null);
INSERT INTO `ref_kursus` VALUES ('1', '85', 'TAF065', 'Pengkhususan Senggaraan Sistem Transmisi', '7', 'b', null, null, null, null, null);
INSERT INTO `ref_kursus` VALUES ('1', '86', 'MNP211', 'Pengkhususan Seni Ukiran Makanan dan Ais', '10', 'b', null, null, null, null, null);
INSERT INTO `ref_kursus` VALUES ('1', '87', 'BMK072', 'Auto Panel & Body Repair', '7', 'b', null, null, null, null, null);
INSERT INTO `ref_kursus` VALUES ('1', '88', 'TML083', 'Pengkhususan Senggaraan Electronic Fuel Injection', '7', 'b', null, null, null, null, null);
INSERT INTO `ref_kursus` VALUES ('1', '89', 'PJE293', 'Penjaga Jentera Elektrik (A4)', '2', 'b', null, null, null, null, null);
INSERT INTO `ref_kursus` VALUES ('1', '90', 'SL-CNB001', 'Confectionary and Bakery - SLDN', '10', 'b', null, null, null, null, null);
INSERT INTO `ref_kursus` VALUES ('1', '91', 'JST 360', 'Juruteknik Servis Tayar (Single Tier)', '7', 'b', null, null, null, null, null);
INSERT INTO `ref_kursus` VALUES ('1', '92', 'snb480 (B)', 'Stage and Broadcasting', '9', 'b', null, null, null, null, null);
INSERT INTO `ref_kursus` VALUES ('1', '93', 'acm(SLDN)', 'Aerospace Composites Manufacturing', '6', 'b', null, null, null, null, null);
INSERT INTO `ref_kursus` VALUES ('1', '95', 'test', 'test', '3', 'b', 'test', 'test', '2', '2', '20/10/2017');
INSERT INTO `ref_kursus` VALUES ('1', '104', 'sa', 'sasa', '26', 'b', 'SAsas', 'sas', '4', '3', '27-10-2017');
INSERT INTO `ref_kursus` VALUES ('1', '106', 'ACM', 'ACM', '6', 'b', 'ACM Sijil', '-', '9', '3', '02-11-2017');

-- ----------------------------
-- Table structure for ref_lpp09_program_khas
-- ----------------------------
DROP TABLE IF EXISTS `ref_lpp09_program_khas`;
CREATE TABLE `ref_lpp09_program_khas` (
  `id` int(10) NOT NULL,
  `nama_program` varchar(250) NOT NULL,
  `status` int(1) NOT NULL
) ENGINE=InnoDB DEFAULT CHARSET=utf8;

-- ----------------------------
-- Records of ref_lpp09_program_khas
-- ----------------------------
INSERT INTO `ref_lpp09_program_khas` VALUES ('1', 'Program Khas 1', '1');
INSERT INTO `ref_lpp09_program_khas` VALUES ('2', 'Program Khas 2', '1');

-- ----------------------------
-- Table structure for ref_lpp09_program_pertandingan
-- ----------------------------
DROP TABLE IF EXISTS `ref_lpp09_program_pertandingan`;
CREATE TABLE `ref_lpp09_program_pertandingan` (
  `id` int(10) NOT NULL,
  `nama_program` varchar(250) NOT NULL,
  `status` int(2) NOT NULL
) ENGINE=InnoDB DEFAULT CHARSET=utf8;

-- ----------------------------
-- Records of ref_lpp09_program_pertandingan
-- ----------------------------
INSERT INTO `ref_lpp09_program_pertandingan` VALUES ('1', 'Skills Malaysia', '1');

-- ----------------------------
-- Table structure for ref_markah
-- ----------------------------
DROP TABLE IF EXISTS `ref_markah`;
CREATE TABLE `ref_markah` (
  `id` int(11) NOT NULL AUTO_INCREMENT,
  `pb_teori` float(5,2) NOT NULL,
  `pb_amali` float(5,2) NOT NULL,
  `pam_teori` float(5,2) NOT NULL,
  `pam_amali` float(5,2) NOT NULL,
  PRIMARY KEY (`id`)
) ENGINE=InnoDB AUTO_INCREMENT=2 DEFAULT CHARSET=utf8mb4 COLLATE=utf8mb4_unicode_ci;

-- ----------------------------
-- Records of ref_markah
-- ----------------------------
INSERT INTO `ref_markah` VALUES ('1', '20.00', '80.00', '20.00', '80.00');

-- ----------------------------
-- Table structure for ref_modul
-- ----------------------------
DROP TABLE IF EXISTS `ref_modul`;
CREATE TABLE `ref_modul` (
  `id_kursus` int(3) DEFAULT NULL,
  `id_modul` int(11) NOT NULL AUTO_INCREMENT,
  `kod_modul` varchar(10) CHARACTER SET utf8 COLLATE utf8_bin DEFAULT NULL,
  `sequence_modul` int(3) DEFAULT NULL,
  `nama_modul` varchar(255) CHARACTER SET utf8 COLLATE utf8_bin DEFAULT NULL,
  `status_modul` int(2) DEFAULT NULL,
  `teori` decimal(5,2) DEFAULT NULL,
  `praktikal` decimal(5,2) DEFAULT NULL,
  `self` decimal(5,2) DEFAULT NULL,
  `jam_kredit` int(1) DEFAULT NULL,
  `updated` datetime DEFAULT NULL,
  `updated_by` bigint(25) DEFAULT NULL,
  `pam_teori` int(3) NOT NULL,
  `pam_praktikal` int(3) NOT NULL,
  `pb_teori` int(3) NOT NULL,
  `pb_praktikal` int(3) NOT NULL,
  `pb_peratus` int(3) NOT NULL,
  `pam_peratus` int(3) NOT NULL,
  PRIMARY KEY (`id_modul`),
  KEY `id_kursus` (`id_kursus`)
) ENGINE=MyISAM AUTO_INCREMENT=2231 DEFAULT CHARSET=utf8;

-- ----------------------------
-- Records of ref_modul
-- ----------------------------
INSERT INTO `ref_modul` VALUES ('1', '1986', 'M01', null, 'PENGURUSAN KESELAMATAN & KECEMASAN ', null, '12.50', '19.50', '0.00', '1', null, null, '20', '80', '20', '80', '70', '30');
INSERT INTO `ref_modul` VALUES ('1', '1987', 'M02', null, 'MEMASANG PERKAKASAN KOMPUTER', null, '30.00', '66.00', '0.00', '2', null, null, '20', '80', '20', '80', '70', '30');
INSERT INTO `ref_modul` VALUES ('1', '1988', 'M03', null, 'MEMASANG PERISIAN SISTEM OPERASI DAN APLIKASI 2', null, '27.00', '117.00', '0.00', '4', null, null, '20', '80', '20', '80', '70', '30');
INSERT INTO `ref_modul` VALUES ('1', '1990', 'M04', null, 'MENYELENGGARA SISTEM KOMPUTER', null, '16.00', '49.00', '0.00', '2', null, null, '20', '80', '20', '80', '70', '30');
INSERT INTO `ref_modul` VALUES ('1', '1992', 'M05', null, 'MEMBAIKPULIH SISTEM KOMPUTER', null, '21.00', '74.00', '0.00', '2', null, null, '20', '80', '20', '80', '70', '30');
INSERT INTO `ref_modul` VALUES ('1', '1993', 'M06', null, 'MEMASANG RANGKAIAN KOMPUTER', null, '20.50', '44.00', '0.00', '2', null, null, '20', '80', '20', '80', '70', '30');
INSERT INTO `ref_modul` VALUES ('1', '1994', 'M07', null, 'MEMASANG PELAYAN (SERVER)', null, '28.00', '155.00', '0.00', '5', null, null, '20', '80', '20', '80', '70', '30');
INSERT INTO `ref_modul` VALUES ('1', '1995', 'M08', null, 'MENYELENGGARA PELAYAN (SERVER)', null, '32.00', '63.00', '0.00', '2', null, null, '20', '80', '20', '80', '70', '30');
INSERT INTO `ref_modul` VALUES ('95', '2222', 'sas', null, 'sas', null, '12.00', '21.00', null, '12', null, null, '90', '90', '67', '89', '23', '89');
INSERT INTO `ref_modul` VALUES ('2', '1466', 'CSN400 M01', null, 'PENGURUSAN KESELAMATAN & KECEMASAN_546464', null, '12.50', '19.50', '0.00', '1', null, null, '20', '80', '20', '80', '70', '30');
INSERT INTO `ref_modul` VALUES ('2', '1467', 'CSN400 M02', null, 'PERKAKASAN KOMPUTER', null, '8.00', '22.00', '0.00', '1', null, null, '20', '80', '20', '80', '70', '30');
INSERT INTO `ref_modul` VALUES ('2', '1468', 'CSN400 M03', null, 'PEMASANGAN PERISIAN SISTEM KOMPUTER', null, '19.00', '61.00', '0.00', '2', null, null, '20', '80', '20', '80', '70', '30');
INSERT INTO `ref_modul` VALUES ('2', '1469', 'CSN400 M04', null, 'KESELAMATAN DATA', null, '15.00', '25.00', '0.00', '1', null, null, '20', '80', '20', '80', '70', '30');
INSERT INTO `ref_modul` VALUES ('2', '1470', 'CSN400 M05', null, 'SISTEM RANGKAIAN KOMPUTER', null, '16.50', '57.00', '0.00', '2', null, null, '20', '80', '20', '80', '70', '30');
INSERT INTO `ref_modul` VALUES ('2', '1471', 'CSN400 M06', null, 'SISTEM RANGKAIAN TANPA WAYAR ( WLAN )', null, '39.00', '81.00', '0.00', '3', null, null, '20', '80', '20', '80', '70', '30');
INSERT INTO `ref_modul` VALUES ('2', '1472', 'CSN400 M07', null, 'PENDAWAIAN RANGKAIAN KOMPUTER', null, '17.30', '63.00', '0.00', '2', null, null, '20', '80', '20', '80', '70', '30');
INSERT INTO `ref_modul` VALUES ('2', '1473', 'CSN400 M08', null, 'REKABENTUK ETHERNET NETWORK', null, '35.00', '45.00', '0.00', '2', null, null, '20', '80', '20', '80', '70', '30');
INSERT INTO `ref_modul` VALUES ('2', '1474', 'CSN400 M09', null, 'SENGGARAAN SISTEM KOMPUTER & RANGKAIAN', null, '39.00', '81.00', '0.00', '3', null, null, '20', '80', '20', '80', '70', '30');
INSERT INTO `ref_modul` VALUES ('2', '1475', 'CSN400 M10', null, 'SIMULASI SISTEM RANGKAIAN', null, '11.00', '63.00', '0.00', '2', null, null, '20', '80', '20', '80', '70', '30');
INSERT INTO `ref_modul` VALUES ('3', '2080', 'PEL041 M01', null, 'PENGURUSAN KESELAMATAN DAN KECEMASAN 21', null, '12.50', '19.50', '0.00', '1', null, null, '20', '80', '20', '80', '70', '30');
INSERT INTO `ref_modul` VALUES ('3', '2081', 'PEL041 M02', null, 'MENGGUNAKAN PERALATAN TANGAN DAN MESIN ELEKTRIK (POWER TOOLS)', null, '7.75', '24.25', '0.00', '1', null, null, '20', '80', '20', '80', '70', '30');
INSERT INTO `ref_modul` VALUES ('3', '2082', 'PEL041 M03', null, 'MEREKA BENTUK LUKISAN ELEKTRIK SATU FASA 3', null, '44.00', '84.00', '0.00', '3', null, null, '20', '80', '20', '80', '70', '30');
INSERT INTO `ref_modul` VALUES ('3', '2083', 'PEL041 M04', null, 'MENGUJI PEPASANGAN ELEKTRIK SATU FASA', null, '14.25', '49.75', '0.00', '2', null, null, '20', '80', '20', '80', '70', '30');
INSERT INTO `ref_modul` VALUES ('3', '2084', 'PEL041 M05', null, 'MEMBUAT PENDAWAIAN SUIS SATU HALA', null, '11.75', '52.25', '0.00', '2', null, null, '20', '80', '20', '80', '70', '30');
INSERT INTO `ref_modul` VALUES ('3', '2085', 'PEL041 M06', null, 'MEMBUAT PENDAWAIAN SUIS DUA HALA DAN PERTENGAHAN', null, '10.50', '85.50', '0.00', '2', null, null, '20', '80', '20', '80', '70', '30');
INSERT INTO `ref_modul` VALUES ('3', '2086', 'PEL041 M07', null, 'MEMBUAT PENDAWAIAN LITAR AKHIR KUASA', null, '12.50', '51.50', '0.00', '2', null, null, '20', '80', '20', '80', '70', '30');
INSERT INTO `ref_modul` VALUES ('3', '2087', 'PEL041 M08', null, 'MEMBUAT PENDAWAIAN PELBAGAI SUIS AUTOMATIK DAN ELEKTRONIK', null, '19.50', '44.50', '0.00', '2', null, null, '20', '80', '20', '80', '70', '30');
INSERT INTO `ref_modul` VALUES ('3', '2088', 'PEL041 M09', null, 'MEMASANG PAPAN AGIHAN DAN SISTEM PEMBUMIAN', null, '17.75', '46.25', '0.00', '2', null, null, '20', '80', '20', '80', '70', '30');
INSERT INTO `ref_modul` VALUES ('3', '2089', 'PEL041 M10', null, 'MEMBUAT PENDAWAIAN KONDUIT DAN TRUNKING PVC', null, '10.50', '117.50', '0.00', '3', null, null, '20', '80', '20', '80', '70', '30');
INSERT INTO `ref_modul` VALUES ('3', '2090', 'PEL041 M11', null, 'MEREKA BENTUK LUKISAN ELEKTRIK TIGA FASA', null, '7.50', '56.50', '0.00', '2', null, null, '20', '80', '20', '80', '70', '30');
INSERT INTO `ref_modul` VALUES ('3', '2091', 'PEL041 M12', null, 'MEREKABENTUK LUKISAN ELEKTRIK TIGA FASA', null, '30.50', '65.50', '0.00', '2', null, null, '20', '80', '20', '80', '70', '30');
INSERT INTO `ref_modul` VALUES ('3', '2092', 'PEL041 M13', null, 'MENGUJI PEPASANGAN ELEKTRIK TIGA FASA', null, '10.75', '53.25', '0.00', '2', null, null, '20', '80', '20', '80', '70', '30');
INSERT INTO `ref_modul` VALUES ('3', '2093', 'PEL041 M14', null, 'MEMBUAT PENDAWAIAN TERSEMBUNYI', null, '7.50', '56.50', '0.00', '2', null, null, '20', '80', '20', '80', '70', '30');
INSERT INTO `ref_modul` VALUES ('3', '2094', 'PEL041 M15', null, 'MEMBUAT PENDAWAIAN KONDUIT DAN TRUNKING LOGAM', null, '9.00', '119.00', '0.00', '3', null, null, '20', '80', '20', '80', '70', '30');
INSERT INTO `ref_modul` VALUES ('95', '2223', 'sd343', null, 'sas66666666655555555555555555', null, '23.00', '2.00', null, '2', null, null, '2', '2', '2', '2', '2', '2');
INSERT INTO `ref_modul` VALUES ('1', '1996', 'M09', null, 'MENYELENGGARA PELAYAN (SERVER) 212', null, '32.00', '63.00', '0.00', '2', null, null, '20', '80', '20', '80', '70', '30');
INSERT INTO `ref_modul` VALUES ('101', '2227', '01', null, 'Cari Tapak', null, '20.00', '80.00', null, '2', null, null, '20', '80', '20', '80', '70', '30');
INSERT INTO `ref_modul` VALUES ('101', '2228', 'KOD S', null, 'Kode Strawberry', null, '2.00', '2.00', null, '2', null, null, '2', '2', '2', '2', '2', '2');
INSERT INTO `ref_modul` VALUES ('101', '2229', 'sasas', null, 'sa', null, '12.00', '12.00', null, '12', null, null, '12', '12', '21', '1', '12', '12');
INSERT INTO `ref_modul` VALUES ('106', '2230', 'ACM01', null, 'ACM Maintenance', null, '3.00', '5.00', null, '8', null, null, '20', '80', '20', '80', '70', '30');

-- ----------------------------
-- Table structure for ref_negara
-- ----------------------------
DROP TABLE IF EXISTS `ref_negara`;
CREATE TABLE `ref_negara` (
  `id` int(10) NOT NULL AUTO_INCREMENT,
  `kod_negara` varchar(10) NOT NULL,
  `nama_negara` varchar(250) NOT NULL,
  PRIMARY KEY (`id`)
) ENGINE=InnoDB AUTO_INCREMENT=243 DEFAULT CHARSET=utf8;

-- ----------------------------
-- Records of ref_negara
-- ----------------------------
INSERT INTO `ref_negara` VALUES ('1', 'AD', 'Andorra');
INSERT INTO `ref_negara` VALUES ('2', 'AE', 'United Arab Emirates');
INSERT INTO `ref_negara` VALUES ('3', 'AF', 'Afghanistan');
INSERT INTO `ref_negara` VALUES ('4', 'AG', 'Antigua and Barbuda');
INSERT INTO `ref_negara` VALUES ('5', 'AI', 'Anguilla');
INSERT INTO `ref_negara` VALUES ('6', 'AL', 'Albania');
INSERT INTO `ref_negara` VALUES ('7', 'AM', 'Armenia');
INSERT INTO `ref_negara` VALUES ('8', 'AN', 'Netherlands Antilles');
INSERT INTO `ref_negara` VALUES ('9', 'AO', 'Angola');
INSERT INTO `ref_negara` VALUES ('10', 'AQ', 'Antarctica');
INSERT INTO `ref_negara` VALUES ('11', 'AR', 'Argentina');
INSERT INTO `ref_negara` VALUES ('12', 'AS', 'American Samoa');
INSERT INTO `ref_negara` VALUES ('13', 'AT', 'Austria');
INSERT INTO `ref_negara` VALUES ('14', 'AU', 'Australia');
INSERT INTO `ref_negara` VALUES ('15', 'AW', 'Aruba');
INSERT INTO `ref_negara` VALUES ('16', 'AZ', 'Azerbaijan');
INSERT INTO `ref_negara` VALUES ('17', 'BA', 'Bosnia and Herzegovina');
INSERT INTO `ref_negara` VALUES ('18', 'BB', 'Barbados');
INSERT INTO `ref_negara` VALUES ('19', 'BD', 'Bangladesh');
INSERT INTO `ref_negara` VALUES ('20', 'BE', 'Belgium');
INSERT INTO `ref_negara` VALUES ('21', 'BF', 'Burkina Faso');
INSERT INTO `ref_negara` VALUES ('22', 'BG', 'Bulgaria');
INSERT INTO `ref_negara` VALUES ('23', 'BH', 'Bahrain');
INSERT INTO `ref_negara` VALUES ('24', 'BI', 'Burundi');
INSERT INTO `ref_negara` VALUES ('25', 'BJ', 'Benin');
INSERT INTO `ref_negara` VALUES ('26', 'BM', 'Bermuda');
INSERT INTO `ref_negara` VALUES ('27', 'BN', 'Brunei Darussalam');
INSERT INTO `ref_negara` VALUES ('28', 'BO', 'Bolivia');
INSERT INTO `ref_negara` VALUES ('29', 'BR', 'Brazil');
INSERT INTO `ref_negara` VALUES ('30', 'BS', 'Bahamas');
INSERT INTO `ref_negara` VALUES ('31', 'BT', 'Bhutan');
INSERT INTO `ref_negara` VALUES ('32', 'BW', 'Botswana');
INSERT INTO `ref_negara` VALUES ('33', 'BY', 'Belarus');
INSERT INTO `ref_negara` VALUES ('34', 'BZ', 'Belize');
INSERT INTO `ref_negara` VALUES ('35', 'CA', 'Canada');
INSERT INTO `ref_negara` VALUES ('36', 'CC', 'Cocos (Keeling) Islands');
INSERT INTO `ref_negara` VALUES ('37', 'CD', 'Congo, The Democratic Republic of the');
INSERT INTO `ref_negara` VALUES ('38', 'CF', 'Central African Republic');
INSERT INTO `ref_negara` VALUES ('39', 'CG', 'Congo');
INSERT INTO `ref_negara` VALUES ('40', 'CH', 'Switzerland');
INSERT INTO `ref_negara` VALUES ('41', 'CK', 'Cook Islands');
INSERT INTO `ref_negara` VALUES ('42', 'CL', 'Chile');
INSERT INTO `ref_negara` VALUES ('43', 'CM', 'Cameroon');
INSERT INTO `ref_negara` VALUES ('44', 'CN', 'China');
INSERT INTO `ref_negara` VALUES ('45', 'CO', 'Colombia');
INSERT INTO `ref_negara` VALUES ('46', 'CR', 'Costa Rica');
INSERT INTO `ref_negara` VALUES ('47', 'CS', 'Serbia and Montenegro');
INSERT INTO `ref_negara` VALUES ('48', 'CU', 'Cuba');
INSERT INTO `ref_negara` VALUES ('49', 'CV', 'Cape Verde');
INSERT INTO `ref_negara` VALUES ('50', 'CX', 'Christmas Island');
INSERT INTO `ref_negara` VALUES ('51', 'CY', 'Cyprus');
INSERT INTO `ref_negara` VALUES ('52', 'CZ', 'Czech Republic');
INSERT INTO `ref_negara` VALUES ('53', 'DE', 'Germany');
INSERT INTO `ref_negara` VALUES ('54', 'DJ', 'Djibouti');
INSERT INTO `ref_negara` VALUES ('55', 'DK', 'Denmark');
INSERT INTO `ref_negara` VALUES ('56', 'DM', 'Dominica');
INSERT INTO `ref_negara` VALUES ('57', 'DO', 'Dominican Republic');
INSERT INTO `ref_negara` VALUES ('58', 'DZ', 'Algeria');
INSERT INTO `ref_negara` VALUES ('59', 'EC', 'Ecuador');
INSERT INTO `ref_negara` VALUES ('60', 'EE', 'Estonia');
INSERT INTO `ref_negara` VALUES ('61', 'EG', 'Egypt');
INSERT INTO `ref_negara` VALUES ('62', 'EH', 'Western Sahara');
INSERT INTO `ref_negara` VALUES ('63', 'ER', 'Eritrea');
INSERT INTO `ref_negara` VALUES ('64', 'ES', 'Spain');
INSERT INTO `ref_negara` VALUES ('65', 'ET', 'Ethiopia');
INSERT INTO `ref_negara` VALUES ('66', 'FI', 'Finland');
INSERT INTO `ref_negara` VALUES ('67', 'FJ', 'Fiji');
INSERT INTO `ref_negara` VALUES ('68', 'FK', 'Falkland Islands (Malvinas)');
INSERT INTO `ref_negara` VALUES ('69', 'FM', 'Micronesia, Federated States of');
INSERT INTO `ref_negara` VALUES ('70', 'FO', 'Faroe Islands');
INSERT INTO `ref_negara` VALUES ('71', 'FR', 'France');
INSERT INTO `ref_negara` VALUES ('72', 'GA', 'Gabon');
INSERT INTO `ref_negara` VALUES ('73', 'GB', 'United Kingdom');
INSERT INTO `ref_negara` VALUES ('74', 'GD', 'Grenada');
INSERT INTO `ref_negara` VALUES ('75', 'GE', 'Georgia');
INSERT INTO `ref_negara` VALUES ('76', 'GF', 'French Guiana');
INSERT INTO `ref_negara` VALUES ('77', 'GG', 'Guernsey');
INSERT INTO `ref_negara` VALUES ('78', 'GH', 'Ghana');
INSERT INTO `ref_negara` VALUES ('79', 'GI', 'Gibraltar');
INSERT INTO `ref_negara` VALUES ('80', 'GL', 'Greenland');
INSERT INTO `ref_negara` VALUES ('81', 'GM', 'Gambia');
INSERT INTO `ref_negara` VALUES ('82', 'GN', 'Guinea');
INSERT INTO `ref_negara` VALUES ('83', 'GP', 'Guadeloupe');
INSERT INTO `ref_negara` VALUES ('84', 'GQ', 'Equatorial Guinea');
INSERT INTO `ref_negara` VALUES ('85', 'GR', 'Greece');
INSERT INTO `ref_negara` VALUES ('86', 'GS', 'South Georgia and the South Sandwich Islands');
INSERT INTO `ref_negara` VALUES ('87', 'GT', 'Guatemala');
INSERT INTO `ref_negara` VALUES ('88', 'GU', 'Guam');
INSERT INTO `ref_negara` VALUES ('89', 'GW', 'Guinea-Bissau');
INSERT INTO `ref_negara` VALUES ('90', 'GY', 'Guyana');
INSERT INTO `ref_negara` VALUES ('91', 'HK', 'Hong Kong');
INSERT INTO `ref_negara` VALUES ('92', 'HM', 'Heard Island and McDonald Islands');
INSERT INTO `ref_negara` VALUES ('93', 'HN', 'Honduras');
INSERT INTO `ref_negara` VALUES ('94', 'HR', 'Croatia');
INSERT INTO `ref_negara` VALUES ('95', 'HT', 'Haiti');
INSERT INTO `ref_negara` VALUES ('96', 'HU', 'Hungary');
INSERT INTO `ref_negara` VALUES ('97', 'ID', 'Indonesia');
INSERT INTO `ref_negara` VALUES ('98', 'IE', 'Ireland');
INSERT INTO `ref_negara` VALUES ('99', 'IL', 'Israel');
INSERT INTO `ref_negara` VALUES ('100', 'IM', 'Isle of Man');
INSERT INTO `ref_negara` VALUES ('101', 'IN', 'India');
INSERT INTO `ref_negara` VALUES ('102', 'IO', 'British Indian Ocean Territory');
INSERT INTO `ref_negara` VALUES ('103', 'IQ', 'Iraq');
INSERT INTO `ref_negara` VALUES ('104', 'IR', 'Iran, Islamic Republic of');
INSERT INTO `ref_negara` VALUES ('105', 'IS', 'Iceland');
INSERT INTO `ref_negara` VALUES ('106', 'IT', 'Italy');
INSERT INTO `ref_negara` VALUES ('107', 'JE', 'Jersey');
INSERT INTO `ref_negara` VALUES ('108', 'JM', 'Jamaica');
INSERT INTO `ref_negara` VALUES ('109', 'JO', 'Jordan');
INSERT INTO `ref_negara` VALUES ('110', 'JP', 'Japan');
INSERT INTO `ref_negara` VALUES ('111', 'KE', 'Kenya');
INSERT INTO `ref_negara` VALUES ('112', 'KG', 'Kyrgyzstan');
INSERT INTO `ref_negara` VALUES ('113', 'KH', 'Cambodia');
INSERT INTO `ref_negara` VALUES ('114', 'KI', 'Kiribati');
INSERT INTO `ref_negara` VALUES ('115', 'KM', 'Comoros');
INSERT INTO `ref_negara` VALUES ('116', 'KN', 'Saint Kitts and Nevis');
INSERT INTO `ref_negara` VALUES ('117', 'KP', 'Korea, Democratic People\'s Republic of');
INSERT INTO `ref_negara` VALUES ('118', 'KR', 'Korea, Republic of');
INSERT INTO `ref_negara` VALUES ('119', 'KW', 'Kuwait');
INSERT INTO `ref_negara` VALUES ('120', 'KY', 'Cayman Islands');
INSERT INTO `ref_negara` VALUES ('121', 'KZ', 'Kazakhstan');
INSERT INTO `ref_negara` VALUES ('122', 'LA', 'Lao People\'s Democratic Republic');
INSERT INTO `ref_negara` VALUES ('123', 'LB', 'Lebanon');
INSERT INTO `ref_negara` VALUES ('124', 'LC', 'Saint Lucia');
INSERT INTO `ref_negara` VALUES ('125', 'LI', 'Liechtenstein');
INSERT INTO `ref_negara` VALUES ('126', 'LK', 'Sri Lanka');
INSERT INTO `ref_negara` VALUES ('127', 'LR', 'Liberia');
INSERT INTO `ref_negara` VALUES ('128', 'LS', 'Lesotho');
INSERT INTO `ref_negara` VALUES ('129', 'LT', 'Lithuania');
INSERT INTO `ref_negara` VALUES ('130', 'LU', 'Luxembourg');
INSERT INTO `ref_negara` VALUES ('131', 'LV', 'Latvia');
INSERT INTO `ref_negara` VALUES ('132', 'LY', 'Libyan Arab Jamahiriya');
INSERT INTO `ref_negara` VALUES ('133', 'MA', 'Morocco');
INSERT INTO `ref_negara` VALUES ('134', 'MC', 'Monaco');
INSERT INTO `ref_negara` VALUES ('135', 'MD', 'Moldova, Republic of');
INSERT INTO `ref_negara` VALUES ('136', 'ME', 'Montenegro');
INSERT INTO `ref_negara` VALUES ('137', 'MG', 'Madagascar');
INSERT INTO `ref_negara` VALUES ('138', 'MH', 'Marshall Islands');
INSERT INTO `ref_negara` VALUES ('139', 'MK', 'Macedonia, The former Yugoslav Republic of');
INSERT INTO `ref_negara` VALUES ('140', 'ML', 'Mali');
INSERT INTO `ref_negara` VALUES ('141', 'MM', 'Myanmar');
INSERT INTO `ref_negara` VALUES ('142', 'MN', 'Mongolia');
INSERT INTO `ref_negara` VALUES ('143', 'MO', 'Macao');
INSERT INTO `ref_negara` VALUES ('144', 'MP', 'Northern Mariana Islands');
INSERT INTO `ref_negara` VALUES ('145', 'MQ', 'Martinique');
INSERT INTO `ref_negara` VALUES ('146', 'MR', 'Mauritania');
INSERT INTO `ref_negara` VALUES ('147', 'MS', 'Montserrat');
INSERT INTO `ref_negara` VALUES ('148', 'MT', 'Malta');
INSERT INTO `ref_negara` VALUES ('149', 'MU', 'Mauritius');
INSERT INTO `ref_negara` VALUES ('150', 'MV', 'Maldives');
INSERT INTO `ref_negara` VALUES ('151', 'MW', 'Malawi');
INSERT INTO `ref_negara` VALUES ('152', 'MX', 'Mexico');
INSERT INTO `ref_negara` VALUES ('153', 'MY', 'Malaysia');
INSERT INTO `ref_negara` VALUES ('154', 'MZ', 'Mozambique');
INSERT INTO `ref_negara` VALUES ('155', 'NA', 'Namibia');
INSERT INTO `ref_negara` VALUES ('156', 'NC', 'New Caledonia');
INSERT INTO `ref_negara` VALUES ('157', 'NE', 'Niger');
INSERT INTO `ref_negara` VALUES ('158', 'NF', 'Norfolk Island');
INSERT INTO `ref_negara` VALUES ('159', 'NG', 'Nigeria');
INSERT INTO `ref_negara` VALUES ('160', 'NI', 'Nicaragua');
INSERT INTO `ref_negara` VALUES ('161', 'NL', 'Netherlands');
INSERT INTO `ref_negara` VALUES ('162', 'NO', 'Norway');
INSERT INTO `ref_negara` VALUES ('163', 'NP', 'Nepal');
INSERT INTO `ref_negara` VALUES ('164', 'NR', 'Nauru');
INSERT INTO `ref_negara` VALUES ('165', 'NU', 'Niue');
INSERT INTO `ref_negara` VALUES ('166', 'NZ', 'New Zealand');
INSERT INTO `ref_negara` VALUES ('167', 'OM', 'Oman');
INSERT INTO `ref_negara` VALUES ('168', 'PA', 'Panama');
INSERT INTO `ref_negara` VALUES ('169', 'PE', 'Peru');
INSERT INTO `ref_negara` VALUES ('170', 'PF', 'French Polynesia');
INSERT INTO `ref_negara` VALUES ('171', 'PG', 'Papua New Guinea');
INSERT INTO `ref_negara` VALUES ('172', 'PH', 'Philippines');
INSERT INTO `ref_negara` VALUES ('173', 'PK', 'Pakistan');
INSERT INTO `ref_negara` VALUES ('174', 'PL', 'Poland');
INSERT INTO `ref_negara` VALUES ('175', 'PM', 'Saint Pierre and Miquelon');
INSERT INTO `ref_negara` VALUES ('176', 'PN', 'Pitcairn');
INSERT INTO `ref_negara` VALUES ('177', 'PR', 'Puerto Rico');
INSERT INTO `ref_negara` VALUES ('178', 'PT', 'Portugal');
INSERT INTO `ref_negara` VALUES ('179', 'PW', 'Palau');
INSERT INTO `ref_negara` VALUES ('180', 'PY', 'Paraguay');
INSERT INTO `ref_negara` VALUES ('181', 'QA', 'Qatar');
INSERT INTO `ref_negara` VALUES ('182', 'RE', 'Reunion');
INSERT INTO `ref_negara` VALUES ('183', 'RO', 'Romania');
INSERT INTO `ref_negara` VALUES ('184', 'RS', 'Serbia');
INSERT INTO `ref_negara` VALUES ('185', 'RU', 'Russian Federation');
INSERT INTO `ref_negara` VALUES ('186', 'RW', 'Rwanda');
INSERT INTO `ref_negara` VALUES ('187', 'SA', 'Saudi Arabia');
INSERT INTO `ref_negara` VALUES ('188', 'SB', 'Solomon Islands');
INSERT INTO `ref_negara` VALUES ('189', 'SC', 'Seychelles');
INSERT INTO `ref_negara` VALUES ('190', 'SD', 'Sudan');
INSERT INTO `ref_negara` VALUES ('191', 'SE', 'Sweden');
INSERT INTO `ref_negara` VALUES ('192', 'SG', 'Singapore');
INSERT INTO `ref_negara` VALUES ('193', 'SH', 'Saint Helena');
INSERT INTO `ref_negara` VALUES ('194', 'SI', 'Slovenia');
INSERT INTO `ref_negara` VALUES ('195', 'SJ', 'Svalbard and Jan Mayen');
INSERT INTO `ref_negara` VALUES ('196', 'SK', 'Slovakia');
INSERT INTO `ref_negara` VALUES ('197', 'SL', 'Sierra Leone');
INSERT INTO `ref_negara` VALUES ('198', 'SM', 'San Marino');
INSERT INTO `ref_negara` VALUES ('199', 'SN', 'Senegal');
INSERT INTO `ref_negara` VALUES ('200', 'SO', 'Somalia');
INSERT INTO `ref_negara` VALUES ('201', 'SR', 'Suriname');
INSERT INTO `ref_negara` VALUES ('202', 'ST', 'Sao Tome and Principe');
INSERT INTO `ref_negara` VALUES ('203', 'SV', 'El Salvador');
INSERT INTO `ref_negara` VALUES ('204', 'SY', 'Syrian Arab Republic');
INSERT INTO `ref_negara` VALUES ('205', 'SZ', 'Swaziland');
INSERT INTO `ref_negara` VALUES ('206', 'TC', 'Turks and Caicos Islands');
INSERT INTO `ref_negara` VALUES ('207', 'TD', 'Chad');
INSERT INTO `ref_negara` VALUES ('208', 'TF', 'French Southern Territories');
INSERT INTO `ref_negara` VALUES ('209', 'TG', 'Togo');
INSERT INTO `ref_negara` VALUES ('210', 'TH', 'Thailand');
INSERT INTO `ref_negara` VALUES ('211', 'TJ', 'Tajikistan');
INSERT INTO `ref_negara` VALUES ('212', 'TK', 'Tokelau');
INSERT INTO `ref_negara` VALUES ('213', 'TL', 'Timor-Leste');
INSERT INTO `ref_negara` VALUES ('214', 'TM', 'Turkmenistan');
INSERT INTO `ref_negara` VALUES ('215', 'TN', 'Tunisia');
INSERT INTO `ref_negara` VALUES ('216', 'TO', 'Tonga');
INSERT INTO `ref_negara` VALUES ('217', 'TR', 'Turkey');
INSERT INTO `ref_negara` VALUES ('218', 'TT', 'Trinidad and Tobago');
INSERT INTO `ref_negara` VALUES ('219', 'TV', 'Tuvalu');
INSERT INTO `ref_negara` VALUES ('220', 'TW', 'Taiwan, Province of China');
INSERT INTO `ref_negara` VALUES ('221', 'TZ', 'Tanzania, United Republic of');
INSERT INTO `ref_negara` VALUES ('222', 'UA', 'Ukraine');
INSERT INTO `ref_negara` VALUES ('223', 'UG', 'Uganda');
INSERT INTO `ref_negara` VALUES ('224', 'UM', 'United States Minor Outlying Islands');
INSERT INTO `ref_negara` VALUES ('225', 'US', 'United States');
INSERT INTO `ref_negara` VALUES ('226', 'UY', 'Uruguay');
INSERT INTO `ref_negara` VALUES ('227', 'UZ', 'Uzbekistan');
INSERT INTO `ref_negara` VALUES ('228', 'VA', 'Holy See (Vatican City State)');
INSERT INTO `ref_negara` VALUES ('229', 'VC', 'Saint Vincent and the Grenadines');
INSERT INTO `ref_negara` VALUES ('230', 'VE', 'Venezuela');
INSERT INTO `ref_negara` VALUES ('231', 'VG', 'Virgin Islands, British');
INSERT INTO `ref_negara` VALUES ('232', 'VI', 'Virgin Islands, U.S.');
INSERT INTO `ref_negara` VALUES ('233', 'VN', 'Viet Nam');
INSERT INTO `ref_negara` VALUES ('234', 'VU', 'Vanuatu');
INSERT INTO `ref_negara` VALUES ('235', 'WF', 'Wallis and Futuna');
INSERT INTO `ref_negara` VALUES ('236', 'WS', 'Samoa');
INSERT INTO `ref_negara` VALUES ('237', 'XZ', 'Installations in International Waters');
INSERT INTO `ref_negara` VALUES ('238', 'YE', 'Yemen');
INSERT INTO `ref_negara` VALUES ('239', 'YT', 'Mayotte');
INSERT INTO `ref_negara` VALUES ('240', 'ZA', 'South Africa');
INSERT INTO `ref_negara` VALUES ('241', 'ZM', 'Zambia');
INSERT INTO `ref_negara` VALUES ('242', 'ZW', 'Zimbabwe');

-- ----------------------------
-- Table structure for ref_negeri
-- ----------------------------
DROP TABLE IF EXISTS `ref_negeri`;
CREATE TABLE `ref_negeri` (
  `id` int(2) NOT NULL,
  `nama_negeri` varchar(30) DEFAULT NULL,
  `kod_negeri` varchar(2) NOT NULL,
  PRIMARY KEY (`id`)
) ENGINE=InnoDB DEFAULT CHARSET=utf8;

-- ----------------------------
-- Records of ref_negeri
-- ----------------------------
INSERT INTO `ref_negeri` VALUES ('7', 'JOHOR', 'J');
INSERT INTO `ref_negeri` VALUES ('8', 'MELAKA', 'M');
INSERT INTO `ref_negeri` VALUES ('9', 'NEGERI SEMBILAN', 'N');
INSERT INTO `ref_negeri` VALUES ('10', 'SELANGOR', 'B');
INSERT INTO `ref_negeri` VALUES ('11', 'PERAK', 'A');
INSERT INTO `ref_negeri` VALUES ('12', 'KEDAH', 'K');
INSERT INTO `ref_negeri` VALUES ('13', 'PAHANG', 'C');
INSERT INTO `ref_negeri` VALUES ('14', 'PULAU PINANG', 'P');
INSERT INTO `ref_negeri` VALUES ('15', 'PERLIS', 'R');
INSERT INTO `ref_negeri` VALUES ('16', 'KELANTAN', 'D');
INSERT INTO `ref_negeri` VALUES ('17', 'TERENGGANU', 'T');
INSERT INTO `ref_negeri` VALUES ('18', 'SABAH', 'S');
INSERT INTO `ref_negeri` VALUES ('19', 'SARAWAK', 'Q');
INSERT INTO `ref_negeri` VALUES ('20', 'WILAYAH PERSEKUTUAN', 'W');

-- ----------------------------
-- Table structure for ref_pekerjaan
-- ----------------------------
DROP TABLE IF EXISTS `ref_pekerjaan`;
CREATE TABLE `ref_pekerjaan` (
  `id` int(10) NOT NULL AUTO_INCREMENT,
  `nama_pekerjaan` varchar(250) NOT NULL,
  `status` int(2) NOT NULL,
  PRIMARY KEY (`id`)
) ENGINE=InnoDB AUTO_INCREMENT=7 DEFAULT CHARSET=utf8;

-- ----------------------------
-- Records of ref_pekerjaan
-- ----------------------------
INSERT INTO `ref_pekerjaan` VALUES ('1', 'Bekerja Sendiri', '1');
INSERT INTO `ref_pekerjaan` VALUES ('2', 'Sektor Awam', '1');
INSERT INTO `ref_pekerjaan` VALUES ('3', 'Sektor Swasta', '1');
INSERT INTO `ref_pekerjaan` VALUES ('4', 'Pesara Berpencen', '1');
INSERT INTO `ref_pekerjaan` VALUES ('5', 'Pesara Tidak Berpencen', '1');
INSERT INTO `ref_pekerjaan` VALUES ('6', 'Tidak Bekerja', '1');

-- ----------------------------
-- Table structure for ref_pendapatan
-- ----------------------------
DROP TABLE IF EXISTS `ref_pendapatan`;
CREATE TABLE `ref_pendapatan` (
  `id` int(10) NOT NULL AUTO_INCREMENT,
  `pendapatan` varchar(100) COLLATE utf8mb4_unicode_ci NOT NULL,
  PRIMARY KEY (`id`)
) ENGINE=InnoDB AUTO_INCREMENT=12 DEFAULT CHARSET=utf8mb4 COLLATE=utf8mb4_unicode_ci;

-- ----------------------------
-- Records of ref_pendapatan
-- ----------------------------
INSERT INTO `ref_pendapatan` VALUES ('1', '499 dan kebawah');
INSERT INTO `ref_pendapatan` VALUES ('2', '500 - 999');
INSERT INTO `ref_pendapatan` VALUES ('3', '1000  1499');
INSERT INTO `ref_pendapatan` VALUES ('4', '1500  1999');
INSERT INTO `ref_pendapatan` VALUES ('5', '2000  2499');
INSERT INTO `ref_pendapatan` VALUES ('6', '2500  2999');
INSERT INTO `ref_pendapatan` VALUES ('7', '3000  3499');
INSERT INTO `ref_pendapatan` VALUES ('8', '3500  3999');
INSERT INTO `ref_pendapatan` VALUES ('9', '4000  4499');
INSERT INTO `ref_pendapatan` VALUES ('10', '4500  4999');
INSERT INTO `ref_pendapatan` VALUES ('11', 'Melebihi 5000');

-- ----------------------------
-- Table structure for ref_poskod_bandar_negeri
-- ----------------------------
DROP TABLE IF EXISTS `ref_poskod_bandar_negeri`;
CREATE TABLE `ref_poskod_bandar_negeri` (
  `id` int(10) NOT NULL AUTO_INCREMENT,
  `poskod` varchar(10) COLLATE utf8mb4_unicode_ci NOT NULL,
  `bandar` varchar(250) COLLATE utf8mb4_unicode_ci NOT NULL,
  `negeri` int(11) NOT NULL,
  PRIMARY KEY (`id`),
  KEY `negeri` (`negeri`),
  CONSTRAINT `ref_poskod_bandar_negeri_ibfk_1` FOREIGN KEY (`negeri`) REFERENCES `ref_negeri` (`id`)
) ENGINE=InnoDB AUTO_INCREMENT=522 DEFAULT CHARSET=utf8mb4 COLLATE=utf8mb4_unicode_ci;

-- ----------------------------
-- Records of ref_poskod_bandar_negeri
-- ----------------------------
INSERT INTO `ref_poskod_bandar_negeri` VALUES ('1', '02600', 'Arau', '15');
INSERT INTO `ref_poskod_bandar_negeri` VALUES ('2', '02300', 'Baseri', '15');
INSERT INTO `ref_poskod_bandar_negeri` VALUES ('3', '02500', 'Guar Sanji', '15');
INSERT INTO `ref_poskod_bandar_negeri` VALUES ('4', '02400', 'Kampung Abi', '15');
INSERT INTO `ref_poskod_bandar_negeri` VALUES ('5', '70536', 'Seremban', '9');
INSERT INTO `ref_poskod_bandar_negeri` VALUES ('6', '02000', 'KUALA PERLIS', '15');
INSERT INTO `ref_poskod_bandar_negeri` VALUES ('7', '05000', 'ALOR SETAR', '12');
INSERT INTO `ref_poskod_bandar_negeri` VALUES ('8', '05400', 'ALOR SETAR', '12');
INSERT INTO `ref_poskod_bandar_negeri` VALUES ('9', '06000', 'JITRA', '12');
INSERT INTO `ref_poskod_bandar_negeri` VALUES ('10', '06010', 'CHANGLOON', '12');
INSERT INTO `ref_poskod_bandar_negeri` VALUES ('11', '06150', 'AYER HITAM', '12');
INSERT INTO `ref_poskod_bandar_negeri` VALUES ('12', '06250', 'ALOR SETAR', '12');
INSERT INTO `ref_poskod_bandar_negeri` VALUES ('13', '06300', 'KUALA NERANG', '12');
INSERT INTO `ref_poskod_bandar_negeri` VALUES ('14', '06350', 'POKOK SENA', '12');
INSERT INTO `ref_poskod_bandar_negeri` VALUES ('15', '06400', 'POKOK SENA', '12');
INSERT INTO `ref_poskod_bandar_negeri` VALUES ('16', '06750', 'PENDANG', '12');
INSERT INTO `ref_poskod_bandar_negeri` VALUES ('17', '06900', 'YAN', '12');
INSERT INTO `ref_poskod_bandar_negeri` VALUES ('18', '07000', 'LANGKAWI', '12');
INSERT INTO `ref_poskod_bandar_negeri` VALUES ('19', '08000', 'SUNGAI PETANI', '12');
INSERT INTO `ref_poskod_bandar_negeri` VALUES ('20', '08100', 'BEDONG', '12');
INSERT INTO `ref_poskod_bandar_negeri` VALUES ('21', '08200', 'SIK', '12');
INSERT INTO `ref_poskod_bandar_negeri` VALUES ('22', '08210', 'SIK', '12');
INSERT INTO `ref_poskod_bandar_negeri` VALUES ('23', '08320', 'JENIANG', '12');
INSERT INTO `ref_poskod_bandar_negeri` VALUES ('24', '08340', 'SIK', '12');
INSERT INTO `ref_poskod_bandar_negeri` VALUES ('25', '09000', 'KULIM', '12');
INSERT INTO `ref_poskod_bandar_negeri` VALUES ('26', '09100', 'BALING', '12');
INSERT INTO `ref_poskod_bandar_negeri` VALUES ('27', '09110', 'KUALA PEGANG', '12');
INSERT INTO `ref_poskod_bandar_negeri` VALUES ('28', '09200', 'KUPANG', '12');
INSERT INTO `ref_poskod_bandar_negeri` VALUES ('29', '09300', 'KUALA KETIL', '12');
INSERT INTO `ref_poskod_bandar_negeri` VALUES ('30', '09400', 'PADANG SERAI', '12');
INSERT INTO `ref_poskod_bandar_negeri` VALUES ('31', '09600', 'LUNAS', '12');
INSERT INTO `ref_poskod_bandar_negeri` VALUES ('32', '09700', 'KARANGAN', '12');
INSERT INTO `ref_poskod_bandar_negeri` VALUES ('33', '09800', 'SERDANG', '12');
INSERT INTO `ref_poskod_bandar_negeri` VALUES ('34', '10050', 'PULAU PINANG', '14');
INSERT INTO `ref_poskod_bandar_negeri` VALUES ('35', '11000', 'BALIK PULAU', '14');
INSERT INTO `ref_poskod_bandar_negeri` VALUES ('36', '11200', 'TANJUNG BUNGAH', '14');
INSERT INTO `ref_poskod_bandar_negeri` VALUES ('37', '11600', 'JELUTONG', '14');
INSERT INTO `ref_poskod_bandar_negeri` VALUES ('38', '11700', 'GELUGOR', '14');
INSERT INTO `ref_poskod_bandar_negeri` VALUES ('39', '11900', 'BAYAN LEPAS', '14');
INSERT INTO `ref_poskod_bandar_negeri` VALUES ('40', '12000', 'BUTTERWORTH', '14');
INSERT INTO `ref_poskod_bandar_negeri` VALUES ('41', '12100', 'BUTTERWORTH', '14');
INSERT INTO `ref_poskod_bandar_negeri` VALUES ('42', '13000', 'BUTTERWORTH', '14');
INSERT INTO `ref_poskod_bandar_negeri` VALUES ('43', '13200', 'KEPALA BATAS', '14');
INSERT INTO `ref_poskod_bandar_negeri` VALUES ('44', '13500', 'PERMATANG PAUH', '14');
INSERT INTO `ref_poskod_bandar_negeri` VALUES ('45', '13600', 'PERAI', '14');
INSERT INTO `ref_poskod_bandar_negeri` VALUES ('46', '13700', 'PERAI', '14');
INSERT INTO `ref_poskod_bandar_negeri` VALUES ('47', '14000', 'BUKIT MERTAJAM', '14');
INSERT INTO `ref_poskod_bandar_negeri` VALUES ('48', '14100', 'SIMPANG AMPAT', '14');
INSERT INTO `ref_poskod_bandar_negeri` VALUES ('49', '14200', 'SUNGAI JAWI', '14');
INSERT INTO `ref_poskod_bandar_negeri` VALUES ('50', '14300', 'NIBONG TEBAL', '14');
INSERT INTO `ref_poskod_bandar_negeri` VALUES ('51', '14400', 'KUBANG SEMANG', '14');
INSERT INTO `ref_poskod_bandar_negeri` VALUES ('52', '15150', 'KOTA BHARU', '16');
INSERT INTO `ref_poskod_bandar_negeri` VALUES ('53', '16100', 'KOTA BHARU', '16');
INSERT INTO `ref_poskod_bandar_negeri` VALUES ('54', '16150', 'KOTA BHARU', '16');
INSERT INTO `ref_poskod_bandar_negeri` VALUES ('55', '16200', 'TUMPAT', '16');
INSERT INTO `ref_poskod_bandar_negeri` VALUES ('56', '16310', 'BACHOK', '16');
INSERT INTO `ref_poskod_bandar_negeri` VALUES ('57', '16450', 'KETEREH', '16');
INSERT INTO `ref_poskod_bandar_negeri` VALUES ('58', '16810', 'SELISING', '16');
INSERT INTO `ref_poskod_bandar_negeri` VALUES ('59', '17000', 'PASIR MAS', '16');
INSERT INTO `ref_poskod_bandar_negeri` VALUES ('60', '17200', 'RANTAU PANJANG', '16');
INSERT INTO `ref_poskod_bandar_negeri` VALUES ('61', '17500', 'TANAH MERAH', '16');
INSERT INTO `ref_poskod_bandar_negeri` VALUES ('62', '17700', 'AYER LANAS', '16');
INSERT INTO `ref_poskod_bandar_negeri` VALUES ('63', '18000', 'KUALA KRAI', '16');
INSERT INTO `ref_poskod_bandar_negeri` VALUES ('64', '18200', 'DABONG', '16');
INSERT INTO `ref_poskod_bandar_negeri` VALUES ('65', '18300', 'GUA MUSANG', '16');
INSERT INTO `ref_poskod_bandar_negeri` VALUES ('66', '18500', 'MACHANG', '16');
INSERT INTO `ref_poskod_bandar_negeri` VALUES ('67', '20000', 'KUALA TERENGGANU', '17');
INSERT INTO `ref_poskod_bandar_negeri` VALUES ('68', '20400', 'KUALA TERENGGANU', '17');
INSERT INTO `ref_poskod_bandar_negeri` VALUES ('69', '21000', 'KUALA TERENGGANU', '17');
INSERT INTO `ref_poskod_bandar_negeri` VALUES ('70', '21020', 'KUALA TERENGGANU', '17');
INSERT INTO `ref_poskod_bandar_negeri` VALUES ('71', '21080', 'KUALA TERENGGANU', '17');
INSERT INTO `ref_poskod_bandar_negeri` VALUES ('72', '21200', 'KUALA TERENGGANU', '17');
INSERT INTO `ref_poskod_bandar_negeri` VALUES ('73', '21210', 'KUALA TERENGGANU', '17');
INSERT INTO `ref_poskod_bandar_negeri` VALUES ('74', '21300', 'KUALA TERENGGANU', '17');
INSERT INTO `ref_poskod_bandar_negeri` VALUES ('75', '21400', 'BUKIT PAYONG', '17');
INSERT INTO `ref_poskod_bandar_negeri` VALUES ('76', '21600', 'MARANG', '17');
INSERT INTO `ref_poskod_bandar_negeri` VALUES ('77', '22000', 'JERTEH', '17');
INSERT INTO `ref_poskod_bandar_negeri` VALUES ('78', '22100', 'PERMAISURI', '17');
INSERT INTO `ref_poskod_bandar_negeri` VALUES ('79', '22200', 'KAMPONG RAJA', '17');
INSERT INTO `ref_poskod_bandar_negeri` VALUES ('80', '23100', 'PAKA', '17');
INSERT INTO `ref_poskod_bandar_negeri` VALUES ('81', '23400', 'AL MUKTAFI BILLAH SHAH', '17');
INSERT INTO `ref_poskod_bandar_negeri` VALUES ('82', '24000', 'CUKAI', '17');
INSERT INTO `ref_poskod_bandar_negeri` VALUES ('83', '24100', 'KIJAL', '17');
INSERT INTO `ref_poskod_bandar_negeri` VALUES ('84', '25150', 'KUANTAN', '13');
INSERT INTO `ref_poskod_bandar_negeri` VALUES ('85', '25250', 'KUANTAN', '13');
INSERT INTO `ref_poskod_bandar_negeri` VALUES ('86', '25300', 'KUANTAN', '13');
INSERT INTO `ref_poskod_bandar_negeri` VALUES ('87', '25350', 'KUANTAN', '13');
INSERT INTO `ref_poskod_bandar_negeri` VALUES ('88', '26080', 'KUALA ROMPIN', '13');
INSERT INTO `ref_poskod_bandar_negeri` VALUES ('89', '26100', 'KUANTAN', '13');
INSERT INTO `ref_poskod_bandar_negeri` VALUES ('90', '26150', 'BALOK', '13');
INSERT INTO `ref_poskod_bandar_negeri` VALUES ('91', '26200', 'SUNGAI LEMBING', '13');
INSERT INTO `ref_poskod_bandar_negeri` VALUES ('92', '26250', 'JAYA GADING', '13');
INSERT INTO `ref_poskod_bandar_negeri` VALUES ('93', '26300', 'GAMBANG', '13');
INSERT INTO `ref_poskod_bandar_negeri` VALUES ('94', '26350', 'GAMBANG', '13');
INSERT INTO `ref_poskod_bandar_negeri` VALUES ('95', '26400', 'BANDAR PUSAT JENGKA', '13');
INSERT INTO `ref_poskod_bandar_negeri` VALUES ('96', '26410', 'BANDAR PUSAT JENGKA', '13');
INSERT INTO `ref_poskod_bandar_negeri` VALUES ('97', '26420', 'BANDAR PUSAT JENGKA', '13');
INSERT INTO `ref_poskod_bandar_negeri` VALUES ('98', '26430', 'BANDAR PUSAT JENGKA', '13');
INSERT INTO `ref_poskod_bandar_negeri` VALUES ('99', '26440', 'BANDAR PUSAT JENGKA', '13');
INSERT INTO `ref_poskod_bandar_negeri` VALUES ('100', '26450', 'BANDAR PUSAT JENGKA', '13');
INSERT INTO `ref_poskod_bandar_negeri` VALUES ('101', '26600', 'PEKAN', '13');
INSERT INTO `ref_poskod_bandar_negeri` VALUES ('102', '26700', 'MUADZAM SHAH', '13');
INSERT INTO `ref_poskod_bandar_negeri` VALUES ('103', '27000', 'JERANTUT', '13');
INSERT INTO `ref_poskod_bandar_negeri` VALUES ('104', '27200', 'KUALA LIPIS', '13');
INSERT INTO `ref_poskod_bandar_negeri` VALUES ('105', '27600', 'RAUB', '13');
INSERT INTO `ref_poskod_bandar_negeri` VALUES ('106', '27650', 'MARAN', '13');
INSERT INTO `ref_poskod_bandar_negeri` VALUES ('107', '28010', 'TEMERLOH', '13');
INSERT INTO `ref_poskod_bandar_negeri` VALUES ('108', '28300', 'TRIANG', '13');
INSERT INTO `ref_poskod_bandar_negeri` VALUES ('109', '28400', 'MENTAKAB', '13');
INSERT INTO `ref_poskod_bandar_negeri` VALUES ('110', '28600', 'KARAK', '13');
INSERT INTO `ref_poskod_bandar_negeri` VALUES ('111', '30000', 'IPOH', '11');
INSERT INTO `ref_poskod_bandar_negeri` VALUES ('112', '30010', 'IPOH', '11');
INSERT INTO `ref_poskod_bandar_negeri` VALUES ('113', '30350', 'IPOH', '11');
INSERT INTO `ref_poskod_bandar_negeri` VALUES ('114', '31000', 'BATU GAJAH', '11');
INSERT INTO `ref_poskod_bandar_negeri` VALUES ('115', '31100', 'SUNGAI SIPUT', '11');
INSERT INTO `ref_poskod_bandar_negeri` VALUES ('116', '31150', 'ULU KINTA', '11');
INSERT INTO `ref_poskod_bandar_negeri` VALUES ('117', '31350', 'IPOH', '11');
INSERT INTO `ref_poskod_bandar_negeri` VALUES ('118', '31400', 'IPOH', '11');
INSERT INTO `ref_poskod_bandar_negeri` VALUES ('119', '31500', 'IPOH', '11');
INSERT INTO `ref_poskod_bandar_negeri` VALUES ('120', '31600', 'GOPENG', '11');
INSERT INTO `ref_poskod_bandar_negeri` VALUES ('121', '31800', 'TANJONG TUALANG', '11');
INSERT INTO `ref_poskod_bandar_negeri` VALUES ('122', '32000', 'SITIAWAN', '11');
INSERT INTO `ref_poskod_bandar_negeri` VALUES ('123', '32400', 'AYER TAWAR', '11');
INSERT INTO `ref_poskod_bandar_negeri` VALUES ('124', '32500', 'CHANGKAT KERUING', '11');
INSERT INTO `ref_poskod_bandar_negeri` VALUES ('125', '32800', 'PARIT', '11');
INSERT INTO `ref_poskod_bandar_negeri` VALUES ('126', '33000', 'KUALA KANGSAR', '11');
INSERT INTO `ref_poskod_bandar_negeri` VALUES ('127', '33007', 'KUALA KANGSAR', '11');
INSERT INTO `ref_poskod_bandar_negeri` VALUES ('128', '33009', 'KUALA KANGSAR', '11');
INSERT INTO `ref_poskod_bandar_negeri` VALUES ('129', '33010', 'KUALA KANGSAR', '11');
INSERT INTO `ref_poskod_bandar_negeri` VALUES ('130', '33040', 'KUALA KANGSAR', '11');
INSERT INTO `ref_poskod_bandar_negeri` VALUES ('131', '33300', 'GERIK', '11');
INSERT INTO `ref_poskod_bandar_negeri` VALUES ('132', '33320', 'GERIK', '11');
INSERT INTO `ref_poskod_bandar_negeri` VALUES ('133', '33400', 'LENGGONG', '11');
INSERT INTO `ref_poskod_bandar_negeri` VALUES ('134', '33410', 'LENGGONG', '11');
INSERT INTO `ref_poskod_bandar_negeri` VALUES ('135', '33800', 'MANONG', '11');
INSERT INTO `ref_poskod_bandar_negeri` VALUES ('136', '34000', 'TAIPING', '11');
INSERT INTO `ref_poskod_bandar_negeri` VALUES ('137', '34100', 'SELAMA', '11');
INSERT INTO `ref_poskod_bandar_negeri` VALUES ('138', '34200', 'PARIT BUNTAR', '11');
INSERT INTO `ref_poskod_bandar_negeri` VALUES ('139', '34250', 'TANJONG PIANDANG', '11');
INSERT INTO `ref_poskod_bandar_negeri` VALUES ('140', '34300', 'BAGAN SERAI', '11');
INSERT INTO `ref_poskod_bandar_negeri` VALUES ('141', '34350', 'KUALA KURAU', '11');
INSERT INTO `ref_poskod_bandar_negeri` VALUES ('142', '34400', 'SIMPANG AMPAT SEMANGGOL', '11');
INSERT INTO `ref_poskod_bandar_negeri` VALUES ('143', '34500', 'BATU KURAU', '11');
INSERT INTO `ref_poskod_bandar_negeri` VALUES ('144', '34510', 'BATU KURAU', '11');
INSERT INTO `ref_poskod_bandar_negeri` VALUES ('145', '34600', 'KAMUNTING', '11');
INSERT INTO `ref_poskod_bandar_negeri` VALUES ('146', '34650', 'KUALA SEPETANG', '11');
INSERT INTO `ref_poskod_bandar_negeri` VALUES ('147', '34700', 'SIMPANG', '11');
INSERT INTO `ref_poskod_bandar_negeri` VALUES ('148', '34750', 'MATANG', '11');
INSERT INTO `ref_poskod_bandar_negeri` VALUES ('149', '34800', 'TRONG', '11');
INSERT INTO `ref_poskod_bandar_negeri` VALUES ('150', '34850', 'CHANGKAT JERING', '11');
INSERT INTO `ref_poskod_bandar_negeri` VALUES ('151', '34900', 'PANTAI REMIS', '11');
INSERT INTO `ref_poskod_bandar_negeri` VALUES ('152', '34950', 'BANDAR BAHARU', '12');
INSERT INTO `ref_poskod_bandar_negeri` VALUES ('153', '35800', 'SLIM RIVER', '11');
INSERT INTO `ref_poskod_bandar_negeri` VALUES ('154', '36000', 'TELUK INTAN', '11');
INSERT INTO `ref_poskod_bandar_negeri` VALUES ('155', '36100', 'BAGAN DATOH', '11');
INSERT INTO `ref_poskod_bandar_negeri` VALUES ('156', '36200', 'SELEKOH', '11');
INSERT INTO `ref_poskod_bandar_negeri` VALUES ('157', '36300', 'SUNGAI SUMUN', '11');
INSERT INTO `ref_poskod_bandar_negeri` VALUES ('158', '36400', 'HUTAN MELINTANG', '11');
INSERT INTO `ref_poskod_bandar_negeri` VALUES ('159', '36800', 'KAMPONG GAJAH', '11');
INSERT INTO `ref_poskod_bandar_negeri` VALUES ('160', '40000', 'SHAH ALAM', '10');
INSERT INTO `ref_poskod_bandar_negeri` VALUES ('161', '40100', 'SHAH ALAM', '10');
INSERT INTO `ref_poskod_bandar_negeri` VALUES ('162', '40150', 'SHAH ALAM', '10');
INSERT INTO `ref_poskod_bandar_negeri` VALUES ('163', '40160', 'SHAH ALAM', '10');
INSERT INTO `ref_poskod_bandar_negeri` VALUES ('164', '40170', 'SHAH ALAM', '10');
INSERT INTO `ref_poskod_bandar_negeri` VALUES ('165', '40200', 'SHAH ALAM', '10');
INSERT INTO `ref_poskod_bandar_negeri` VALUES ('166', '40300', 'SHAH ALAM', '10');
INSERT INTO `ref_poskod_bandar_negeri` VALUES ('167', '40400', 'SHAH ALAM', '10');
INSERT INTO `ref_poskod_bandar_negeri` VALUES ('168', '40450', 'SHAH ALAM', '10');
INSERT INTO `ref_poskod_bandar_negeri` VALUES ('169', '40460', 'SHAH ALAM', '10');
INSERT INTO `ref_poskod_bandar_negeri` VALUES ('170', '40470', 'SHAH ALAM', '10');
INSERT INTO `ref_poskod_bandar_negeri` VALUES ('171', '40500', 'SHAH ALAM', '10');
INSERT INTO `ref_poskod_bandar_negeri` VALUES ('172', '40550', 'SHAH ALAM', '10');
INSERT INTO `ref_poskod_bandar_negeri` VALUES ('173', '40560', 'SHAH ALAM', '10');
INSERT INTO `ref_poskod_bandar_negeri` VALUES ('174', '40570', 'SHAH ALAM', '10');
INSERT INTO `ref_poskod_bandar_negeri` VALUES ('175', '40700', 'SHAH ALAM', '10');
INSERT INTO `ref_poskod_bandar_negeri` VALUES ('176', '41000', 'KLANG', '10');
INSERT INTO `ref_poskod_bandar_negeri` VALUES ('177', '41050', 'KLANG', '10');
INSERT INTO `ref_poskod_bandar_negeri` VALUES ('178', '41100', 'KLANG', '10');
INSERT INTO `ref_poskod_bandar_negeri` VALUES ('179', '41150', 'KLANG', '10');
INSERT INTO `ref_poskod_bandar_negeri` VALUES ('180', '41200', 'KLANG', '10');
INSERT INTO `ref_poskod_bandar_negeri` VALUES ('181', '41250', 'KLANG', '10');
INSERT INTO `ref_poskod_bandar_negeri` VALUES ('182', '41300', 'KLANG', '10');
INSERT INTO `ref_poskod_bandar_negeri` VALUES ('183', '41400', 'KLANG', '10');
INSERT INTO `ref_poskod_bandar_negeri` VALUES ('184', '41500', 'KLANG', '10');
INSERT INTO `ref_poskod_bandar_negeri` VALUES ('185', '41700', 'KLANG', '10');
INSERT INTO `ref_poskod_bandar_negeri` VALUES ('186', '41900', 'KLANG', '10');
INSERT INTO `ref_poskod_bandar_negeri` VALUES ('187', '42000', 'PELABUHAN KLANG', '10');
INSERT INTO `ref_poskod_bandar_negeri` VALUES ('188', '42100', 'KLANG', '10');
INSERT INTO `ref_poskod_bandar_negeri` VALUES ('189', '42200', 'KAPAR', '10');
INSERT INTO `ref_poskod_bandar_negeri` VALUES ('190', '42300', 'BANDAR PUNCAK ALAM', '10');
INSERT INTO `ref_poskod_bandar_negeri` VALUES ('191', '42500', 'TELOK PANGLIMA GARANG', '10');
INSERT INTO `ref_poskod_bandar_negeri` VALUES ('192', '42600', 'JENJAROM', '10');
INSERT INTO `ref_poskod_bandar_negeri` VALUES ('193', '42700', 'BANTING', '10');
INSERT INTO `ref_poskod_bandar_negeri` VALUES ('194', '42800', 'TANJONG SEPAT', '10');
INSERT INTO `ref_poskod_bandar_negeri` VALUES ('195', '43000', 'KAJANG', '10');
INSERT INTO `ref_poskod_bandar_negeri` VALUES ('196', '43100', 'HULU LANGAT', '10');
INSERT INTO `ref_poskod_bandar_negeri` VALUES ('197', '43200', 'CHERAS', '10');
INSERT INTO `ref_poskod_bandar_negeri` VALUES ('198', '43300', 'SERI KEMBANGAN', '10');
INSERT INTO `ref_poskod_bandar_negeri` VALUES ('199', '43400', 'UPM SERDANG', '10');
INSERT INTO `ref_poskod_bandar_negeri` VALUES ('200', '43500', 'SEMENYIH', '10');
INSERT INTO `ref_poskod_bandar_negeri` VALUES ('201', '43600', 'UKM BANGI', '10');
INSERT INTO `ref_poskod_bandar_negeri` VALUES ('202', '43650', 'BANDAR BARU BANGI', '10');
INSERT INTO `ref_poskod_bandar_negeri` VALUES ('203', '43700', 'BERANANG', '10');
INSERT INTO `ref_poskod_bandar_negeri` VALUES ('204', '43800', 'DENGKIL', '10');
INSERT INTO `ref_poskod_bandar_negeri` VALUES ('205', '43900', 'SEPANG', '10');
INSERT INTO `ref_poskod_bandar_negeri` VALUES ('206', '43950', 'SUNGAI PELEK', '10');
INSERT INTO `ref_poskod_bandar_negeri` VALUES ('207', '44000', 'KUALA KUBU BARU', '10');
INSERT INTO `ref_poskod_bandar_negeri` VALUES ('208', '44100', 'KERLING', '10');
INSERT INTO `ref_poskod_bandar_negeri` VALUES ('209', '44200', 'RASA', '10');
INSERT INTO `ref_poskod_bandar_negeri` VALUES ('210', '44300', 'BATANG KALI', '10');
INSERT INTO `ref_poskod_bandar_negeri` VALUES ('211', '45000', 'KUALA SELANGOR', '10');
INSERT INTO `ref_poskod_bandar_negeri` VALUES ('212', '45100', 'SUNGAI AYER TAWAR', '10');
INSERT INTO `ref_poskod_bandar_negeri` VALUES ('213', '45200', 'SABAK BERNAM', '10');
INSERT INTO `ref_poskod_bandar_negeri` VALUES ('214', '45300', 'SUNGAI BESAR', '10');
INSERT INTO `ref_poskod_bandar_negeri` VALUES ('215', '45400', 'SEKINCHAN', '10');
INSERT INTO `ref_poskod_bandar_negeri` VALUES ('216', '45500', 'TANJONG KARANG', '10');
INSERT INTO `ref_poskod_bandar_negeri` VALUES ('217', '45600', 'BATANG BERJUNTAI', '10');
INSERT INTO `ref_poskod_bandar_negeri` VALUES ('218', '45700', 'BUKIT ROTAN', '10');
INSERT INTO `ref_poskod_bandar_negeri` VALUES ('219', '45800', 'JERAM', '10');
INSERT INTO `ref_poskod_bandar_negeri` VALUES ('220', '46000', 'PETALING JAYA', '10');
INSERT INTO `ref_poskod_bandar_negeri` VALUES ('221', '46050', 'PETALING JAYA', '10');
INSERT INTO `ref_poskod_bandar_negeri` VALUES ('222', '46100', 'PETALING JAYA', '10');
INSERT INTO `ref_poskod_bandar_negeri` VALUES ('223', '46150', 'PETALING JAYA', '10');
INSERT INTO `ref_poskod_bandar_negeri` VALUES ('224', '46200', 'PETALING JAYA', '10');
INSERT INTO `ref_poskod_bandar_negeri` VALUES ('225', '46300', 'PETALING JAYA', '10');
INSERT INTO `ref_poskod_bandar_negeri` VALUES ('226', '46350', 'PETALING JAYA', '10');
INSERT INTO `ref_poskod_bandar_negeri` VALUES ('227', '46400', 'PETALING JAYA', '10');
INSERT INTO `ref_poskod_bandar_negeri` VALUES ('228', '46700', 'PETALING JAYA', '10');
INSERT INTO `ref_poskod_bandar_negeri` VALUES ('229', '46710', 'PETALING JAYA', '10');
INSERT INTO `ref_poskod_bandar_negeri` VALUES ('230', '46720', 'PETALING JAYA', '10');
INSERT INTO `ref_poskod_bandar_negeri` VALUES ('231', '46730', 'PETALING JAYA', '10');
INSERT INTO `ref_poskod_bandar_negeri` VALUES ('232', '46740', 'PETALING JAYA', '10');
INSERT INTO `ref_poskod_bandar_negeri` VALUES ('233', '46750', 'PETALING JAYA', '10');
INSERT INTO `ref_poskod_bandar_negeri` VALUES ('234', '46760', 'PETALING JAYA', '10');
INSERT INTO `ref_poskod_bandar_negeri` VALUES ('235', '46770', 'PETALING JAYA', '10');
INSERT INTO `ref_poskod_bandar_negeri` VALUES ('236', '46780', 'PETALING JAYA', '10');
INSERT INTO `ref_poskod_bandar_negeri` VALUES ('237', '46790', 'PETALING JAYA', '10');
INSERT INTO `ref_poskod_bandar_negeri` VALUES ('238', '46800', 'PETALING JAYA', '10');
INSERT INTO `ref_poskod_bandar_negeri` VALUES ('239', '47000', 'SUNGAI BULOH', '10');
INSERT INTO `ref_poskod_bandar_negeri` VALUES ('240', '47100', 'PUCHONG', '10');
INSERT INTO `ref_poskod_bandar_negeri` VALUES ('241', '47110', 'PUCHONG', '10');
INSERT INTO `ref_poskod_bandar_negeri` VALUES ('242', '47120', 'PUCHONG', '10');
INSERT INTO `ref_poskod_bandar_negeri` VALUES ('243', '47130', 'PUCHONG', '10');
INSERT INTO `ref_poskod_bandar_negeri` VALUES ('244', '47140', 'PUCHONG', '10');
INSERT INTO `ref_poskod_bandar_negeri` VALUES ('245', '47150', 'PUCHONG', '10');
INSERT INTO `ref_poskod_bandar_negeri` VALUES ('246', '47160', 'PUCHONG', '10');
INSERT INTO `ref_poskod_bandar_negeri` VALUES ('247', '47170', 'PUCHONG', '10');
INSERT INTO `ref_poskod_bandar_negeri` VALUES ('248', '47180', 'PUCHONG', '10');
INSERT INTO `ref_poskod_bandar_negeri` VALUES ('249', '47190', 'PUCHONG', '10');
INSERT INTO `ref_poskod_bandar_negeri` VALUES ('250', '47200', 'SUBANG AIRPORT', '10');
INSERT INTO `ref_poskod_bandar_negeri` VALUES ('251', '47300', 'PETALING JAYA', '10');
INSERT INTO `ref_poskod_bandar_negeri` VALUES ('252', '47301', 'PETALING JAYA', '10');
INSERT INTO `ref_poskod_bandar_negeri` VALUES ('253', '47400', 'PETALING JAYA', '10');
INSERT INTO `ref_poskod_bandar_negeri` VALUES ('254', '47410', 'PETALING JAYA', '10');
INSERT INTO `ref_poskod_bandar_negeri` VALUES ('255', '47500', 'SUBANG JAYA', '10');
INSERT INTO `ref_poskod_bandar_negeri` VALUES ('256', '47600', 'SUBANG JAYA', '10');
INSERT INTO `ref_poskod_bandar_negeri` VALUES ('257', '47610', 'SUBANG JAYA', '10');
INSERT INTO `ref_poskod_bandar_negeri` VALUES ('258', '47620', 'SUBANG JAYA', '10');
INSERT INTO `ref_poskod_bandar_negeri` VALUES ('259', '47630', 'SUBANG JAYA', '10');
INSERT INTO `ref_poskod_bandar_negeri` VALUES ('260', '47640', 'SUBANG JAYA', '10');
INSERT INTO `ref_poskod_bandar_negeri` VALUES ('261', '47650', 'SUBANG JAYA', '10');
INSERT INTO `ref_poskod_bandar_negeri` VALUES ('262', '47800', 'PETALING JAYA', '10');
INSERT INTO `ref_poskod_bandar_negeri` VALUES ('263', '47810', 'PETALING JAYA', '10');
INSERT INTO `ref_poskod_bandar_negeri` VALUES ('264', '47820', 'PETALING JAYA', '10');
INSERT INTO `ref_poskod_bandar_negeri` VALUES ('265', '47830', 'PETALING JAYA', '10');
INSERT INTO `ref_poskod_bandar_negeri` VALUES ('266', '48000', 'RAWANG', '10');
INSERT INTO `ref_poskod_bandar_negeri` VALUES ('267', '48050', 'RAWANG', '10');
INSERT INTO `ref_poskod_bandar_negeri` VALUES ('268', '48100', 'BATU ARANG', '10');
INSERT INTO `ref_poskod_bandar_negeri` VALUES ('269', '48200', 'SERENDAH', '10');
INSERT INTO `ref_poskod_bandar_negeri` VALUES ('270', '48300', 'RAWANG', '10');
INSERT INTO `ref_poskod_bandar_negeri` VALUES ('271', '49000', 'BUKIT FRASER', '13');
INSERT INTO `ref_poskod_bandar_negeri` VALUES ('272', '50000', 'KUALA LUMPUR', '20');
INSERT INTO `ref_poskod_bandar_negeri` VALUES ('273', '50050', 'KUALA LUMPUR', '20');
INSERT INTO `ref_poskod_bandar_negeri` VALUES ('274', '50100', 'KUALA LUMPUR', '20');
INSERT INTO `ref_poskod_bandar_negeri` VALUES ('275', '50150', 'KUALA LUMPUR', '20');
INSERT INTO `ref_poskod_bandar_negeri` VALUES ('276', '50200', 'KUALA LUMPUR', '20');
INSERT INTO `ref_poskod_bandar_negeri` VALUES ('277', '50250', 'KUALA LUMPUR', '20');
INSERT INTO `ref_poskod_bandar_negeri` VALUES ('278', '50300', 'KUALA LUMPUR', '20');
INSERT INTO `ref_poskod_bandar_negeri` VALUES ('279', '50350', 'KUALA LUMPUR', '20');
INSERT INTO `ref_poskod_bandar_negeri` VALUES ('280', '50400', 'KUALA LUMPUR', '20');
INSERT INTO `ref_poskod_bandar_negeri` VALUES ('281', '50450', 'KUALA LUMPUR', '20');
INSERT INTO `ref_poskod_bandar_negeri` VALUES ('282', '50500', 'KUALA LUMPUR', '20');
INSERT INTO `ref_poskod_bandar_negeri` VALUES ('283', '50550', 'KUALA LUMPUR', '20');
INSERT INTO `ref_poskod_bandar_negeri` VALUES ('284', '50600', 'KUALA LUMPUR', '20');
INSERT INTO `ref_poskod_bandar_negeri` VALUES ('285', '50609', 'KUALA LUMPUR', '20');
INSERT INTO `ref_poskod_bandar_negeri` VALUES ('286', '50650', 'KUALA LUMPUR', '20');
INSERT INTO `ref_poskod_bandar_negeri` VALUES ('287', '50700', 'KUALA LUMPUR', '20');
INSERT INTO `ref_poskod_bandar_negeri` VALUES ('288', '50750', 'KUALA LUMPUR', '20');
INSERT INTO `ref_poskod_bandar_negeri` VALUES ('289', '50800', 'KUALA LUMPUR', '20');
INSERT INTO `ref_poskod_bandar_negeri` VALUES ('290', '50950', 'KUALA LUMPUR', '20');
INSERT INTO `ref_poskod_bandar_negeri` VALUES ('291', '51000', 'KUALA LUMPUR', '20');
INSERT INTO `ref_poskod_bandar_negeri` VALUES ('292', '51100', 'KUALA LUMPUR', '20');
INSERT INTO `ref_poskod_bandar_negeri` VALUES ('293', '51200', 'KUALA LUMPUR', '10');
INSERT INTO `ref_poskod_bandar_negeri` VALUES ('294', '51700', 'KUALA LUMPUR', '20');
INSERT INTO `ref_poskod_bandar_negeri` VALUES ('295', '52000', 'KUALA LUMPUR', '20');
INSERT INTO `ref_poskod_bandar_negeri` VALUES ('296', '52100', 'KUALA LUMPUR', '13');
INSERT INTO `ref_poskod_bandar_negeri` VALUES ('297', '52200', 'KUALA LUMPUR', '20');
INSERT INTO `ref_poskod_bandar_negeri` VALUES ('298', '53000', 'KUALA LUMPUR', '20');
INSERT INTO `ref_poskod_bandar_negeri` VALUES ('299', '53100', 'GOMBAK', '10');
INSERT INTO `ref_poskod_bandar_negeri` VALUES ('300', '53200', 'KUALA LUMPUR', '20');
INSERT INTO `ref_poskod_bandar_negeri` VALUES ('301', '53300', 'KUALA LUMPUR', '20');
INSERT INTO `ref_poskod_bandar_negeri` VALUES ('302', '53700', 'KUALA LUMPUR', '20');
INSERT INTO `ref_poskod_bandar_negeri` VALUES ('303', '53800', 'KUALA LUMPUR', '20');
INSERT INTO `ref_poskod_bandar_negeri` VALUES ('304', '54000', 'KUALA LUMPUR', '20');
INSERT INTO `ref_poskod_bandar_negeri` VALUES ('305', '54100', 'KUALA LUMPUR', '20');
INSERT INTO `ref_poskod_bandar_negeri` VALUES ('306', '54200', 'KUALA LUMPUR', '10');
INSERT INTO `ref_poskod_bandar_negeri` VALUES ('307', '55000', 'KUALA LUMPUR', '20');
INSERT INTO `ref_poskod_bandar_negeri` VALUES ('308', '55100', 'PANDAN', '10');
INSERT INTO `ref_poskod_bandar_negeri` VALUES ('309', '55200', 'KUALA LUMPUR', '20');
INSERT INTO `ref_poskod_bandar_negeri` VALUES ('310', '55300', 'KUALA LUMPUR', '20');
INSERT INTO `ref_poskod_bandar_negeri` VALUES ('311', '55700', 'KUALA LUMPUR', '20');
INSERT INTO `ref_poskod_bandar_negeri` VALUES ('312', '56000', 'KUALA LUMPUR', '20');
INSERT INTO `ref_poskod_bandar_negeri` VALUES ('313', '56100', 'CHERAS', '10');
INSERT INTO `ref_poskod_bandar_negeri` VALUES ('314', '57000', 'KUALA LUMPUR', '20');
INSERT INTO `ref_poskod_bandar_negeri` VALUES ('315', '57100', 'KUALA LUMPUR', '20');
INSERT INTO `ref_poskod_bandar_negeri` VALUES ('316', '58000', 'KUALA LUMPUR', '20');
INSERT INTO `ref_poskod_bandar_negeri` VALUES ('317', '58100', 'KUALA LUMPUR', '20');
INSERT INTO `ref_poskod_bandar_negeri` VALUES ('318', '58200', 'KUALA LUMPUR', '20');
INSERT INTO `ref_poskod_bandar_negeri` VALUES ('319', '59000', 'KUALA LUMPUR', '20');
INSERT INTO `ref_poskod_bandar_negeri` VALUES ('320', '59100', 'KUALA LUMPUR', '20');
INSERT INTO `ref_poskod_bandar_negeri` VALUES ('321', '59200', 'KUALA LUMPUR', '20');
INSERT INTO `ref_poskod_bandar_negeri` VALUES ('322', '60000', 'KUALA LUMPUR', '20');
INSERT INTO `ref_poskod_bandar_negeri` VALUES ('323', '62000', 'PUTRAJAYA', '20');
INSERT INTO `ref_poskod_bandar_negeri` VALUES ('324', '62050', 'PUTRAJAYA', '20');
INSERT INTO `ref_poskod_bandar_negeri` VALUES ('325', '62100', 'PUTRAJAYA', '20');
INSERT INTO `ref_poskod_bandar_negeri` VALUES ('326', '62150', 'PUTRAJAYA', '20');
INSERT INTO `ref_poskod_bandar_negeri` VALUES ('327', '62300', 'PUTRAJAYA', '20');
INSERT INTO `ref_poskod_bandar_negeri` VALUES ('328', '63000', 'CYBERJAYA', '10');
INSERT INTO `ref_poskod_bandar_negeri` VALUES ('329', '63100', 'CYBERJAYA', '10');
INSERT INTO `ref_poskod_bandar_negeri` VALUES ('330', '63300', 'CYBERJAYA', '10');
INSERT INTO `ref_poskod_bandar_negeri` VALUES ('331', '64000', 'KLIA', '10');
INSERT INTO `ref_poskod_bandar_negeri` VALUES ('332', '68000', 'AMPANG', '10');
INSERT INTO `ref_poskod_bandar_negeri` VALUES ('333', '68100', 'BATU CAVES', '10');
INSERT INTO `ref_poskod_bandar_negeri` VALUES ('334', '70000', 'SEREMBAN', '9');
INSERT INTO `ref_poskod_bandar_negeri` VALUES ('335', '70100', 'SEREMBAN', '9');
INSERT INTO `ref_poskod_bandar_negeri` VALUES ('336', '70200', 'SEREMBAN', '9');
INSERT INTO `ref_poskod_bandar_negeri` VALUES ('337', '70300', 'SEREMBAN', '9');
INSERT INTO `ref_poskod_bandar_negeri` VALUES ('338', '70400', 'SEREMBAN', '9');
INSERT INTO `ref_poskod_bandar_negeri` VALUES ('339', '71000', 'PORT DICKSON', '9');
INSERT INTO `ref_poskod_bandar_negeri` VALUES ('340', '71150', 'LINGGI', '9');
INSERT INTO `ref_poskod_bandar_negeri` VALUES ('341', '71350', 'KOTA', '9');
INSERT INTO `ref_poskod_bandar_negeri` VALUES ('342', '71650', 'KUALA KLAWANG', '9');
INSERT INTO `ref_poskod_bandar_negeri` VALUES ('343', '72000', 'KUALA PILAH', '9');
INSERT INTO `ref_poskod_bandar_negeri` VALUES ('344', '72100', 'BAHAU', '9');
INSERT INTO `ref_poskod_bandar_negeri` VALUES ('345', '72120', 'BANDAR SERI JEMPOL', '9');
INSERT INTO `ref_poskod_bandar_negeri` VALUES ('346', '73000', 'TAMPIN', '9');
INSERT INTO `ref_poskod_bandar_negeri` VALUES ('347', '73100', 'JOHOL', '9');
INSERT INTO `ref_poskod_bandar_negeri` VALUES ('348', '73200', 'GEMENCHEH', '9');
INSERT INTO `ref_poskod_bandar_negeri` VALUES ('349', '73300', 'GEMENCHEH', '9');
INSERT INTO `ref_poskod_bandar_negeri` VALUES ('350', '73400', 'GEMAS', '9');
INSERT INTO `ref_poskod_bandar_negeri` VALUES ('351', '73420', 'GEMAS', '9');
INSERT INTO `ref_poskod_bandar_negeri` VALUES ('352', '75000', 'MELAKA', '8');
INSERT INTO `ref_poskod_bandar_negeri` VALUES ('353', '75100', 'MELAKA', '8');
INSERT INTO `ref_poskod_bandar_negeri` VALUES ('354', '75200', 'MELAKA', '8');
INSERT INTO `ref_poskod_bandar_negeri` VALUES ('355', '75300', 'MELAKA', '8');
INSERT INTO `ref_poskod_bandar_negeri` VALUES ('356', '75400', 'MELAKA', '8');
INSERT INTO `ref_poskod_bandar_negeri` VALUES ('357', '75450', 'AIR KEROH', '8');
INSERT INTO `ref_poskod_bandar_negeri` VALUES ('358', '76100', 'DURIAN TUNGGAL', '8');
INSERT INTO `ref_poskod_bandar_negeri` VALUES ('359', '76200', 'MASJID TANAH', '8');
INSERT INTO `ref_poskod_bandar_negeri` VALUES ('360', '76300', 'MASJID TANAH', '8');
INSERT INTO `ref_poskod_bandar_negeri` VALUES ('361', '77000', 'JASIN', '8');
INSERT INTO `ref_poskod_bandar_negeri` VALUES ('362', '77100', 'ASAHAN', '8');
INSERT INTO `ref_poskod_bandar_negeri` VALUES ('363', '77200', 'BEMBAN', '8');
INSERT INTO `ref_poskod_bandar_negeri` VALUES ('364', '77300', 'MERLIMAU', '8');
INSERT INTO `ref_poskod_bandar_negeri` VALUES ('365', '77400', 'SUNGAI RAMBAI', '8');
INSERT INTO `ref_poskod_bandar_negeri` VALUES ('366', '78000', 'ALOR GAJAH', '8');
INSERT INTO `ref_poskod_bandar_negeri` VALUES ('367', '78100', 'MASJID TANAH', '8');
INSERT INTO `ref_poskod_bandar_negeri` VALUES ('368', '78200', 'MASJID TANAH', '8');
INSERT INTO `ref_poskod_bandar_negeri` VALUES ('369', '78300', 'MASJID TANAH', '8');
INSERT INTO `ref_poskod_bandar_negeri` VALUES ('370', '81000', 'KULAI', '7');
INSERT INTO `ref_poskod_bandar_negeri` VALUES ('371', '81100', 'JOHOR BAHRU', '7');
INSERT INTO `ref_poskod_bandar_negeri` VALUES ('372', '81200', 'JOHOR BAHRU', '7');
INSERT INTO `ref_poskod_bandar_negeri` VALUES ('373', '81300', 'JOHOR BAHRU', '7');
INSERT INTO `ref_poskod_bandar_negeri` VALUES ('374', '81400', 'SENAI', '7');
INSERT INTO `ref_poskod_bandar_negeri` VALUES ('375', '81450', 'GUGUSAN TAIB ANDAK', '7');
INSERT INTO `ref_poskod_bandar_negeri` VALUES ('376', '81500', 'PEKAN NENAS', '7');
INSERT INTO `ref_poskod_bandar_negeri` VALUES ('377', '81550', 'GELANG PATAH', '7');
INSERT INTO `ref_poskod_bandar_negeri` VALUES ('378', '81600', 'PENGERANG', '7');
INSERT INTO `ref_poskod_bandar_negeri` VALUES ('379', '81700', 'PASIR GUDANG', '7');
INSERT INTO `ref_poskod_bandar_negeri` VALUES ('380', '81750', 'MASAI', '7');
INSERT INTO `ref_poskod_bandar_negeri` VALUES ('381', '81800', 'ULU TIRAM', '7');
INSERT INTO `ref_poskod_bandar_negeri` VALUES ('382', '81900', 'KOTA TINGGI', '7');
INSERT INTO `ref_poskod_bandar_negeri` VALUES ('383', '81920', 'AYER TAWAR 2', '7');
INSERT INTO `ref_poskod_bandar_negeri` VALUES ('384', '82000', 'PONTIAN', '7');
INSERT INTO `ref_poskod_bandar_negeri` VALUES ('385', '82100', 'AYER BALOI', '7');
INSERT INTO `ref_poskod_bandar_negeri` VALUES ('386', '83000', 'BATU PAHAT', '7');
INSERT INTO `ref_poskod_bandar_negeri` VALUES ('387', '83100', 'RENGIT', '7');
INSERT INTO `ref_poskod_bandar_negeri` VALUES ('388', '83200', 'SENGGARANG', '7');
INSERT INTO `ref_poskod_bandar_negeri` VALUES ('389', '83300', 'SERI GADING', '7');
INSERT INTO `ref_poskod_bandar_negeri` VALUES ('390', '83400', 'SERI MEDAN', '7');
INSERT INTO `ref_poskod_bandar_negeri` VALUES ('391', '83500', 'PARIT SULONG', '7');
INSERT INTO `ref_poskod_bandar_negeri` VALUES ('392', '83600', 'SEMERAH', '7');
INSERT INTO `ref_poskod_bandar_negeri` VALUES ('393', '84000', 'MUAR', '7');
INSERT INTO `ref_poskod_bandar_negeri` VALUES ('394', '84200', 'MUAR', '7');
INSERT INTO `ref_poskod_bandar_negeri` VALUES ('395', '84300', 'BUKIT PASIR', '7');
INSERT INTO `ref_poskod_bandar_negeri` VALUES ('396', '84400', 'SUNGAI MATI', '7');
INSERT INTO `ref_poskod_bandar_negeri` VALUES ('397', '84500', 'PANCHOR', '7');
INSERT INTO `ref_poskod_bandar_negeri` VALUES ('398', '84600', 'PAGOH', '7');
INSERT INTO `ref_poskod_bandar_negeri` VALUES ('399', '85000', 'SEGAMAT', '7');
INSERT INTO `ref_poskod_bandar_negeri` VALUES ('400', '85100', 'BATU ANAM', '7');
INSERT INTO `ref_poskod_bandar_negeri` VALUES ('401', '85200', 'JEMENTAH', '7');
INSERT INTO `ref_poskod_bandar_negeri` VALUES ('402', '85300', 'LABIS', '7');
INSERT INTO `ref_poskod_bandar_negeri` VALUES ('403', '85400', 'CHAAH', '7');
INSERT INTO `ref_poskod_bandar_negeri` VALUES ('404', '86000', 'KLUANG', '7');
INSERT INTO `ref_poskod_bandar_negeri` VALUES ('405', '86100', 'AYER HITAM', '7');
INSERT INTO `ref_poskod_bandar_negeri` VALUES ('406', '86200', 'SIMPANG RENGAM', '7');
INSERT INTO `ref_poskod_bandar_negeri` VALUES ('407', '86300', 'RENGAM', '7');
INSERT INTO `ref_poskod_bandar_negeri` VALUES ('408', '86400', 'PARIT RAJA', '7');
INSERT INTO `ref_poskod_bandar_negeri` VALUES ('409', '86500', 'BEKOK', '7');
INSERT INTO `ref_poskod_bandar_negeri` VALUES ('410', '86600', 'PALOH', '7');
INSERT INTO `ref_poskod_bandar_negeri` VALUES ('411', '86700', 'KAHANG', '7');
INSERT INTO `ref_poskod_bandar_negeri` VALUES ('412', '86800', 'MERSING', '7');
INSERT INTO `ref_poskod_bandar_negeri` VALUES ('413', '87000', 'LABUAN', '18');
INSERT INTO `ref_poskod_bandar_negeri` VALUES ('414', '87017', 'LABUAN', '18');
INSERT INTO `ref_poskod_bandar_negeri` VALUES ('415', '88000', 'KOTA KINABALU', '18');
INSERT INTO `ref_poskod_bandar_negeri` VALUES ('416', '88100', 'KOTA KINABALU', '18');
INSERT INTO `ref_poskod_bandar_negeri` VALUES ('417', '88200', 'KOTA KINABALU', '18');
INSERT INTO `ref_poskod_bandar_negeri` VALUES ('418', '88300', 'KOTA KINABALU', '18');
INSERT INTO `ref_poskod_bandar_negeri` VALUES ('419', '88400', 'KOTA KINABALU', '18');
INSERT INTO `ref_poskod_bandar_negeri` VALUES ('420', '88450', 'KOTA KINABALU', '18');
INSERT INTO `ref_poskod_bandar_negeri` VALUES ('421', '88500', 'KOTA KINABALU', '18');
INSERT INTO `ref_poskod_bandar_negeri` VALUES ('422', '88600', 'KOTA KINABALU', '18');
INSERT INTO `ref_poskod_bandar_negeri` VALUES ('423', '88700', 'BEVERLY', '18');
INSERT INTO `ref_poskod_bandar_negeri` VALUES ('424', '88800', 'KOTA KINABALU', '18');
INSERT INTO `ref_poskod_bandar_negeri` VALUES ('425', '88858', 'TANJUNG ARU', '18');
INSERT INTO `ref_poskod_bandar_negeri` VALUES ('426', '89000', 'KENINGAU', '18');
INSERT INTO `ref_poskod_bandar_negeri` VALUES ('427', '89008', 'KENINGAU', '18');
INSERT INTO `ref_poskod_bandar_negeri` VALUES ('428', '89050', 'KUDAT', '18');
INSERT INTO `ref_poskod_bandar_negeri` VALUES ('429', '89058', 'KUDAT', '18');
INSERT INTO `ref_poskod_bandar_negeri` VALUES ('430', '89100', 'KOTA MARUDU', '18');
INSERT INTO `ref_poskod_bandar_negeri` VALUES ('431', '89108', 'KOTA MARUDU', '18');
INSERT INTO `ref_poskod_bandar_negeri` VALUES ('432', '89150', 'KOTA BELUD', '18');
INSERT INTO `ref_poskod_bandar_negeri` VALUES ('433', '89159', 'KOTA BELUD', '18');
INSERT INTO `ref_poskod_bandar_negeri` VALUES ('434', '89200', 'TUARAN', '18');
INSERT INTO `ref_poskod_bandar_negeri` VALUES ('435', '89208', 'TUARAN', '18');
INSERT INTO `ref_poskod_bandar_negeri` VALUES ('436', '89250', 'TAMPARULI', '18');
INSERT INTO `ref_poskod_bandar_negeri` VALUES ('437', '89257', 'TAMPARULI', '18');
INSERT INTO `ref_poskod_bandar_negeri` VALUES ('438', '89300', 'RANAU', '18');
INSERT INTO `ref_poskod_bandar_negeri` VALUES ('439', '89309', 'RANAU', '18');
INSERT INTO `ref_poskod_bandar_negeri` VALUES ('440', '89500', 'PENAMPANG', '18');
INSERT INTO `ref_poskod_bandar_negeri` VALUES ('441', '89600', 'PAPAR', '18');
INSERT INTO `ref_poskod_bandar_negeri` VALUES ('442', '89607', 'PAPAR', '18');
INSERT INTO `ref_poskod_bandar_negeri` VALUES ('443', '89650', 'TAMBUNAN', '18');
INSERT INTO `ref_poskod_bandar_negeri` VALUES ('444', '89740', 'KUALA PENYU', '18');
INSERT INTO `ref_poskod_bandar_negeri` VALUES ('445', '89800', 'BEAUFORT', '18');
INSERT INTO `ref_poskod_bandar_negeri` VALUES ('446', '89850', 'SIPITANG', '18');
INSERT INTO `ref_poskod_bandar_negeri` VALUES ('447', '89900', 'TENOM', '18');
INSERT INTO `ref_poskod_bandar_negeri` VALUES ('448', '89909', 'TENOM', '18');
INSERT INTO `ref_poskod_bandar_negeri` VALUES ('449', '90000', 'SANDAKAN', '18');
INSERT INTO `ref_poskod_bandar_negeri` VALUES ('450', '90009', 'SANDAKAN', '18');
INSERT INTO `ref_poskod_bandar_negeri` VALUES ('451', '90100', 'BELURAN', '18');
INSERT INTO `ref_poskod_bandar_negeri` VALUES ('452', '90200', 'KOTA KINABATANGAN', '18');
INSERT INTO `ref_poskod_bandar_negeri` VALUES ('453', '90300', 'SANDAKAN', '18');
INSERT INTO `ref_poskod_bandar_negeri` VALUES ('454', '90400', 'PAMOL', '18');
INSERT INTO `ref_poskod_bandar_negeri` VALUES ('455', '90700', 'SANDAKAN', '18');
INSERT INTO `ref_poskod_bandar_negeri` VALUES ('456', '90702', 'SANDAKAN', '18');
INSERT INTO `ref_poskod_bandar_negeri` VALUES ('457', '90712', 'SANDAKAN', '18');
INSERT INTO `ref_poskod_bandar_negeri` VALUES ('458', '90713', 'SANDAKAN', '18');
INSERT INTO `ref_poskod_bandar_negeri` VALUES ('459', '90716', 'SANDAKAN', '18');
INSERT INTO `ref_poskod_bandar_negeri` VALUES ('460', '91000', 'TAWAU', '18');
INSERT INTO `ref_poskod_bandar_negeri` VALUES ('461', '91008', 'TAWAU', '18');
INSERT INTO `ref_poskod_bandar_negeri` VALUES ('462', '91022', 'TAWAU', '18');
INSERT INTO `ref_poskod_bandar_negeri` VALUES ('463', '91100', 'LAHAD DATU', '18');
INSERT INTO `ref_poskod_bandar_negeri` VALUES ('464', '91150', 'LAHAD DATU', '18');
INSERT INTO `ref_poskod_bandar_negeri` VALUES ('465', '93000', 'KUCHING', '19');
INSERT INTO `ref_poskod_bandar_negeri` VALUES ('466', '93050', 'KUCHING', '19');
INSERT INTO `ref_poskod_bandar_negeri` VALUES ('467', '9310', 'KUALA KETIL', '12');
INSERT INTO `ref_poskod_bandar_negeri` VALUES ('468', '93100', 'KUCHING', '19');
INSERT INTO `ref_poskod_bandar_negeri` VALUES ('469', '93200', 'KUCHING', '19');
INSERT INTO `ref_poskod_bandar_negeri` VALUES ('470', '93250', 'KUCHING', '19');
INSERT INTO `ref_poskod_bandar_negeri` VALUES ('471', '93300', 'KUCHING', '19');
INSERT INTO `ref_poskod_bandar_negeri` VALUES ('472', '93400', 'KUCHING', '19');
INSERT INTO `ref_poskod_bandar_negeri` VALUES ('473', '93450', 'KUCHING', '19');
INSERT INTO `ref_poskod_bandar_negeri` VALUES ('474', '93728', 'KUCHING', '19');
INSERT INTO `ref_poskod_bandar_negeri` VALUES ('475', '94000', 'BAU', '19');
INSERT INTO `ref_poskod_bandar_negeri` VALUES ('476', '94200', 'SIBURAN', '19');
INSERT INTO `ref_poskod_bandar_negeri` VALUES ('477', '94300', 'KOTA SAMARAHAN', '19');
INSERT INTO `ref_poskod_bandar_negeri` VALUES ('478', '94500', 'LUNDU', '19');
INSERT INTO `ref_poskod_bandar_negeri` VALUES ('479', '94600', 'ASAJAYA', '19');
INSERT INTO `ref_poskod_bandar_negeri` VALUES ('480', '94650', 'KABONG', '19');
INSERT INTO `ref_poskod_bandar_negeri` VALUES ('481', '94700', 'SERIAN', '19');
INSERT INTO `ref_poskod_bandar_negeri` VALUES ('482', '94750', 'SERIAN', '19');
INSERT INTO `ref_poskod_bandar_negeri` VALUES ('483', '94800', 'SIMUNJAN', '19');
INSERT INTO `ref_poskod_bandar_negeri` VALUES ('484', '94850', 'SEBUYAU', '19');
INSERT INTO `ref_poskod_bandar_negeri` VALUES ('485', '94900', 'LINGGA', '19');
INSERT INTO `ref_poskod_bandar_negeri` VALUES ('486', '95000', 'SRI AMAN', '19');
INSERT INTO `ref_poskod_bandar_negeri` VALUES ('487', '95300', 'ROBAN', '19');
INSERT INTO `ref_poskod_bandar_negeri` VALUES ('488', '95400', 'SARATOK', '19');
INSERT INTO `ref_poskod_bandar_negeri` VALUES ('489', '95500', 'DEBAK', '19');
INSERT INTO `ref_poskod_bandar_negeri` VALUES ('490', '95600', 'SPAOH', '19');
INSERT INTO `ref_poskod_bandar_negeri` VALUES ('491', '95700', 'BETONG', '19');
INSERT INTO `ref_poskod_bandar_negeri` VALUES ('492', '95800', 'ENGKILILI', '19');
INSERT INTO `ref_poskod_bandar_negeri` VALUES ('493', '95900', 'LUBOK ANTU', '19');
INSERT INTO `ref_poskod_bandar_negeri` VALUES ('494', '96000', 'SIBU', '19');
INSERT INTO `ref_poskod_bandar_negeri` VALUES ('495', '96100', 'SARIKEI', '19');
INSERT INTO `ref_poskod_bandar_negeri` VALUES ('496', '96150', 'BELAWAI', '19');
INSERT INTO `ref_poskod_bandar_negeri` VALUES ('497', '96200', 'DARO', '19');
INSERT INTO `ref_poskod_bandar_negeri` VALUES ('498', '96300', 'DALAT', '19');
INSERT INTO `ref_poskod_bandar_negeri` VALUES ('499', '96400', 'MUKAH', '19');
INSERT INTO `ref_poskod_bandar_negeri` VALUES ('500', '96500', 'BINTANGOR', '19');
INSERT INTO `ref_poskod_bandar_negeri` VALUES ('501', '96600', 'JULAU', '19');
INSERT INTO `ref_poskod_bandar_negeri` VALUES ('502', '96700', 'KANOWIT', '19');
INSERT INTO `ref_poskod_bandar_negeri` VALUES ('503', '96800', 'KAPIT', '19');
INSERT INTO `ref_poskod_bandar_negeri` VALUES ('504', '96900', 'BELAGA', '19');
INSERT INTO `ref_poskod_bandar_negeri` VALUES ('505', '97000', 'BINTULU', '19');
INSERT INTO `ref_poskod_bandar_negeri` VALUES ('506', '97007', 'BINTULU', '19');
INSERT INTO `ref_poskod_bandar_negeri` VALUES ('507', '97100', 'SEBAUH', '19');
INSERT INTO `ref_poskod_bandar_negeri` VALUES ('508', '97200', 'TATAU', '19');
INSERT INTO `ref_poskod_bandar_negeri` VALUES ('509', '97300', 'BINTULU', '19');
INSERT INTO `ref_poskod_bandar_negeri` VALUES ('510', '98000', 'MIRI', '19');
INSERT INTO `ref_poskod_bandar_negeri` VALUES ('511', '98050', 'BARAM', '19');
INSERT INTO `ref_poskod_bandar_negeri` VALUES ('512', '98100', 'LUTONG', '19');
INSERT INTO `ref_poskod_bandar_negeri` VALUES ('513', '98200', 'MIRI', '19');
INSERT INTO `ref_poskod_bandar_negeri` VALUES ('514', '98300', 'LONG LAMA', '19');
INSERT INTO `ref_poskod_bandar_negeri` VALUES ('515', '98700', 'LIMBANG', '19');
INSERT INTO `ref_poskod_bandar_negeri` VALUES ('516', '98750', 'NANGA MEDAMIT', '19');
INSERT INTO `ref_poskod_bandar_negeri` VALUES ('517', '98800', 'SUNDAR', '19');
INSERT INTO `ref_poskod_bandar_negeri` VALUES ('518', '98850', 'LAWAS', '19');
INSERT INTO `ref_poskod_bandar_negeri` VALUES ('519', '02100', 'PADANG BESAR', '15');
INSERT INTO `ref_poskod_bandar_negeri` VALUES ('520', '02200', 'KAKI BUKIT', '15');
INSERT INTO `ref_poskod_bandar_negeri` VALUES ('521', '01000', 'KANGAR', '15');

-- ----------------------------
-- Table structure for ref_status
-- ----------------------------
DROP TABLE IF EXISTS `ref_status`;
CREATE TABLE `ref_status` (
  `id` int(11) NOT NULL AUTO_INCREMENT,
  `nama_status` varchar(25) COLLATE utf8mb4_unicode_ci NOT NULL,
  PRIMARY KEY (`id`)
) ENGINE=InnoDB AUTO_INCREMENT=5 DEFAULT CHARSET=utf8mb4 COLLATE=utf8mb4_unicode_ci;

-- ----------------------------
-- Records of ref_status
-- ----------------------------
INSERT INTO `ref_status` VALUES ('1', 'Aktif');
INSERT INTO `ref_status` VALUES ('2', 'Tidak Aktif');
INSERT INTO `ref_status` VALUES ('4', 'Digantung Sementara');

-- ----------------------------
-- Table structure for ref_status_markah
-- ----------------------------
DROP TABLE IF EXISTS `ref_status_markah`;
CREATE TABLE `ref_status_markah` (
  `kod_status` varchar(1) COLLATE utf8mb4_unicode_ci NOT NULL,
  `desc_status` varchar(100) COLLATE utf8mb4_unicode_ci NOT NULL
) ENGINE=InnoDB DEFAULT CHARSET=utf8mb4 COLLATE=utf8mb4_unicode_ci;

-- ----------------------------
-- Records of ref_status_markah
-- ----------------------------
INSERT INTO `ref_status_markah` VALUES ('0', 'TP - Belum  Diisi');
INSERT INTO `ref_status_markah` VALUES ('1', 'TP - Disimpan');
INSERT INTO `ref_status_markah` VALUES ('2', 'TP - Dihantar ke Pengurus');
INSERT INTO `ref_status_markah` VALUES ('3', 'Pengurus - Dikembalikan ke TP');
INSERT INTO `ref_status_markah` VALUES ('4', 'Pengurus - Dihantar ke PGN');
INSERT INTO `ref_status_markah` VALUES ('5', 'PGN - Dikembalikan ke TP');
INSERT INTO `ref_status_markah` VALUES ('6', 'PGN - Dihantar ke PPKL');
INSERT INTO `ref_status_markah` VALUES ('7', 'PPKL - Disahkan oleh PPKL');
INSERT INTO `ref_status_markah` VALUES ('8', 'PPKL - Dikembalikan ke TP');

-- ----------------------------
-- Table structure for ref_status_pelatih
-- ----------------------------
DROP TABLE IF EXISTS `ref_status_pelatih`;
CREATE TABLE `ref_status_pelatih` (
  `id` int(10) NOT NULL AUTO_INCREMENT,
  `status_kod` varchar(10) COLLATE utf8mb4_unicode_ci NOT NULL,
  `status_desc` varchar(250) COLLATE utf8mb4_unicode_ci NOT NULL,
  PRIMARY KEY (`id`)
) ENGINE=InnoDB AUTO_INCREMENT=9 DEFAULT CHARSET=utf8mb4 COLLATE=utf8mb4_unicode_ci;

-- ----------------------------
-- Records of ref_status_pelatih
-- ----------------------------
INSERT INTO `ref_status_pelatih` VALUES ('1', '(01)', 'Aktif');
INSERT INTO `ref_status_pelatih` VALUES ('2', '(61) ', 'Berhenti kerana tidak hadir tanpa sebab');
INSERT INTO `ref_status_pelatih` VALUES ('3', '(63)', 'Berhenti kerana salah laku ');
INSERT INTO `ref_status_pelatih` VALUES ('4', '(71)', 'Tamat belajar / program');
INSERT INTO `ref_status_pelatih` VALUES ('5', '(77)', 'Berhenti kerana bekerja');
INSERT INTO `ref_status_pelatih` VALUES ('6', '(78)', 'Berhenti kerana sambung belajar');
INSERT INTO `ref_status_pelatih` VALUES ('7', '(88)', 'Berhenti kerana masalah kesihatan');
INSERT INTO `ref_status_pelatih` VALUES ('8', '(99)', 'Meninggal dunia');

-- ----------------------------
-- Table structure for ref_taraf_perkahwinan
-- ----------------------------
DROP TABLE IF EXISTS `ref_taraf_perkahwinan`;
CREATE TABLE `ref_taraf_perkahwinan` (
  `id` int(10) NOT NULL AUTO_INCREMENT,
  `taraf_perkahwinan` varchar(100) COLLATE utf8mb4_unicode_ci NOT NULL,
  PRIMARY KEY (`id`)
) ENGINE=InnoDB AUTO_INCREMENT=5 DEFAULT CHARSET=utf8mb4 COLLATE=utf8mb4_unicode_ci;

-- ----------------------------
-- Records of ref_taraf_perkahwinan
-- ----------------------------
INSERT INTO `ref_taraf_perkahwinan` VALUES ('1', 'Bujang');
INSERT INTO `ref_taraf_perkahwinan` VALUES ('2', 'Kahwin');
INSERT INTO `ref_taraf_perkahwinan` VALUES ('3', 'Duda');
INSERT INTO `ref_taraf_perkahwinan` VALUES ('4', 'Janda');

-- ----------------------------
-- Table structure for setting_tarikh_permohonan
-- ----------------------------
DROP TABLE IF EXISTS `setting_tarikh_permohonan`;
CREATE TABLE `setting_tarikh_permohonan` (
  `id` int(11) NOT NULL AUTO_INCREMENT,
  `start_date` date DEFAULT NULL,
  `end_date` date DEFAULT NULL,
  `tahun_pengambilan` varchar(4) COLLATE utf8mb4_unicode_ci DEFAULT NULL,
  PRIMARY KEY (`id`)
) ENGINE=InnoDB AUTO_INCREMENT=2 DEFAULT CHARSET=utf8mb4 COLLATE=utf8mb4_unicode_ci;

-- ----------------------------
-- Records of setting_tarikh_permohonan
-- ----------------------------
INSERT INTO `setting_tarikh_permohonan` VALUES ('1', '2017-06-01', '2017-12-31', '2017');

-- ----------------------------
-- Table structure for settings
-- ----------------------------
DROP TABLE IF EXISTS `settings`;
CREATE TABLE `settings` (
  `id` int(11) NOT NULL AUTO_INCREMENT,
  `setting_code` varchar(10) COLLATE utf8mb4_unicode_ci DEFAULT NULL,
  `setting_name` varchar(100) COLLATE utf8mb4_unicode_ci NOT NULL,
  `setting_text` text COLLATE utf8mb4_unicode_ci NOT NULL,
  PRIMARY KEY (`id`)
) ENGINE=InnoDB AUTO_INCREMENT=4 DEFAULT CHARSET=utf8mb4 COLLATE=utf8mb4_unicode_ci;

-- ----------------------------
-- Records of settings
-- ----------------------------
INSERT INTO `settings` VALUES ('1', 'MAIL', 'smtp', 'mail.mmsi.co.id');
INSERT INTO `settings` VALUES ('2', 'MAIL', 'username', 'gspel@mmsi.co.id');
INSERT INTO `settings` VALUES ('3', 'MAIL', 'password', 'Gspel123!!!');

-- ----------------------------
-- Table structure for settings_tawaran_kursus
-- ----------------------------
DROP TABLE IF EXISTS `settings_tawaran_kursus`;
CREATE TABLE `settings_tawaran_kursus` (
  `id` int(10) NOT NULL AUTO_INCREMENT,
  `id_kursus` int(10) NOT NULL,
  `id_giatmara` int(10) NOT NULL,
  `id_intake` int(10) NOT NULL,
  `markah_lulus_modul` int(4) DEFAULT NULL,
  `status` int(2) NOT NULL,
  PRIMARY KEY (`id`),
  KEY `id_kursus` (`id_kursus`),
  KEY `id_giatmara` (`id_giatmara`),
  KEY `id_intake` (`id_intake`),
  CONSTRAINT `settings_tawaran_kursus_ibfk_1` FOREIGN KEY (`id_kursus`) REFERENCES `ref_kursus` (`id`),
  CONSTRAINT `settings_tawaran_kursus_ibfk_2` FOREIGN KEY (`id_giatmara`) REFERENCES `ref_giatmara` (`id`),
  CONSTRAINT `settings_tawaran_kursus_ibfk_3` FOREIGN KEY (`id_intake`) REFERENCES `ref_intake` (`id`)
) ENGINE=InnoDB AUTO_INCREMENT=923 DEFAULT CHARSET=utf8mb4 COLLATE=utf8mb4_unicode_ci;

-- ----------------------------
-- Records of settings_tawaran_kursus
-- ----------------------------
INSERT INTO `settings_tawaran_kursus` VALUES ('30', '1', '18', '1', '60', '1');
INSERT INTO `settings_tawaran_kursus` VALUES ('31', '1', '134', '1', '60', '1');
INSERT INTO `settings_tawaran_kursus` VALUES ('32', '1', '135', '1', '60', '1');
INSERT INTO `settings_tawaran_kursus` VALUES ('33', '1', '136', '1', '60', '1');
INSERT INTO `settings_tawaran_kursus` VALUES ('34', '1', '137', '1', '60', '1');
INSERT INTO `settings_tawaran_kursus` VALUES ('35', '1', '138', '1', '60', '1');
INSERT INTO `settings_tawaran_kursus` VALUES ('36', '1', '139', '1', '60', '1');
INSERT INTO `settings_tawaran_kursus` VALUES ('37', '1', '140', '1', '60', '1');
INSERT INTO `settings_tawaran_kursus` VALUES ('142', '1', '3', '1', '60', '1');
INSERT INTO `settings_tawaran_kursus` VALUES ('143', '1', '17', '1', '60', '1');
INSERT INTO `settings_tawaran_kursus` VALUES ('144', '5', '18', '2', '60', '0');
INSERT INTO `settings_tawaran_kursus` VALUES ('145', '1', '19', '1', '60', '1');
INSERT INTO `settings_tawaran_kursus` VALUES ('275', '2', '5', '1', '60', '1');
INSERT INTO `settings_tawaran_kursus` VALUES ('276', '2', '134', '1', '60', '1');
INSERT INTO `settings_tawaran_kursus` VALUES ('277', '2', '135', '1', '60', '1');
INSERT INTO `settings_tawaran_kursus` VALUES ('278', '2', '136', '1', '60', '1');
INSERT INTO `settings_tawaran_kursus` VALUES ('279', '2', '137', '1', '60', '1');
INSERT INTO `settings_tawaran_kursus` VALUES ('280', '2', '138', '1', '60', '1');
INSERT INTO `settings_tawaran_kursus` VALUES ('281', '2', '139', '1', '60', '1');
INSERT INTO `settings_tawaran_kursus` VALUES ('282', '2', '140', '1', '60', '1');
INSERT INTO `settings_tawaran_kursus` VALUES ('387', '2', '135', '1', '60', '0');
INSERT INTO `settings_tawaran_kursus` VALUES ('388', '2', '17', '1', '60', '1');
INSERT INTO `settings_tawaran_kursus` VALUES ('389', '2', '18', '1', '60', '1');
INSERT INTO `settings_tawaran_kursus` VALUES ('390', '2', '19', '1', '60', '1');
INSERT INTO `settings_tawaran_kursus` VALUES ('522', '3', '5', '1', '60', '1');
INSERT INTO `settings_tawaran_kursus` VALUES ('523', '3', '134', '1', '60', '1');
INSERT INTO `settings_tawaran_kursus` VALUES ('524', '3', '135', '1', '60', '1');
INSERT INTO `settings_tawaran_kursus` VALUES ('525', '3', '136', '2', '60', '1');
INSERT INTO `settings_tawaran_kursus` VALUES ('526', '3', '137', '1', '60', '1');
INSERT INTO `settings_tawaran_kursus` VALUES ('527', '3', '138', '1', '60', '1');
INSERT INTO `settings_tawaran_kursus` VALUES ('528', '3', '139', '1', '60', '1');
INSERT INTO `settings_tawaran_kursus` VALUES ('529', '3', '140', '1', '60', '1');
INSERT INTO `settings_tawaran_kursus` VALUES ('634', '3', '135', '1', '60', '0');
INSERT INTO `settings_tawaran_kursus` VALUES ('635', '3', '17', '1', '60', '1');
INSERT INTO `settings_tawaran_kursus` VALUES ('636', '3', '18', '1', '60', '1');
INSERT INTO `settings_tawaran_kursus` VALUES ('637', '3', '19', '1', '60', '1');
INSERT INTO `settings_tawaran_kursus` VALUES ('769', '4', '5', '1', '60', '1');
INSERT INTO `settings_tawaran_kursus` VALUES ('770', '4', '134', '1', '60', '1');
INSERT INTO `settings_tawaran_kursus` VALUES ('771', '4', '135', '1', '60', '1');
INSERT INTO `settings_tawaran_kursus` VALUES ('772', '4', '136', '2', '60', '1');
INSERT INTO `settings_tawaran_kursus` VALUES ('773', '4', '137', '1', '60', '1');
INSERT INTO `settings_tawaran_kursus` VALUES ('774', '4', '138', '1', '60', '1');
INSERT INTO `settings_tawaran_kursus` VALUES ('775', '4', '139', '1', '60', '1');
INSERT INTO `settings_tawaran_kursus` VALUES ('776', '4', '140', '1', '60', '1');
INSERT INTO `settings_tawaran_kursus` VALUES ('881', '4', '135', '1', '60', '0');
INSERT INTO `settings_tawaran_kursus` VALUES ('882', '4', '17', '1', '60', '1');
INSERT INTO `settings_tawaran_kursus` VALUES ('883', '4', '18', '1', '60', '1');
INSERT INTO `settings_tawaran_kursus` VALUES ('884', '4', '19', '1', '60', '1');
INSERT INTO `settings_tawaran_kursus` VALUES ('886', '76', '158', '2', '60', '1');
INSERT INTO `settings_tawaran_kursus` VALUES ('887', '75', '152', '2', '60', '1');
INSERT INTO `settings_tawaran_kursus` VALUES ('888', '3', '153', '2', '60', '1');
INSERT INTO `settings_tawaran_kursus` VALUES ('889', '69', '22', '2', '60', '1');
INSERT INTO `settings_tawaran_kursus` VALUES ('890', '13', '20', '2', '60', '1');
INSERT INTO `settings_tawaran_kursus` VALUES ('891', '66', '34', '2', '60', '1');
INSERT INTO `settings_tawaran_kursus` VALUES ('892', '3', '81', '2', '60', '1');
INSERT INTO `settings_tawaran_kursus` VALUES ('893', '77', '225', '2', '60', '1');
INSERT INTO `settings_tawaran_kursus` VALUES ('894', '3', '93', '2', '60', '1');
INSERT INTO `settings_tawaran_kursus` VALUES ('895', '12', '136', '2', '60', '1');
INSERT INTO `settings_tawaran_kursus` VALUES ('896', '16', '138', '2', '60', '1');
INSERT INTO `settings_tawaran_kursus` VALUES ('897', '1', '137', '2', '60', '1');
INSERT INTO `settings_tawaran_kursus` VALUES ('898', '27', '129', '2', '60', '1');
INSERT INTO `settings_tawaran_kursus` VALUES ('899', '3', '130', '2', '60', '1');
INSERT INTO `settings_tawaran_kursus` VALUES ('900', '12', '131', '2', '60', '1');
INSERT INTO `settings_tawaran_kursus` VALUES ('901', '28', '158', '2', '60', '1');
INSERT INTO `settings_tawaran_kursus` VALUES ('902', '3', '152', '2', '60', '1');
INSERT INTO `settings_tawaran_kursus` VALUES ('903', '17', '153', '2', '60', '1');
INSERT INTO `settings_tawaran_kursus` VALUES ('904', '2', '22', '2', '60', '1');
INSERT INTO `settings_tawaran_kursus` VALUES ('905', '1', '20', '2', '60', '1');
INSERT INTO `settings_tawaran_kursus` VALUES ('906', '3', '34', '2', '60', '1');
INSERT INTO `settings_tawaran_kursus` VALUES ('907', '17', '81', '2', '60', '1');
INSERT INTO `settings_tawaran_kursus` VALUES ('908', '1', '225', '2', '60', '1');
INSERT INTO `settings_tawaran_kursus` VALUES ('909', '72', '93', '2', '60', '1');
INSERT INTO `settings_tawaran_kursus` VALUES ('910', '85', '136', '2', '60', '1');
INSERT INTO `settings_tawaran_kursus` VALUES ('911', '3', '138', '2', '60', '1');
INSERT INTO `settings_tawaran_kursus` VALUES ('912', '17', '137', '2', '60', '1');
INSERT INTO `settings_tawaran_kursus` VALUES ('913', '2', '129', '2', '60', '1');
INSERT INTO `settings_tawaran_kursus` VALUES ('914', '72', '130', '2', '60', '1');
INSERT INTO `settings_tawaran_kursus` VALUES ('915', '73', '131', '2', '60', '1');
INSERT INTO `settings_tawaran_kursus` VALUES ('916', '75', '158', '2', '60', '1');
INSERT INTO `settings_tawaran_kursus` VALUES ('917', '3', '158', '2', '60', '1');
INSERT INTO `settings_tawaran_kursus` VALUES ('918', '73', '135', '2', '60', '1');
INSERT INTO `settings_tawaran_kursus` VALUES ('919', '1', '53', '1', '60', '1');
INSERT INTO `settings_tawaran_kursus` VALUES ('920', '2', '53', '1', '60', '1');
INSERT INTO `settings_tawaran_kursus` VALUES ('921', '1', '83', '1', '60', '1');
INSERT INTO `settings_tawaran_kursus` VALUES ('922', '2', '83', '1', '60', '1');

-- ----------------------------
-- Table structure for staff
-- ----------------------------
DROP TABLE IF EXISTS `staff`;
CREATE TABLE `staff` (
  `id` int(10) NOT NULL AUTO_INCREMENT,
  `nama` varchar(250) COLLATE utf8mb4_unicode_ci NOT NULL,
  `no_mykad` varchar(20) COLLATE utf8mb4_unicode_ci NOT NULL,
  `id_jawatan` int(10) NOT NULL,
  `id_giatmara` int(10) NOT NULL COMMENT 'DEPRICATED',
  `status_jawatan` varchar(10) COLLATE utf8mb4_unicode_ci NOT NULL,
  `id_user` int(10) DEFAULT NULL,
  `alamat` varchar(250) COLLATE utf8mb4_unicode_ci DEFAULT NULL,
  `no_tel` varchar(20) COLLATE utf8mb4_unicode_ci DEFAULT NULL,
  `no_hp` varchar(20) COLLATE utf8mb4_unicode_ci DEFAULT NULL,
  `id_agama` int(10) DEFAULT NULL,
  `id_bangsa` int(10) DEFAULT NULL,
  `jantina` varchar(2) COLLATE utf8mb4_unicode_ci DEFAULT NULL,
  `status_perkahwinan` int(10) DEFAULT NULL,
  `tarikh_lahir` varchar(20) COLLATE utf8mb4_unicode_ci DEFAULT NULL,
  `umur` varchar(10) COLLATE utf8mb4_unicode_ci DEFAULT NULL,
  `tempat_lahir` varchar(250) COLLATE utf8mb4_unicode_ci DEFAULT NULL,
  `no_gaji` varchar(100) COLLATE utf8mb4_unicode_ci DEFAULT NULL,
  `emel` varchar(250) COLLATE utf8mb4_unicode_ci DEFAULT NULL,
  `id_jabatan` int(10) DEFAULT NULL,
  `id_jenis_jawatan` int(10) DEFAULT NULL,
  `id_giatamra` int(10) DEFAULT NULL COMMENT 'JANGAN DIPAKAI',
  `id_kursus` int(10) DEFAULT NULL COMMENT 'JANGAN DIPAKAI',
  PRIMARY KEY (`id`),
  KEY `idx_staff` (`id_jawatan`),
  KEY `id_agama` (`id_agama`),
  KEY `id_bangsa` (`id_bangsa`),
  KEY `status_perkahwinan` (`status_perkahwinan`),
  CONSTRAINT `agama` FOREIGN KEY (`id_agama`) REFERENCES `ref_agama` (`id`),
  CONSTRAINT `bangsa` FOREIGN KEY (`id_bangsa`) REFERENCES `ref_bangsa` (`id`)
) ENGINE=InnoDB AUTO_INCREMENT=74 DEFAULT CHARSET=utf8mb4 COLLATE=utf8mb4_unicode_ci;

-- ----------------------------
-- Records of staff
-- ----------------------------
INSERT INTO `staff` VALUES ('1', 'Saiful Baharin Samdusin', '780202125567', '5', '262', '1', null, null, '01184637643', null, '1', '1', null, null, null, null, null, '2', 'saiful@giatmara.com.my', null, null, null, null);
INSERT INTO `staff` VALUES ('2', 'Amira Buhari', '', '5', '262', '1', null, null, null, null, null, null, null, null, null, null, null, null, null, null, null, null, null);
INSERT INTO `staff` VALUES ('3', 'Azmi Hadi H', '', '5', '263', '1', null, null, null, null, null, null, null, null, null, null, null, null, null, null, null, null, null);
INSERT INTO `staff` VALUES ('4', 'Fatin Shahira Anuar', '', '5', '263', '1', null, null, null, null, null, null, null, null, null, null, null, null, null, null, null, null, null);
INSERT INTO `staff` VALUES ('5', 'BM Giatmara Arau', '', '5', '18', '1', null, null, null, null, null, null, null, null, null, null, null, null, null, null, null, null, null);
INSERT INTO `staff` VALUES ('6', 'PEU Giatmara Arau', '', '7', '3', '1', null, null, null, null, null, null, null, null, null, null, null, null, null, null, null, null, null);
INSERT INTO `staff` VALUES ('7', 'Staff Giatmara Arau 1', '', '5', '135', '1', null, null, null, null, null, null, null, null, null, null, null, null, null, null, null, null, null);
INSERT INTO `staff` VALUES ('8', 'Staff Giatmara Jasin 2', '', '7', '135', '1', null, null, null, null, null, null, null, null, null, null, null, null, null, null, null, null, null);
INSERT INTO `staff` VALUES ('9', 'Staff Giatmara Jasin 3', '', '7', '135', '1', null, null, null, null, null, null, null, null, null, null, null, null, null, null, null, null, null);
INSERT INTO `staff` VALUES ('10', 'Staff Giatmara Jasin 4', '', '7', '135', '1', null, null, null, null, null, null, null, null, null, null, null, null, null, null, null, null, null);
INSERT INTO `staff` VALUES ('11', 'Staff Giatmara Jasin 5', '', '7', '135', '1', null, null, null, null, null, null, null, null, null, null, null, null, null, null, null, null, null);
INSERT INTO `staff` VALUES ('12', 'BM KANGAR A', '123123123123', '1', '17', '1', '17', 'test 2\r\ntest 2\r\ntest 2\r\ntest 2\r\n', '0', '0', '1', '1', '1', '1', null, '1', 'KANGAR', '1234', 'branchm4@gspel.com', '1', '1', '17', '1');
INSERT INTO `staff` VALUES ('13', 'TP 1', '0', '30', '0', '1', null, null, null, null, null, null, null, null, null, null, null, null, null, null, null, null, null);
INSERT INTO `staff` VALUES ('14', 'TP 2', '0', '30', '0', '1', null, null, null, null, null, null, null, null, null, null, null, null, null, null, null, null, null);
INSERT INTO `staff` VALUES ('15', 'TP 3', '0', '30', '0', '1', null, null, null, null, null, null, null, null, null, null, null, null, null, null, null, null, null);
INSERT INTO `staff` VALUES ('16', 'TP 4', '0', '30', '0', '1', null, null, null, null, null, null, null, null, null, null, null, null, null, null, null, null, null);
INSERT INTO `staff` VALUES ('17', 'TP 5', '0', '30', '0', '1', null, null, null, null, null, null, null, null, null, null, null, null, null, null, null, null, null);
INSERT INTO `staff` VALUES ('18', 'TP 6', '0', '30', '0', '1', null, null, null, null, null, null, null, null, null, null, null, null, null, null, null, null, null);
INSERT INTO `staff` VALUES ('19', 'TP 7', '0', '30', '0', '1', null, null, null, null, null, null, null, null, null, null, null, null, null, null, null, null, null);
INSERT INTO `staff` VALUES ('20', 'TP 8', '0', '30', '0', '1', null, null, null, null, null, null, null, null, null, null, null, null, null, null, null, null, null);
INSERT INTO `staff` VALUES ('21', 'TP 9', '0', '30', '0', '1', null, null, null, null, null, null, null, null, null, null, null, null, null, null, null, null, null);
INSERT INTO `staff` VALUES ('22', 'TP 10', '0', '30', '0', '1', null, null, null, null, null, null, null, null, null, null, null, null, null, null, null, null, null);
INSERT INTO `staff` VALUES ('23', 'TP 11', '0', '30', '0', '1', null, null, null, null, null, null, null, null, null, null, null, null, null, null, null, null, null);
INSERT INTO `staff` VALUES ('24', 'TP 12', '0', '30', '0', '1', null, null, null, null, null, null, null, null, null, null, null, null, null, null, null, null, null);
INSERT INTO `staff` VALUES ('25', 'TP 13', '0', '30', '0', '1', null, null, null, null, null, null, null, null, null, null, null, null, null, null, null, null, null);
INSERT INTO `staff` VALUES ('26', 'TP 14', '0', '30', '0', '1', null, null, null, null, null, null, null, null, null, null, null, null, null, null, null, null, null);
INSERT INTO `staff` VALUES ('27', 'TP 15', '0', '30', '0', '1', null, null, null, null, null, null, null, null, null, null, null, null, null, null, null, null, null);
INSERT INTO `staff` VALUES ('28', 'PGM 1', '0', '19', '0', '1', null, null, null, null, null, null, null, null, null, null, null, null, null, null, null, null, null);
INSERT INTO `staff` VALUES ('29', 'PGM 2', '0', '19', '0', '1', null, null, null, null, null, null, null, null, null, null, null, null, null, null, null, null, null);
INSERT INTO `staff` VALUES ('30', 'PGM 3', '0', '19', '0', '1', null, null, null, null, null, null, null, null, null, null, null, null, null, null, null, null, null);
INSERT INTO `staff` VALUES ('31', 'PGM 4', '0', '19', '0', '1', null, null, null, null, null, null, null, null, null, null, null, null, null, null, null, null, null);
INSERT INTO `staff` VALUES ('32', 'PGM 5', '0', '19', '0', '1', null, null, null, null, null, null, null, null, null, null, null, null, null, null, null, null, null);
INSERT INTO `staff` VALUES ('33', 'PGM 6', '0', '19', '0', '1', null, null, null, null, null, null, null, null, null, null, null, null, null, null, null, null, null);
INSERT INTO `staff` VALUES ('34', 'PGM 7', '0', '19', '0', '1', null, null, null, null, null, null, null, null, null, null, null, null, null, null, null, null, null);
INSERT INTO `staff` VALUES ('35', 'PGM 8', '0', '19', '0', '1', null, null, null, null, null, null, null, null, null, null, null, null, null, null, null, null, null);
INSERT INTO `staff` VALUES ('36', 'PGM 9', '0', '19', '0', '1', null, null, null, null, null, null, null, null, null, null, null, null, null, null, null, null, null);
INSERT INTO `staff` VALUES ('37', 'PGM 10', '0', '19', '0', '1', null, null, null, null, null, null, null, null, null, null, null, null, null, null, null, null, null);
INSERT INTO `staff` VALUES ('38', 'PGM 11', '0', '19', '0', '1', null, null, null, null, null, null, null, null, null, null, null, null, null, null, null, null, null);
INSERT INTO `staff` VALUES ('39', 'PGM 12', '0', '19', '0', '1', null, null, null, null, null, null, null, null, null, null, null, null, null, null, null, null, null);
INSERT INTO `staff` VALUES ('40', 'PGM 13', '0', '19', '0', '1', null, null, null, null, null, null, null, null, null, null, null, null, null, null, null, null, null);
INSERT INTO `staff` VALUES ('41', 'PGM 14', '0', '19', '0', '1', null, null, null, null, null, null, null, null, null, null, null, null, null, null, null, null, null);
INSERT INTO `staff` VALUES ('42', 'PGM 15', '0', '19', '135', '1', null, null, null, null, null, null, null, null, null, null, null, null, null, null, null, null, null);
INSERT INTO `staff` VALUES ('43', 'PGN Johor', '0', '22', '0', '1', null, null, null, null, null, null, null, null, null, null, null, null, null, null, null, null, null);
INSERT INTO `staff` VALUES ('44', 'PGN Kedah', '0', '22', '0', '1', null, null, null, null, null, null, null, null, null, null, null, null, null, null, null, null, null);
INSERT INTO `staff` VALUES ('45', 'PGN Kelantan', '0', '22', '0', '1', null, null, null, null, null, null, null, null, null, null, null, null, null, null, null, null, null);
INSERT INTO `staff` VALUES ('46', 'PEU Jasin', '0', '16', '0', '1', null, null, null, null, null, null, null, null, null, null, null, null, null, null, null, null, null);
INSERT INTO `staff` VALUES ('47', 'PGN Negeri Sembilan', '0', '22', '0', '1', null, null, null, null, null, null, null, null, null, null, null, null, null, null, null, null, null);
INSERT INTO `staff` VALUES ('48', 'Pelatih Officer 2', '432143214322', '8', '15', '1', null, null, null, null, null, null, null, null, null, null, null, null, null, null, null, null, null);
INSERT INTO `staff` VALUES ('49', 'Finance Officer 1', '123234345456', '10', '2', '1', null, null, null, null, null, null, null, null, null, null, null, null, null, null, null, null, null);
INSERT INTO `staff` VALUES ('50', 'branche2', '8888', '16', '0', '1', null, null, null, null, null, null, null, null, null, null, null, null, null, null, null, null, null);
INSERT INTO `staff` VALUES ('51', 'NAIDA ROWANI BINTI ABDUL AZIZ', '730709085756', '16', '53', '1', null, null, null, null, null, null, null, null, null, null, null, null, null, null, null, null, null);
INSERT INTO `staff` VALUES ('63', 'MASLINDA BINTI OMAR', '761107075202', '16', '83', '1', null, null, null, null, null, null, null, null, null, null, null, null, null, null, null, null, null);
INSERT INTO `staff` VALUES ('64', 'KHAIROL BIN OTHMAN', '791029025599', '30', '53', '1', null, null, null, null, null, null, null, null, null, null, null, null, null, null, null, null, null);
INSERT INTO `staff` VALUES ('65', 'MOHD HARMIZI BIN HAZMI', '820515115071', '30', '83', '1', null, null, null, null, null, null, null, null, null, null, null, null, null, null, null, null, null);
INSERT INTO `staff` VALUES ('66', 'ROSTINA BINTI HUSSAIN', '780202125566', '19', '53', '1', null, null, null, null, null, null, null, null, null, null, null, null, null, null, null, null, null);
INSERT INTO `staff` VALUES ('67', 'SYAKIRAH BINTI SHAKER', '811229085380', '19', '83', '1', null, null, null, null, null, null, null, null, null, null, null, null, null, null, null, null, null);
INSERT INTO `staff` VALUES ('68', 'MOHD JAMIL BIN ABD WAHAB', '810721105393', '22', '53', '1', null, null, null, null, null, null, null, null, null, null, null, null, null, null, null, null, null);
INSERT INTO `staff` VALUES ('69', 'ROSMAN BIN IBRAHIM', '670821025137', '22', '53', '1', null, null, null, null, null, null, null, null, null, null, null, null, null, null, null, null, null);
INSERT INTO `staff` VALUES ('70', 'MOHD ZUHAIMI BIN MOHD SALLEH', '730523145765', '8', '15', '1', null, null, null, null, null, null, null, null, null, null, null, null, null, null, null, null, null);
INSERT INTO `staff` VALUES ('71', 'AHMAD ZAIDI BIN OTHMAN', '800831115227', '8', '15', '1', null, null, null, null, null, null, null, null, null, null, null, null, null, null, null, null, null);
INSERT INTO `staff` VALUES ('72', 'NORHAMIZAN BINTI ABU KHIR', '820530145252', '10', '2', '1', null, null, null, null, null, null, null, null, null, null, null, null, null, null, null, null, null);
INSERT INTO `staff` VALUES ('73', 'SITI ROHAYA BINTI AB HAMID', '610620026446', '10', '2', '1', null, null, null, null, null, null, null, null, null, null, null, null, null, null, null, null, null);

-- ----------------------------
-- Table structure for staff_info
-- ----------------------------
DROP TABLE IF EXISTS `staff_info`;
CREATE TABLE `staff_info` (
  `id` int(11) NOT NULL AUTO_INCREMENT,
  `id_staff` int(10) NOT NULL,
  `id_user` int(10) NOT NULL,
  `nama` varchar(250) COLLATE utf8mb4_unicode_ci NOT NULL,
  `alamat` varchar(250) COLLATE utf8mb4_unicode_ci NOT NULL,
  `no_tel` varchar(20) COLLATE utf8mb4_unicode_ci NOT NULL,
  `no_hp` varchar(20) COLLATE utf8mb4_unicode_ci NOT NULL,
  `id_agama` int(10) NOT NULL,
  `id_bangsa` int(10) NOT NULL,
  `jantina` varchar(2) COLLATE utf8mb4_unicode_ci NOT NULL,
  `status_perkahwinan` varchar(10) COLLATE utf8mb4_unicode_ci NOT NULL,
  `tarikh_lahir` date NOT NULL,
  `umur` int(4) NOT NULL,
  `tempat_lahir` varchar(250) COLLATE utf8mb4_unicode_ci NOT NULL,
  `no_gaji` varchar(100) COLLATE utf8mb4_unicode_ci NOT NULL,
  `emel` varchar(250) COLLATE utf8mb4_unicode_ci NOT NULL,
  `id_jabatan` int(10) NOT NULL,
  `id_jawatan` int(10) NOT NULL,
  `id_jenis_jawatan` int(10) NOT NULL,
  `id_negeri` int(10) NOT NULL,
  `id_giatmara` int(10) NOT NULL,
  `id_kursus` int(10) NOT NULL,
  `status` int(2) NOT NULL,
  PRIMARY KEY (`id`)
) ENGINE=InnoDB DEFAULT CHARSET=utf8mb4 COLLATE=utf8mb4_unicode_ci;

-- ----------------------------
-- Records of staff_info
-- ----------------------------

-- ----------------------------
-- Table structure for staff_info_pangku_tugas
-- ----------------------------
DROP TABLE IF EXISTS `staff_info_pangku_tugas`;
CREATE TABLE `staff_info_pangku_tugas` (
  `id` int(10) NOT NULL AUTO_INCREMENT,
  `id_staff` int(10) NOT NULL,
  `id_jabatan` int(10) NOT NULL,
  `id_jawatan` varchar(10) COLLATE utf8mb4_unicode_ci NOT NULL,
  `status_jawatan` int(10) NOT NULL,
  `id_jenis_jawatan` int(10) NOT NULL,
  `id_negeri` int(10) NOT NULL,
  `id_giatmara` int(10) NOT NULL,
  `id_kursus` int(10) NOT NULL,
  `tarikh_mula_tugas` date DEFAULT NULL,
  `tarikh_tamat_tugas` date NOT NULL,
  `status` int(2) NOT NULL,
  PRIMARY KEY (`id`),
  KEY `id_staff` (`id_staff`),
  CONSTRAINT `staff_info_pangku_tugas_ibfk_1` FOREIGN KEY (`id_staff`) REFERENCES `staff` (`id`)
) ENGINE=InnoDB AUTO_INCREMENT=79 DEFAULT CHARSET=utf8mb4 COLLATE=utf8mb4_unicode_ci;

-- ----------------------------
-- Records of staff_info_pangku_tugas
-- ----------------------------
INSERT INTO `staff_info_pangku_tugas` VALUES ('1', '7', '12', '30', '0', '1', '15', '18', '1', '2000-01-01', '2019-01-01', '0');
INSERT INTO `staff_info_pangku_tugas` VALUES ('2', '8', '12', '31', '0', '1', '8', '135', '1', '2000-01-01', '2019-01-01', '1');
INSERT INTO `staff_info_pangku_tugas` VALUES ('6', '9', '12', '5', '0', '1', '8', '135', '1', '2000-01-01', '2019-01-01', '1');
INSERT INTO `staff_info_pangku_tugas` VALUES ('7', '10', '12', '30', '0', '1', '8', '135', '1', '2000-01-01', '2019-01-01', '1');
INSERT INTO `staff_info_pangku_tugas` VALUES ('8', '3', '12', '30', '0', '1', '7', '263', '1', '2000-01-01', '2019-01-01', '1');
INSERT INTO `staff_info_pangku_tugas` VALUES ('9', '11', '12', '19', '0', '1', '8', '135', '1', '2000-01-01', '2019-01-01', '1');
INSERT INTO `staff_info_pangku_tugas` VALUES ('10', '12', '12', '19', '0', '1', '15', '17', '1', '2017-09-05', '2017-09-05', '1');
INSERT INTO `staff_info_pangku_tugas` VALUES ('11', '5', '12', '19', '0', '1', '8', '136', '1', '2000-01-01', '2019-01-01', '1');
INSERT INTO `staff_info_pangku_tugas` VALUES ('12', '13', '14', '30', '0', '1', '7', '158', '3', '2000-01-01', '2020-10-01', '1');
INSERT INTO `staff_info_pangku_tugas` VALUES ('13', '14', '14', '30', '0', '1', '7', '152', '3', '2000-01-01', '2020-10-01', '1');
INSERT INTO `staff_info_pangku_tugas` VALUES ('14', '15', '14', '30', '0', '1', '7', '153', '3', '2000-01-01', '2020-10-01', '1');
INSERT INTO `staff_info_pangku_tugas` VALUES ('15', '16', '14', '30', '0', '1', '12', '22', '2', '2000-01-01', '2020-10-01', '1');
INSERT INTO `staff_info_pangku_tugas` VALUES ('16', '17', '14', '30', '0', '1', '12', '20', '1', '2000-01-01', '2020-10-01', '1');
INSERT INTO `staff_info_pangku_tugas` VALUES ('17', '18', '14', '30', '0', '1', '12', '34', '3', '2000-01-01', '2020-10-01', '1');
INSERT INTO `staff_info_pangku_tugas` VALUES ('18', '19', '14', '30', '0', '1', '16', '81', '3', '2000-01-01', '2020-10-01', '1');
INSERT INTO `staff_info_pangku_tugas` VALUES ('19', '20', '14', '30', '0', '1', '16', '225', '1', '2000-01-01', '2020-10-01', '1');
INSERT INTO `staff_info_pangku_tugas` VALUES ('20', '21', '14', '30', '0', '1', '16', '93', '3', '2000-01-01', '2020-10-01', '1');
INSERT INTO `staff_info_pangku_tugas` VALUES ('21', '22', '14', '30', '0', '1', '8', '136', '2', '2000-01-01', '2020-10-01', '1');
INSERT INTO `staff_info_pangku_tugas` VALUES ('22', '23', '14', '30', '0', '1', '8', '138', '1', '2000-01-01', '2020-10-01', '1');
INSERT INTO `staff_info_pangku_tugas` VALUES ('23', '24', '14', '30', '0', '1', '8', '137', '3', '2000-01-01', '2020-10-01', '1');
INSERT INTO `staff_info_pangku_tugas` VALUES ('24', '25', '14', '30', '0', '1', '9', '129', '2', '2000-01-01', '2020-10-01', '1');
INSERT INTO `staff_info_pangku_tugas` VALUES ('25', '26', '14', '30', '0', '1', '9', '130', '3', '2000-01-01', '2020-10-01', '1');
INSERT INTO `staff_info_pangku_tugas` VALUES ('26', '27', '14', '30', '0', '1', '9', '135', '1', '2000-01-01', '2020-10-01', '1');
INSERT INTO `staff_info_pangku_tugas` VALUES ('27', '28', '14', '19', '0', '1', '7', '152', '3', '2000-01-01', '2020-10-01', '1');
INSERT INTO `staff_info_pangku_tugas` VALUES ('28', '29', '14', '19', '0', '1', '7', '153', '3', '2000-01-01', '2020-10-01', '1');
INSERT INTO `staff_info_pangku_tugas` VALUES ('29', '30', '14', '19', '0', '1', '12', '22', '69', '2000-01-01', '2020-10-01', '1');
INSERT INTO `staff_info_pangku_tugas` VALUES ('30', '31', '14', '19', '0', '1', '12', '20', '1', '2000-01-01', '2020-10-01', '1');
INSERT INTO `staff_info_pangku_tugas` VALUES ('31', '32', '14', '19', '0', '1', '12', '34', '66', '2000-01-01', '2020-10-01', '1');
INSERT INTO `staff_info_pangku_tugas` VALUES ('32', '33', '14', '19', '0', '1', '16', '81', '3', '2000-01-01', '2020-10-01', '1');
INSERT INTO `staff_info_pangku_tugas` VALUES ('33', '34', '14', '19', '0', '1', '16', '225', '77', '2000-01-01', '2020-10-01', '1');
INSERT INTO `staff_info_pangku_tugas` VALUES ('34', '35', '14', '19', '0', '1', '16', '93', '3', '2000-01-01', '2020-10-01', '1');
INSERT INTO `staff_info_pangku_tugas` VALUES ('35', '36', '14', '19', '0', '1', '8', '136', '12', '2000-01-01', '2020-10-01', '1');
INSERT INTO `staff_info_pangku_tugas` VALUES ('36', '37', '14', '19', '0', '1', '8', '138', '16', '2000-01-01', '2020-10-01', '1');
INSERT INTO `staff_info_pangku_tugas` VALUES ('37', '38', '14', '19', '0', '1', '8', '137', '1', '2000-01-01', '2020-10-01', '1');
INSERT INTO `staff_info_pangku_tugas` VALUES ('38', '39', '14', '19', '0', '1', '9', '129', '27', '2000-01-01', '2020-10-01', '1');
INSERT INTO `staff_info_pangku_tugas` VALUES ('39', '40', '14', '19', '0', '1', '9', '130', '3', '2000-01-01', '2020-10-01', '1');
INSERT INTO `staff_info_pangku_tugas` VALUES ('40', '41', '14', '19', '0', '1', '8', '135', '1', '2000-01-01', '2020-10-01', '1');
INSERT INTO `staff_info_pangku_tugas` VALUES ('46', '17', '14', '30', '0', '1', '12', '20', '2', '2000-01-01', '2020-10-01', '1');
INSERT INTO `staff_info_pangku_tugas` VALUES ('47', '18', '14', '30', '0', '1', '12', '34', '1', '2000-01-01', '2020-10-01', '1');
INSERT INTO `staff_info_pangku_tugas` VALUES ('48', '19', '14', '30', '0', '1', '16', '81', '3', '2000-01-01', '2020-10-01', '1');
INSERT INTO `staff_info_pangku_tugas` VALUES ('49', '20', '14', '30', '0', '1', '16', '225', '2', '2000-01-01', '2020-10-01', '1');
INSERT INTO `staff_info_pangku_tugas` VALUES ('50', '21', '14', '30', '0', '1', '16', '93', '1', '2000-01-01', '2020-10-01', '1');
INSERT INTO `staff_info_pangku_tugas` VALUES ('51', '22', '14', '30', '0', '1', '8', '136', '1', '2000-01-01', '2020-10-01', '1');
INSERT INTO `staff_info_pangku_tugas` VALUES ('52', '23', '14', '30', '0', '1', '8', '138', '2', '2000-01-01', '2020-10-01', '1');
INSERT INTO `staff_info_pangku_tugas` VALUES ('53', '24', '14', '30', '0', '1', '8', '137', '1', '2000-01-01', '2020-10-01', '1');
INSERT INTO `staff_info_pangku_tugas` VALUES ('54', '25', '14', '30', '0', '1', '9', '129', '3', '2000-01-01', '2020-10-01', '1');
INSERT INTO `staff_info_pangku_tugas` VALUES ('55', '26', '14', '30', '0', '1', '9', '130', '2', '2000-01-01', '2020-10-01', '1');
INSERT INTO `staff_info_pangku_tugas` VALUES ('56', '27', '14', '30', '0', '1', '9', '135', '73', '2000-01-01', '2020-10-01', '1');
INSERT INTO `staff_info_pangku_tugas` VALUES ('57', '41', '14', '19', '0', '1', '8', '135', '73', '2000-01-01', '2020-10-01', '1');
INSERT INTO `staff_info_pangku_tugas` VALUES ('58', '43', '14', '22', '0', '1', '7', '0', '0', '2000-01-01', '2020-10-01', '1');
INSERT INTO `staff_info_pangku_tugas` VALUES ('59', '44', '14', '22', '0', '1', '12', '0', '0', '2000-01-01', '2020-10-01', '1');
INSERT INTO `staff_info_pangku_tugas` VALUES ('60', '45', '14', '22', '0', '1', '8', '0', '0', '2000-01-01', '2020-10-01', '1');
INSERT INTO `staff_info_pangku_tugas` VALUES ('61', '46', '14', '22', '0', '1', '8', '135', '0', '2000-01-01', '2020-10-01', '1');
INSERT INTO `staff_info_pangku_tugas` VALUES ('62', '47', '14', '22', '0', '1', '9', '0', '0', '2000-01-01', '2020-10-01', '1');
INSERT INTO `staff_info_pangku_tugas` VALUES ('63', '42', '14', '19', '0', '1', '9', '158', '3', '2000-01-01', '2020-10-01', '1');
INSERT INTO `staff_info_pangku_tugas` VALUES ('64', '6', '14', '16', '0', '1', '15', '18', '1', '2017-09-22', '2017-09-22', '1');
INSERT INTO `staff_info_pangku_tugas` VALUES ('65', '49', '2', '10', '0', '1', '20', '2', '1', '2017-09-01', '2019-04-19', '1');
INSERT INTO `staff_info_pangku_tugas` VALUES ('66', '50', '14', '22', '0', '1', '8', '135', '1', '2010-01-01', '2020-01-01', '1');
INSERT INTO `staff_info_pangku_tugas` VALUES ('67', '36', '14', '19', '0', '1', '8', '136', '1', '2000-01-01', '2020-10-01', '1');
INSERT INTO `staff_info_pangku_tugas` VALUES ('68', '36', '14', '19', '0', '1', '8', '136', '2', '2000-01-01', '2020-10-01', '1');
INSERT INTO `staff_info_pangku_tugas` VALUES ('69', '1', '12', '30', '0', '1', '8', '135', '1', '2000-01-01', '2019-01-01', '1');
INSERT INTO `staff_info_pangku_tugas` VALUES ('70', '51', '14', '16', '0', '1', '11', '53', '1', '2010-01-01', '2020-01-01', '1');
INSERT INTO `staff_info_pangku_tugas` VALUES ('71', '63', '14', '16', '0', '1', '16', '83', '2', '2010-01-01', '2020-01-01', '1');
INSERT INTO `staff_info_pangku_tugas` VALUES ('72', '64', '14', '30', '0', '1', '11', '53', '1', '2010-01-01', '2020-01-10', '1');
INSERT INTO `staff_info_pangku_tugas` VALUES ('73', '65', '14', '30', '0', '1', '16', '83', '2', '2010-01-01', '2020-01-01', '1');
INSERT INTO `staff_info_pangku_tugas` VALUES ('74', '66', '14', '19', '0', '1', '11', '53', '1', '2010-01-01', '2020-01-01', '1');
INSERT INTO `staff_info_pangku_tugas` VALUES ('75', '67', '14', '19', '0', '1', '16', '83', '2', '2010-01-01', '2020-01-01', '1');
INSERT INTO `staff_info_pangku_tugas` VALUES ('76', '68', '14', '22', '0', '1', '11', '0', '0', '2010-01-01', '2020-01-01', '1');
INSERT INTO `staff_info_pangku_tugas` VALUES ('77', '69', '14', '22', '0', '1', '16', '0', '0', '2010-01-01', '2020-01-01', '1');
INSERT INTO `staff_info_pangku_tugas` VALUES ('78', '27', '14', '30', '0', '1', '9', '135', '2', '2000-01-01', '2020-10-01', '1');

-- ----------------------------
-- Table structure for temp_permohonan_maklumat_am
-- ----------------------------
DROP TABLE IF EXISTS `temp_permohonan_maklumat_am`;
CREATE TABLE `temp_permohonan_maklumat_am` (
  `id` int(10) NOT NULL AUTO_INCREMENT,
  `no_mykad` varchar(12) COLLATE utf8mb4_unicode_ci NOT NULL,
  `media_cetak` int(1) NOT NULL DEFAULT '0',
  `media_elektronik` int(1) NOT NULL DEFAULT '0',
  `internet` int(1) NOT NULL DEFAULT '0',
  `media_sosial` int(1) NOT NULL DEFAULT '0',
  `rakan` int(1) NOT NULL DEFAULT '0',
  `keluarga` int(1) NOT NULL DEFAULT '0',
  `pameran` int(1) NOT NULL DEFAULT '0',
  `lain` int(1) NOT NULL DEFAULT '0',
  `text_lain` varchar(250) COLLATE utf8mb4_unicode_ci NOT NULL,
  PRIMARY KEY (`id`)
) ENGINE=InnoDB AUTO_INCREMENT=8 DEFAULT CHARSET=utf8mb4 COLLATE=utf8mb4_unicode_ci;

-- ----------------------------
-- Records of temp_permohonan_maklumat_am
-- ----------------------------
INSERT INTO `temp_permohonan_maklumat_am` VALUES ('1', '', '0', '0', '1', '1', '0', '0', '0', '1', 'test');
INSERT INTO `temp_permohonan_maklumat_am` VALUES ('2', '821110145677', '0', '1', '1', '1', '0', '1', '0', '0', '');
INSERT INTO `temp_permohonan_maklumat_am` VALUES ('3', '821110145677', '0', '0', '0', '0', '0', '0', '0', '0', '');
INSERT INTO `temp_permohonan_maklumat_am` VALUES ('4', '821110145677', '0', '0', '0', '0', '0', '0', '0', '0', '');
INSERT INTO `temp_permohonan_maklumat_am` VALUES ('5', '821110145677', '0', '0', '0', '0', '0', '0', '0', '0', '');
INSERT INTO `temp_permohonan_maklumat_am` VALUES ('6', '821110145677', '0', '0', '0', '0', '0', '0', '0', '0', '');
INSERT INTO `temp_permohonan_maklumat_am` VALUES ('7', '821110145677', '0', '1', '0', '0', '0', '0', '0', '0', '');

-- ----------------------------
-- Table structure for temuduga_tetapan
-- ----------------------------
DROP TABLE IF EXISTS `temuduga_tetapan`;
CREATE TABLE `temuduga_tetapan` (
  `id` int(10) NOT NULL AUTO_INCREMENT,
  `id_permohonan` int(10) DEFAULT NULL COMMENT 'id dari table permohonan_butir_peribadi (update terakhir dari maizun)',
  `id_giatmara` int(10) NOT NULL,
  `id_kursus` int(10) NOT NULL COMMENT 'refer to settings_tawaran_kursus column kursus1/kursus2/kursus3, yang disimpan id settings_tawaran_kursus bukan id_kursus',
  `tarikh_waktu` datetime NOT NULL,
  `tempat` varchar(250) COLLATE utf8mb4_unicode_ci NOT NULL,
  `pegawai` int(11) NOT NULL COMMENT 'refer to staff.id',
  `jawatan` varchar(250) COLLATE utf8mb4_unicode_ci NOT NULL,
  `email` varchar(250) COLLATE utf8mb4_unicode_ci NOT NULL,
  `no_telefon` varchar(20) COLLATE utf8mb4_unicode_ci NOT NULL,
  `tarikh_cetak` datetime DEFAULT NULL COMMENT 'current date',
  `cetak` int(11) DEFAULT NULL COMMENT '1=printed; 0=not printed;',
  `keputusan_temuduga` int(10) NOT NULL COMMENT 'refer to ref_keputusan_temuduga',
  `tukar_kursus` int(10) DEFAULT NULL COMMENT 'refer to settings_tawaran_kursus column kursus1/kursus2/kursus3',
  `catatan` varchar(250) COLLATE utf8mb4_unicode_ci DEFAULT NULL,
  `tawaran_sesi` int(10) DEFAULT NULL,
  `tawaran_kursus` int(10) DEFAULT NULL,
  `tawaran_elaun` int(2) DEFAULT NULL,
  `tawaran_nama_bank` varchar(250) COLLATE utf8mb4_unicode_ci DEFAULT NULL,
  `tawaran_no_akaun` varchar(100) COLLATE utf8mb4_unicode_ci DEFAULT NULL,
  `tawaran_cara_bayaran` varchar(100) COLLATE utf8mb4_unicode_ci DEFAULT NULL,
  `tawaran_status` int(2) DEFAULT NULL,
  `tawaran_tarikh_lapordiri` date DEFAULT NULL,
  `tawaran_masa_lapordiri` time DEFAULT NULL,
  `tawaran_cetak` int(2) DEFAULT NULL,
  `tawaran_tarikh_cetak` datetime DEFAULT NULL,
  `tawaran_tarikh_cetak_2` date DEFAULT NULL,
  `pendaftaran_status` int(11) DEFAULT '0' COMMENT '0 = Tidak Sah, 1 = Sah Senarai Permohonan, 2 = Gugur, 3 = Sah Pendaftaran LPP04, 4 = Hantar Ke Pengurus, 5 = Pengesahan Pendaftaran',
  `id_kursus_daftar` int(10) DEFAULT NULL,
  `tawaran_mula_elaun` date DEFAULT NULL,
  `tawaran_tamat_elaun` date DEFAULT NULL,
  `id_kew_kod_kombinasi` int(10) DEFAULT NULL,
  `id_kursus_sah` int(10) DEFAULT NULL,
  `jenis_pelatih` varchar(10) COLLATE utf8mb4_unicode_ci DEFAULT NULL COMMENT 'LPP04 / LPP09 ',
  `id_pemohon` int(11) DEFAULT NULL COMMENT 'Fk table Permohonan Butir Peribadi',
  `id_permohonan_kursus_lpp09` int(10) DEFAULT NULL,
  PRIMARY KEY (`id`),
  KEY `pegawai` (`pegawai`),
  KEY `id_kursus` (`id_kursus`),
  KEY `id_giatmara` (`id_giatmara`),
  KEY `id_permohonan` (`id_permohonan`),
  KEY `tukar_kursus` (`tukar_kursus`),
  KEY `fk_temuduga_tetapan` (`keputusan_temuduga`),
  KEY `id_pemohon` (`id_pemohon`),
  KEY `id_permohonan_kursus_lpp09` (`id_permohonan_kursus_lpp09`),
  CONSTRAINT `fk_temuduga_tetapan` FOREIGN KEY (`keputusan_temuduga`) REFERENCES `ref_keputusan_temuduga` (`id`) ON DELETE NO ACTION ON UPDATE NO ACTION,
  CONSTRAINT `temuduga_tetapan_ibfk_10` FOREIGN KEY (`id_permohonan_kursus_lpp09`) REFERENCES `permohonan_kursus_lpp09` (`id`) ON DELETE NO ACTION,
  CONSTRAINT `temuduga_tetapan_ibfk_3` FOREIGN KEY (`pegawai`) REFERENCES `staff` (`id`),
  CONSTRAINT `temuduga_tetapan_ibfk_4` FOREIGN KEY (`id_kursus`) REFERENCES `settings_tawaran_kursus` (`id`),
  CONSTRAINT `temuduga_tetapan_ibfk_5` FOREIGN KEY (`id_giatmara`) REFERENCES `ref_giatmara` (`id`),
  CONSTRAINT `temuduga_tetapan_ibfk_8` FOREIGN KEY (`tukar_kursus`) REFERENCES `settings_tawaran_kursus` (`id`) ON UPDATE NO ACTION,
  CONSTRAINT `temuduga_tetapan_ibfk_9` FOREIGN KEY (`id_pemohon`) REFERENCES `permohonan_butir_peribadi` (`id`)
) ENGINE=InnoDB AUTO_INCREMENT=139 DEFAULT CHARSET=utf8mb4 COLLATE=utf8mb4_unicode_ci;

-- ----------------------------
-- Records of temuduga_tetapan
-- ----------------------------
INSERT INTO `temuduga_tetapan` VALUES ('1', '13', '135', '32', '2017-10-23 08:00:00', 'JASIN', '41', 'Pengurus', 'gmjasin@giatmara.edu.my', '06-2659578', '2017-10-22 19:28:18', '1', '3', '32', 'Berjaya dan tukar kursus ke pendawai elektrik nur amalia husin 5', '1', '32', '1', '1', '3456789087', 'autopay', '1', '2017-10-30', '10:30:00', '1', '2017-10-23 01:51:41', '2017-10-31', '5', null, '2018-01-02', '2018-06-29', '3', '32', 'LPP04', '13', null);
INSERT INTO `temuduga_tetapan` VALUES ('2', '13', '136', '525', '2017-10-23 08:00:00', 'ALOR GAJAH', '22', 'Tenaga Pengajar', 'gmalorgajah@giatmara.edu.my', '06-5534939', '2017-10-22 15:11:53', '1', '3', '33', '', '2', '525', '1', '20', '3454235435', 'autopay', '1', '2017-10-30', '17:10:00', '0', null, '2017-10-25', '4', '32', '2018-01-01', '2018-06-30', '3', '525', 'LPP04', '13', null);
INSERT INTO `temuduga_tetapan` VALUES ('3', '13', '136', '278', '2017-10-22 08:00:00', 'ALOR GAJAH', '22', 'Tenaga Pengajar', 'gmalorgajah@giatmara.edu.my', '06-5534939', '2017-10-30 15:29:21', '1', '1', '278', '', null, null, null, null, null, null, null, null, null, '0', null, '2017-10-25', '0', '32', null, null, null, null, 'LPP04', '13', null);
INSERT INTO `temuduga_tetapan` VALUES ('4', '12', '136', '33', '2017-10-31 08:00:00', 'ALOR GAJAH', '22', 'Tenaga Pengajar', 'gmalorgajah@giatmara.edu.my', '06-5534939', '2017-10-22 14:49:59', '1', '2', '33', '', '1', '33', '0', '19', '654545464', 'autopay', '1', '2018-10-10', '16:18:00', '1', null, '2017-10-30', '5', null, '2018-01-01', '2018-06-30', '3', '33', 'LPP04', '12', null);
INSERT INTO `temuduga_tetapan` VALUES ('5', '11', '136', '33', '2017-10-24 11:00:00', 'ALOR GAJAH', '36', 'Pengurus', 'gmalorgajah@giatmara.edu.my', '06-5534939', null, '0', '2', '33', '', '1', '33', '1', '1', '342424243', 'autopay', '1', '2017-10-31', '17:00:00', '0', null, '2017-10-25', '0', '32', '2017-10-24', '2017-12-31', '3', null, 'LPP04', '11', null);
INSERT INTO `temuduga_tetapan` VALUES ('6', '11', '135', '32', '2017-10-24 10:03:00', 'JASIN', '9', 'Pegawai Alatan Dan Senggaraan', 'gmjasin@giatmara.edu.my', '06-2659578', '2017-10-23 14:18:52', '1', '2', '32', 'berjaya nur amalina husin 3', '1', '32', '1', '1', '12340', 'autopay', '1', '2018-11-10', '08:00:00', '0', null, '2017-10-25', '0', '32', '2017-10-23', '2017-10-23', '3', null, 'LPP04', '11', null);
INSERT INTO `temuduga_tetapan` VALUES ('9', '10', '136', '33', '2017-10-09 08:00:00', 'Bilik Mesyuarat GM ALOR GAJAH', '5', 'Pengarah', 'gmalorgajah@giatmara.edu.my', '06-5534939', '2017-10-23 13:16:16', '1', '2', '33', '', '1', '33', '1', '1', '45654654646456', 'autopay', '1', '2017-10-31', '08:00:00', '1', '2017-10-23 00:00:00', '2017-10-23', '5', null, '2018-01-01', '2018-06-30', '3', '33', 'LPP04', '10', null);
INSERT INTO `temuduga_tetapan` VALUES ('10', '9', '136', '33', '2017-10-31 08:00:00', 'ALOR GAJAH', '5', 'Pengarah', 'gmalorgajah@giatmara.edu.my', '06-5534939', null, '0', '2', '33', '', '1', '33', '1', '1', '34242424', 'autopay', '1', '2018-01-01', '08:00:00', null, '2017-10-24 00:00:00', null, '5', null, '2017-10-24', '2017-10-24', '3', '33', 'LPP04', '9', null);
INSERT INTO `temuduga_tetapan` VALUES ('11', '22', '136', '33', '2017-10-31 08:00:00', 'ALOR GAJAH', '22', 'Tenaga Pengajar', 'gmalorgajah@giatmara.edu.my', '06-5534939', null, '0', '2', '33', '', '1', '33', '1', '1', '1122334455', 'autopay', '1', '2018-01-01', '08:00:00', null, '2017-10-24 00:00:00', null, '5', null, '2018-02-01', '2020-05-06', '3', '33', 'LPP04', '22', null);
INSERT INTO `temuduga_tetapan` VALUES ('12', '15', '136', '278', '2017-12-27 08:30:00', 'ALOR GAJAH', '36', 'Pengurus', 'gmalorgajah@giatmara.edu.my', '06-5534939', '2017-10-24 13:40:57', '1', '5', '33', '', null, null, null, null, null, null, null, null, null, null, null, null, '0', null, null, null, null, null, 'LPP04', '15', null);
INSERT INTO `temuduga_tetapan` VALUES ('13', '23', '136', '33', '2017-12-27 08:30:00', 'ALOR GAJAH', '36', 'Pengurus', 'gmalorgajah@giatmara.edu.my', '06-5534939', '2017-10-24 13:40:57', '1', '2', '33', '', '1', '33', '1', '2', '123232323232', 'autopay', '1', '2018-01-01', '08:00:00', null, '2017-10-24 00:00:00', null, '5', null, '2018-01-01', '2018-06-30', '3', '33', 'LPP04', '23', null);
INSERT INTO `temuduga_tetapan` VALUES ('14', '4', '136', '278', '2017-12-27 08:30:00', 'ALOR GAJAH', '36', 'Pengurus', 'gmalorgajah@giatmara.edu.my', '06-5534939', '2017-10-24 13:40:57', '1', '3', '33', 'Pelatih lebih berminat dengan kursus networking', '1', '278', '1', '5', '1234567890', 'autopay', '1', '2018-01-01', '08:00:00', '1', '2017-10-24 00:00:00', '2017-10-24', '5', null, '2018-01-01', '2018-06-30', '3', '278', 'LPP04', '4', null);
INSERT INTO `temuduga_tetapan` VALUES ('15', '19', '136', '33', '2017-12-27 08:30:00', 'ALOR GAJAH', '36', 'Pengurus', 'gmalorgajah@giatmara.edu.my', '06-5534939', '2017-10-24 13:40:57', '1', '2', '33', '', '1', '33', '0', '2', '153010238614', 'autopay', '1', '2018-01-01', '08:00:00', null, '2017-10-24 00:00:00', null, '5', null, '2018-01-01', '2018-06-30', '3', '33', 'LPP04', '19', null);
INSERT INTO `temuduga_tetapan` VALUES ('16', '8', '136', '33', '2017-12-27 08:30:00', 'ALOR GAJAH', '36', 'Pengurus', 'gmalorgajah@giatmara.edu.my', '06-5534939', '2017-10-24 13:40:57', '1', '5', '33', '', null, null, null, null, null, null, null, null, null, null, null, null, '0', null, null, null, null, null, 'LPP04', '8', null);
INSERT INTO `temuduga_tetapan` VALUES ('17', '13', '136', '33', '2017-12-27 08:30:00', 'ALOR GAJAH', '36', 'Pengurus', 'gmalorgajah@giatmara.edu.my', '06-5534939', '2017-10-24 13:40:57', '1', '5', '33', '', null, null, null, null, null, null, null, null, null, null, null, null, '0', '32', null, null, null, null, 'LPP04', '13', null);
INSERT INTO `temuduga_tetapan` VALUES ('18', '16', '135', '32', '2017-10-25 09:30:00', 'JASIN', '27', 'Tenaga Pengajar', 'gmjasin@giatmara.edu.my', '06-2659578', '2017-10-24 13:47:11', '1', '3', '32', '', '1', '32', '1', '1', '123456789', 'autopay', '1', '2018-01-02', '08:30:00', '1', '2017-10-24 00:00:00', '2017-10-24', '5', null, '2018-01-02', '2018-06-30', '3', '32', 'LPP04', '16', null);
INSERT INTO `temuduga_tetapan` VALUES ('19', '19', '135', '32', '2017-10-25 09:30:00', 'JASIN', '27', 'Tenaga Pengajar', 'gmjasin@giatmara.edu.my', '06-2659578', '2017-10-24 13:47:11', '1', '2', '32', '', '1', '32', '1', null, null, null, '1', '2018-01-02', '08:30:00', null, '2017-10-24 00:00:00', null, '0', '33', null, null, null, null, 'LPP04', '19', null);
INSERT INTO `temuduga_tetapan` VALUES ('20', '21', '135', '32', '2017-10-25 09:30:00', 'JASIN', '27', 'Tenaga Pengajar', 'gmjasin@giatmara.edu.my', '06-2659578', '2017-10-24 13:47:11', '1', '2', '32', '', '1', '32', '1', '1', '12234569', 'autopay', '1', '2018-01-02', '08:30:00', null, '2017-10-24 00:00:00', null, '5', null, '2018-01-02', '2018-06-30', '3', '32', 'LPP04', '21', null);
INSERT INTO `temuduga_tetapan` VALUES ('21', '22', '135', '32', '2017-10-25 09:30:00', 'JASIN', '27', 'Tenaga Pengajar', 'gmjasin@giatmara.edu.my', '06-2659578', '2017-10-24 13:47:11', '1', '2', '32', '', '1', '32', '1', '2', '123456789', 'autopay', '1', '2018-01-02', '08:30:00', null, '2017-10-24 00:00:00', null, '0', '33', '2018-01-02', '2018-06-30', '3', null, 'LPP04', '22', null);
INSERT INTO `temuduga_tetapan` VALUES ('22', '28', '135', '32', '2017-10-25 10:00:00', 'JASIN', '27', 'Tenaga Pengajar', 'gmjasin@giatmara.edu.my', '06-2659578', '2017-10-25 01:42:17', '1', '2', '32', '', '1', '32', '1', '1', '11111111111', 'autopay', '1', '2018-01-02', '08:30:00', '1', '2017-10-25 00:00:00', '2017-10-25', '0', '277', '2018-01-02', '2018-06-30', '3', null, 'LPP04', '28', null);
INSERT INTO `temuduga_tetapan` VALUES ('23', '29', '135', '32', '2017-10-25 10:00:00', 'JASIN', '27', 'Tenaga Pengajar', 'gmjasin@giatmara.edu.my', '06-2659578', '2017-10-25 01:42:17', '1', '2', '32', '', '1', '32', '1', '5', '1111111111111111', 'autopay', '1', '2018-01-02', '08:30:00', '1', '2017-10-25 00:00:00', '2017-10-25', '5', null, '2018-01-02', '2018-06-30', '3', '32', 'LPP04', '29', null);
INSERT INTO `temuduga_tetapan` VALUES ('24', '28', '135', '277', '2017-10-25 10:00:00', 'JASIN', '27', 'Tenaga Pengajar', 'gmjasin@giatmara.edu.my', '06-2659578', '2017-10-25 01:43:00', '1', '2', '277', '', '1', '277', '1', '1', '987654321', 'autopay', '1', '2018-01-02', '08:00:00', '1', '2017-10-25 00:00:00', '2017-10-25', '5', null, '2018-01-02', '2018-06-30', '3', '277', 'LPP04', '28', null);
INSERT INTO `temuduga_tetapan` VALUES ('25', '29', '135', '277', '2017-10-25 10:00:00', 'JASIN', '27', 'Tenaga Pengajar', 'gmjasin@giatmara.edu.my', '06-2659578', '2017-10-31 00:38:42', '1', '1', '277', '', null, null, null, null, null, null, null, null, null, null, null, null, '0', '32', null, null, null, null, 'LPP04', '29', null);
INSERT INTO `temuduga_tetapan` VALUES ('26', '31', '135', '32', '2017-10-31 08:00:00', 'JASIN', '27', 'Tenaga Pengajar', 'gmjasin@giatmara.edu.my', '06-2659578', null, '0', '2', '32', '', '1', '32', '1', '15', '342423424324', 'autopay', '1', '2018-01-01', '08:00:00', null, '2017-10-25 00:00:00', null, '5', null, '2017-10-25', '2018-06-30', '3', '32', 'LPP04', '31', null);
INSERT INTO `temuduga_tetapan` VALUES ('27', '30', '135', '277', '2017-11-01 09:00:00', 'JASIN', '8', 'Pegawai Alatan Dan Senggaraan', 'gmjasin@giatmara.edu.my', '06-2659578', '2017-10-25 07:42:53', '1', '2', '32', '', '1', '277', '1', null, null, null, '1', '2018-01-02', '09:00:00', '1', '2017-10-25 00:00:00', '2017-10-25', '0', '33', null, null, null, null, 'LPP04', '30', null);
INSERT INTO `temuduga_tetapan` VALUES ('28', '33', '135', '32', '2017-10-31 08:00:00', 'JASIN', '27', 'Tenaga Pengajar', 'gmjasin@giatmara.edu.my', '06-2659578', null, '0', '2', '32', '', '1', '32', '1', '1', '32323423432', 'autopay', '1', '2019-01-10', '08:00:00', null, '2017-10-25 00:00:00', null, '5', null, '2017-10-25', '2017-10-25', '3', '32', 'LPP04', '33', null);
INSERT INTO `temuduga_tetapan` VALUES ('29', '35', '136', '33', '2017-10-31 08:00:00', 'ALOR GAJAH', '22', 'Tenaga Pengajar', 'gmalorgajah@giatmara.edu.my', '06-5534939', null, '0', '2', '33', '', '1', '33', '1', '17', '2343434535', 'autopay', '1', '2019-01-10', '08:00:00', null, '2017-10-25 00:00:00', null, '5', null, '2018-01-01', '2018-06-30', '3', '33', 'LPP04', '35', null);
INSERT INTO `temuduga_tetapan` VALUES ('30', '34', '135', '32', '2017-11-30 08:00:00', 'JASIN', '27', 'Tenaga Pengajar', 'gmjasin@giatmara.edu.my', '06-2659578', '2017-10-25 09:44:08', '1', '2', '32', '', '1', '32', '1', '3', '87876543', 'autopay', '1', '2018-01-02', '08:00:00', '1', '2017-10-25 00:00:00', '2017-10-25', '5', null, '2018-01-02', '2018-06-29', '3', '32', 'LPP04', '34', null);
INSERT INTO `temuduga_tetapan` VALUES ('31', '34', '135', '277', '2017-10-26 08:30:00', 'JASIN', '27', 'Tenaga Pengajar', 'gmjasin@giatmara.edu.my', '06-2659578', '2017-10-25 09:43:22', '1', '2', '277', '', '1', '277', '1', null, null, null, '1', '2018-01-02', '08:30:00', '1', '2017-10-25 00:00:00', '2017-10-25', '0', '32', null, null, null, null, 'LPP04', '34', null);
INSERT INTO `temuduga_tetapan` VALUES ('32', '30', '136', '33', '2017-10-30 09:00:00', 'ALOR GAJAH', '36', 'Pengurus', 'gmalorgajah@giatmara.edu.my', '06-5534939', '2017-10-25 11:25:37', '1', '2', '33', 'Danial Ariff Berjaya', '1', '33', '1', '1', '12345', 'autopay', '1', '2018-01-02', '08:00:00', '1', '2017-10-25 00:00:00', '2017-10-30', '5', null, '2018-01-02', '2018-06-29', '3', '33', 'LPP04', '30', null);
INSERT INTO `temuduga_tetapan` VALUES ('33', '36', '135', '32', '2017-10-29 08:00:00', 'JASIN', '27', 'Tenaga Pengajar', 'gmjasin@giatmara.edu.my', '06-2659578', null, '0', '2', '32', '', '1', '32', '1', '1', '56456456456', 'autopay', '1', '2018-01-01', '08:00:00', null, '2017-10-25 00:00:00', null, '5', null, '2018-01-01', '2018-06-30', '3', '32', 'LPP04', '36', null);
INSERT INTO `temuduga_tetapan` VALUES ('34', '32', '136', '278', '2017-10-31 09:00:00', 'ALOR GAJAH', '22', 'Tenaga Pengajar', 'gmalorgajah@giatmara.edu.my', '06-5534939', '2017-10-25 12:11:50', '1', '2', '33', '', '1', '278', '1', '1', '112233555', 'autopay', '1', '2018-01-02', '08:00:00', '1', '2017-10-25 00:00:00', '2017-10-31', '5', null, '2018-01-02', '2018-06-29', '3', '278', 'LPP04', '32', null);
INSERT INTO `temuduga_tetapan` VALUES ('35', '48', '83', '922', '2017-12-17 09:00:00', 'TUMPAT', '65', 'Tenaga Pengajar', 'gmtumpat@giatmara.edu.my', '09-7211994', '2017-10-25 13:50:25', '1', '2', '922', '', '1', '922', '1', '1', '2342356789', 'autopay', '1', '2018-01-01', '08:30:00', '1', '2017-10-25 00:00:00', '2017-10-27', '5', null, '2018-01-02', '2018-06-29', '3', '922', 'LPP04', '48', null);
INSERT INTO `temuduga_tetapan` VALUES ('36', '58', '83', '922', '2017-12-17 09:00:00', 'TUMPAT', '65', 'Tenaga Pengajar', 'gmtumpat@giatmara.edu.my', '09-7211994', '2017-10-25 13:50:25', '1', '2', '922', '', '1', '922', '1', '1', '3456765434', 'autopay', '1', '2018-01-01', '08:30:00', null, '2017-10-25 00:00:00', null, '5', null, '2018-01-02', '2018-06-29', '3', '922', 'LPP04', '58', null);
INSERT INTO `temuduga_tetapan` VALUES ('37', '49', '83', '922', '2017-12-17 09:00:00', 'TUMPAT', '65', 'Tenaga Pengajar', 'gmtumpat@giatmara.edu.my', '09-7211994', '2017-10-25 13:50:25', '1', '2', '922', '', '1', '922', '1', '2', '55467876567', 'autopay', '1', '2018-01-01', '08:30:00', null, '2017-10-25 00:00:00', null, '5', null, '2018-01-02', '2018-06-29', '3', '922', 'LPP04', '49', null);
INSERT INTO `temuduga_tetapan` VALUES ('38', '60', '83', '922', '2017-12-17 09:00:00', 'TUMPAT', '65', 'Tenaga Pengajar', 'gmtumpat@giatmara.edu.my', '09-7211994', '2017-10-25 13:50:25', '1', '2', '922', '', '1', '922', '1', '2', '6548700000', 'autopay', '1', '2018-01-01', '08:30:00', null, '2017-10-25 00:00:00', null, '5', null, '2018-01-02', '2018-06-29', '3', '922', 'LPP04', '60', null);
INSERT INTO `temuduga_tetapan` VALUES ('39', '37', '83', '922', '2017-12-17 09:00:00', 'TUMPAT', '65', 'Tenaga Pengajar', 'gmtumpat@giatmara.edu.my', '09-7211994', '2017-10-25 13:50:25', '1', '2', '922', '', '1', '922', '1', '2', '768900000', 'autopay', '1', '2018-01-01', '08:30:00', null, '2017-10-25 00:00:00', null, '5', null, '2018-01-02', '2018-06-29', '3', '922', 'LPP04', '37', null);
INSERT INTO `temuduga_tetapan` VALUES ('40', '70', '83', '922', '2017-12-17 09:00:00', 'TUMPAT', '65', 'Tenaga Pengajar', 'gmtumpat@giatmara.edu.my', '09-7211994', '2017-10-25 13:50:25', '1', '2', '922', '', '1', '922', '1', '1', '7897000000', 'autopay', '1', '2018-01-01', '08:30:00', null, '2017-10-25 00:00:00', null, '5', null, '2018-01-02', '2018-06-29', '3', '922', 'LPP04', '70', null);
INSERT INTO `temuduga_tetapan` VALUES ('41', '47', '83', '922', '2017-12-17 09:00:00', 'TUMPAT', '65', 'Tenaga Pengajar', 'gmtumpat@giatmara.edu.my', '09-7211994', '2017-10-25 13:50:25', '1', '2', '922', '', '1', '922', '1', '4', '7680009876', 'autopay', '1', '2018-01-01', '08:30:00', null, '2017-10-25 00:00:00', null, '5', null, '2018-01-02', '2018-06-29', '3', '922', 'LPP04', '47', null);
INSERT INTO `temuduga_tetapan` VALUES ('42', '61', '83', '922', '2017-12-17 09:00:00', 'TUMPAT', '65', 'Tenaga Pengajar', 'gmtumpat@giatmara.edu.my', '09-7211994', '2017-10-25 13:50:25', '1', '2', '922', '', '1', '922', '1', '2', '8790009876', 'autopay', '1', '2018-01-01', '08:30:00', null, '2017-10-25 00:00:00', null, '5', null, '2018-01-02', '2018-06-29', '3', '922', 'LPP04', '61', null);
INSERT INTO `temuduga_tetapan` VALUES ('43', '38', '83', '922', '2017-12-17 09:00:00', 'TUMPAT', '65', 'Tenaga Pengajar', 'gmtumpat@giatmara.edu.my', '09-7211994', '2017-10-25 13:50:25', '1', '2', '922', '', '1', '922', '1', '1', '7890009876', 'autopay', '1', '2018-01-01', '08:30:00', null, '2017-10-25 00:00:00', null, '5', null, '2018-01-02', '2018-06-29', '3', '922', 'LPP04', '38', null);
INSERT INTO `temuduga_tetapan` VALUES ('44', '51', '83', '922', '2017-12-17 09:00:00', 'TUMPAT', '65', 'Tenaga Pengajar', 'gmtumpat@giatmara.edu.my', '09-7211994', '2017-10-25 13:50:25', '1', '2', '922', '', '1', '922', '1', '5', '890098432', 'autopay', '1', '2018-01-01', '08:30:00', null, '2017-10-25 00:00:00', null, '5', null, '2018-01-02', '2018-06-29', '3', '922', 'LPP04', '51', null);
INSERT INTO `temuduga_tetapan` VALUES ('45', '59', '83', '922', '2017-12-17 09:00:00', 'TUMPAT', '65', 'Tenaga Pengajar', 'gmtumpat@giatmara.edu.my', '09-7211994', '2017-10-25 13:50:26', '1', '2', '922', '', '1', '922', '1', '5', '3454670000', 'autopay', '1', '2018-01-01', '08:30:00', null, '2017-10-25 00:00:00', null, '5', null, '2018-01-02', '2018-06-29', '3', '922', 'LPP04', '59', null);
INSERT INTO `temuduga_tetapan` VALUES ('46', '53', '83', '922', '2017-12-17 09:00:00', 'TUMPAT', '65', 'Tenaga Pengajar', 'gmtumpat@giatmara.edu.my', '09-7211994', '2017-10-25 13:50:26', '1', '2', '922', '', '1', '922', '1', '5', '879444000', 'autopay', '1', '2018-01-01', '08:30:00', null, '2017-10-25 00:00:00', null, '5', null, '2018-01-02', '2018-06-29', '3', '922', 'LPP04', '53', null);
INSERT INTO `temuduga_tetapan` VALUES ('47', '63', '83', '922', '2017-12-17 09:00:00', 'TUMPAT', '65', 'Tenaga Pengajar', 'gmtumpat@giatmara.edu.my', '09-7211994', '2017-10-25 13:50:26', '1', '2', '922', '', '1', '922', '1', '15', '122443235223322', 'autopay', '1', '2018-01-01', '08:30:00', null, '2017-10-25 00:00:00', null, '5', null, '2018-01-01', '2018-06-30', '3', '922', 'LPP04', '63', null);
INSERT INTO `temuduga_tetapan` VALUES ('48', '40', '83', '922', '2017-12-17 09:00:00', 'TUMPAT', '65', 'Tenaga Pengajar', 'gmtumpat@giatmara.edu.my', '09-7211994', '2017-10-25 13:50:26', '1', '2', '922', '', '1', '922', '1', '16', '34354567777', 'autopay', '1', '2018-01-01', '08:30:00', null, '2017-10-25 00:00:00', null, '5', null, '2017-10-25', '2018-06-30', '3', '922', 'LPP04', '40', null);
INSERT INTO `temuduga_tetapan` VALUES ('49', '44', '83', '922', '2017-12-17 09:00:00', 'TUMPAT', '65', 'Tenaga Pengajar', 'gmtumpat@giatmara.edu.my', '09-7211994', '2017-10-25 13:50:26', '1', '2', '922', '', '1', '922', '1', '8', '34355777776', 'autopay', '1', '2018-01-01', '08:30:00', null, '2017-10-25 00:00:00', null, '5', null, '2018-01-01', '2018-06-30', '3', '922', 'LPP04', '44', null);
INSERT INTO `temuduga_tetapan` VALUES ('50', '56', '83', '922', '2017-12-17 09:00:00', 'TUMPAT', '65', 'Tenaga Pengajar', 'gmtumpat@giatmara.edu.my', '09-7211994', '2017-10-25 13:50:26', '1', '2', '922', '', '1', '922', '1', '9', '144353545555', 'autopay', '1', '2018-01-01', '08:30:00', null, '2017-10-25 00:00:00', null, '5', null, '2018-01-01', '2018-06-30', '3', '922', 'LPP04', '56', null);
INSERT INTO `temuduga_tetapan` VALUES ('51', '54', '83', '922', '2017-12-17 09:00:00', 'TUMPAT', '65', 'Tenaga Pengajar', 'gmtumpat@giatmara.edu.my', '09-7211994', '2017-10-25 13:50:26', '1', '2', '922', '', '1', '922', '1', '1', '12256576575', 'autopay', '1', '2018-01-01', '08:30:00', null, '2017-10-25 00:00:00', null, '5', null, '2018-01-01', '2018-06-30', '3', '922', 'LPP04', '54', null);
INSERT INTO `temuduga_tetapan` VALUES ('52', '45', '83', '922', '2017-12-17 09:00:00', 'TUMPAT', '65', 'Tenaga Pengajar', 'gmtumpat@giatmara.edu.my', '09-7211994', '2017-10-25 13:50:26', '1', '2', '922', '', '1', '922', '1', '2', '15334578989', 'autopay', '1', '2018-01-01', '08:30:00', null, '2017-10-25 00:00:00', null, '5', null, '2018-01-01', '2018-06-30', '3', '922', 'LPP04', '45', null);
INSERT INTO `temuduga_tetapan` VALUES ('53', '46', '83', '922', '2017-12-17 09:00:00', 'TUMPAT', '65', 'Tenaga Pengajar', 'gmtumpat@giatmara.edu.my', '09-7211994', '2017-10-25 13:50:26', '1', '2', '922', '', '1', '922', '1', '4', '1235678766', 'autopay', '1', '2018-01-01', '08:30:00', null, '2017-10-25 00:00:00', null, '5', null, '2018-01-01', '2018-06-30', '3', '922', 'LPP04', '46', null);
INSERT INTO `temuduga_tetapan` VALUES ('54', '69', '53', '919', '2017-10-26 09:00:00', 'BAGAN DATUH', '64', 'Tenaga Pengajar', 'gmbagandatoh@giatmara.edu.my', '05-6421800', '2017-10-25 13:59:17', '1', '2', '919', '', '1', '919', '1', '5', '1234567890', 'autopay', '1', '2018-01-02', '09:00:00', '1', '2017-10-25 00:00:00', '2017-10-25', '5', null, '2018-01-02', '2018-06-30', '3', '919', 'LPP04', '69', null);
INSERT INTO `temuduga_tetapan` VALUES ('55', '68', '53', '919', '2017-10-26 09:00:00', 'BAGAN DATUH', '64', 'Tenaga Pengajar', 'gmbagandatoh@giatmara.edu.my', '05-6421800', '2017-10-25 13:59:18', '1', '2', '919', '', '1', '919', '1', '8', '12233445678', 'autopay', '1', '2018-01-02', '09:00:00', null, '2017-10-25 00:00:00', null, '5', null, '2018-01-02', '2018-06-30', '3', '919', 'LPP04', '68', null);
INSERT INTO `temuduga_tetapan` VALUES ('56', '39', '53', '919', '2017-10-26 09:00:00', 'BAGAN DATUH', '64', 'Tenaga Pengajar', 'gmbagandatoh@giatmara.edu.my', '05-6421800', '2017-10-25 13:59:18', '1', '2', '919', '', '1', '919', '1', '5', '123455678', 'autopay', '1', '2018-01-02', '09:00:00', null, '2017-10-25 00:00:00', null, '5', null, '2018-01-02', '2018-06-30', '3', '919', 'LPP04', '39', null);
INSERT INTO `temuduga_tetapan` VALUES ('57', '62', '53', '919', '2017-10-26 09:00:00', 'BAGAN DATUH', '64', 'Tenaga Pengajar', 'gmbagandatoh@giatmara.edu.my', '05-6421800', '2017-10-25 13:59:18', '1', '2', '919', '', '1', '919', '1', '6', '98876557889', 'autopay', '1', '2018-01-02', '09:00:00', null, '2017-10-25 00:00:00', null, '5', null, '2018-01-02', '2018-06-30', '3', '919', 'LPP04', '62', null);
INSERT INTO `temuduga_tetapan` VALUES ('58', '41', '53', '919', '2017-10-26 09:00:00', 'BAGAN DATUH', '64', 'Tenaga Pengajar', 'gmbagandatoh@giatmara.edu.my', '05-6421800', '2017-10-25 13:59:18', '1', '2', '919', '', '1', '919', '1', '8', '1245677', 'autopay', '1', '2018-01-02', '09:00:00', null, '2017-10-25 00:00:00', null, '5', null, '2018-01-02', '2018-06-30', '3', '919', 'LPP04', '41', null);
INSERT INTO `temuduga_tetapan` VALUES ('59', '50', '53', '919', '2017-10-26 09:00:00', 'BAGAN DATUH', '64', 'Tenaga Pengajar', 'gmbagandatoh@giatmara.edu.my', '05-6421800', '2017-10-25 13:59:18', '1', '2', '919', '', '1', '919', '1', '7', '345464454554', 'autopay', '1', '2018-01-02', '09:00:00', null, '2017-10-25 00:00:00', null, '5', null, '2018-01-02', '2018-06-30', '3', '919', 'LPP04', '50', null);
INSERT INTO `temuduga_tetapan` VALUES ('60', '55', '53', '919', '2017-10-26 09:00:00', 'BAGAN DATUH', '64', 'Tenaga Pengajar', 'gmbagandatoh@giatmara.edu.my', '05-6421800', '2017-10-25 13:59:18', '1', '2', '919', '', '1', '919', '1', '2', '4567889767666666', 'autopay', '1', '2018-01-02', '09:00:00', null, '2017-10-25 00:00:00', null, '5', null, '2018-01-02', '2018-06-30', '3', '919', 'LPP04', '55', null);
INSERT INTO `temuduga_tetapan` VALUES ('61', '64', '53', '919', '2017-10-26 09:00:00', 'BAGAN DATUH', '64', 'Tenaga Pengajar', 'gmbagandatoh@giatmara.edu.my', '05-6421800', '2017-10-25 13:59:18', '1', '2', '919', '', '1', '919', '1', '4', '12354678888', 'autopay', '1', '2018-01-02', '09:00:00', null, '2017-10-25 00:00:00', null, '5', null, '2018-01-02', '2018-06-30', '3', '919', 'LPP04', '64', null);
INSERT INTO `temuduga_tetapan` VALUES ('62', '66', '53', '919', '2017-10-26 09:00:00', 'BAGAN DATUH', '64', 'Tenaga Pengajar', 'gmbagandatoh@giatmara.edu.my', '05-6421800', '2017-10-25 13:59:18', '1', '2', '919', '', '1', '919', '1', '7', '23243545465465675', 'autopay', '1', '2018-01-02', '09:00:00', null, '2017-10-25 00:00:00', null, '5', null, '2018-01-02', '2018-06-30', '3', '919', 'LPP04', '66', null);
INSERT INTO `temuduga_tetapan` VALUES ('63', '42', '53', '919', '2017-10-26 09:00:00', 'BAGAN DATUH', '64', 'Tenaga Pengajar', 'gmbagandatoh@giatmara.edu.my', '05-6421800', '2017-10-25 13:59:18', '1', '2', '919', '', '1', '919', '1', '9', '23546565756', 'autopay', '1', '2018-01-02', '09:00:00', null, '2017-10-25 00:00:00', null, '5', null, '2018-01-02', '2018-06-30', '3', '919', 'LPP04', '42', null);
INSERT INTO `temuduga_tetapan` VALUES ('64', '52', '53', '919', '2017-10-26 09:00:00', 'BAGAN DATUH', '64', 'Tenaga Pengajar', 'gmbagandatoh@giatmara.edu.my', '05-6421800', '2017-10-25 13:59:30', '1', '2', '919', '', '1', '919', '1', '5', '3435464654', 'autopay', '1', '2018-01-02', '09:00:00', null, '2017-10-25 00:00:00', null, '5', null, '2018-01-02', '2018-06-30', '3', '919', 'LPP04', '52', null);
INSERT INTO `temuduga_tetapan` VALUES ('65', '67', '53', '919', '2017-10-26 09:00:00', 'BAGAN DATUH', '64', 'Tenaga Pengajar', 'gmbagandatoh@giatmara.edu.my', '05-6421800', '2017-10-25 13:59:30', '1', '2', '919', '', '1', '919', '1', '3', '2435464575875', 'autopay', '1', '2018-01-02', '09:00:00', null, '2017-10-25 00:00:00', null, '5', null, '2018-01-02', '2018-06-30', '3', '919', 'LPP04', '67', null);
INSERT INTO `temuduga_tetapan` VALUES ('66', '57', '53', '919', '2017-10-26 09:00:00', 'BAGAN DATUH', '64', 'Tenaga Pengajar', 'gmbagandatoh@giatmara.edu.my', '05-6421800', '2017-10-25 13:59:30', '1', '2', '919', '', '1', '919', '1', '5', '353453524353', 'autopay', '1', '2018-01-02', '09:00:00', null, '2017-10-25 00:00:00', null, '5', null, '2018-01-02', '2018-06-30', '3', '919', 'LPP04', '57', null);
INSERT INTO `temuduga_tetapan` VALUES ('67', '65', '53', '919', '2017-10-26 09:00:00', 'BAGAN DATUH', '64', 'Tenaga Pengajar', 'gmbagandatoh@giatmara.edu.my', '05-6421800', '2017-10-25 13:59:30', '1', '2', '919', '', '1', '919', '1', '5', '23453647575857', 'autopay', '1', '2018-01-02', '09:00:00', null, '2017-10-25 00:00:00', null, '5', null, '2018-01-02', '2018-06-30', '3', '919', 'LPP04', '65', null);
INSERT INTO `temuduga_tetapan` VALUES ('68', '71', '83', '922', '2017-12-18 08:00:00', 'TUMPAT', '65', 'Tenaga Pengajar', 'gmtumpat@giatmara.edu.my', '09-7211994', '2017-10-25 13:57:40', '1', '2', '922', '', '1', '922', '0', '2', '153010233333', 'autopay', '1', '2018-01-01', '08:30:00', null, '2017-10-25 00:00:00', null, '5', null, '2018-01-01', '2018-06-30', '3', '922', 'LPP04', '71', null);
INSERT INTO `temuduga_tetapan` VALUES ('69', '72', '53', '919', '2017-10-26 09:00:00', 'BAGAN DATUH', '64', 'Tenaga Pengajar', 'gmbagandatoh@giatmara.edu.my', '05-6421800', '2017-10-25 14:05:35', '1', '2', '919', '', '1', '919', '1', '4', '2465467477', 'autopay', '1', '2018-01-02', '09:00:00', null, '2017-10-25 00:00:00', null, '5', null, '2018-01-02', '2018-06-30', '3', '919', 'LPP04', '72', null);
INSERT INTO `temuduga_tetapan` VALUES ('70', '73', '53', '919', '2017-10-26 09:00:00', 'BAGAN DATUH', '64', 'Tenaga Pengajar', 'gmbagandatoh@giatmara.edu.my', '05-6421800', '2017-10-25 14:05:35', '1', '2', '919', '', '1', '919', '1', '1', '11111111111111', 'autopay', '1', '2018-01-02', '09:00:00', null, '2017-10-25 00:00:00', null, '5', null, '2018-01-02', '2018-06-30', '3', '919', 'LPP04', '73', null);
INSERT INTO `temuduga_tetapan` VALUES ('71', '76', '53', '919', '2017-10-26 09:00:00', 'BAGAN DATUH', '51', 'Pembantu Eksekutif Urustadbir', 'gmbagandatoh@giatmara.edu.my', '05-6421800', null, '0', '2', '919', '', '1', '919', '1', '2', '2222222222', 'autopay', '1', '2018-01-02', '09:00:00', null, '2017-10-25 00:00:00', null, '5', null, '2018-01-02', '2018-06-30', '3', '919', 'LPP04', '76', null);
INSERT INTO `temuduga_tetapan` VALUES ('73', '77', '53', '919', '2017-10-26 09:00:00', 'BAGAN DATUH', '64', 'Tenaga Pengajar', 'gmbagandatoh@giatmara.edu.my', '05-6421800', '2017-10-26 01:39:15', '1', '2', '919', '', '1', '919', '1', '1', '11111111', 'autopay', '1', '2018-01-02', '08:00:00', '1', '2017-10-26 00:00:00', '2017-10-26', '0', '920', '2018-01-02', '2018-06-30', '3', null, 'LPP04', '77', null);
INSERT INTO `temuduga_tetapan` VALUES ('74', '77', '53', '920', '2017-10-26 09:00:00', 'BAGAN DATUH', '64', 'Tenaga Pengajar', 'gmbagandatoh@giatmara.edu.my', '05-6421800', '2017-10-26 01:51:18', '1', '2', '920', '', '1', '920', '1', '1', '111111111', 'autopay', '1', '2018-01-02', '08:00:00', '1', '2017-10-26 00:00:00', '2017-10-26', '5', null, '2018-01-02', '2018-06-30', '3', '920', 'LPP04', '77', null);
INSERT INTO `temuduga_tetapan` VALUES ('76', '78', '53', '919', '2017-11-14 08:00:00', 'BAGAN DATUH', '51', 'Pembantu Eksekutif Urustadbir', 'gmbagandatoh@giatmara.edu.my', '05-6421800', '2017-10-26 02:27:12', '1', '2', '919', '', '1', '919', '0', '1', '7897127299982', 'autopay', '1', '2018-01-02', '08:00:00', '1', '2017-10-26 00:00:00', '2017-10-26', '5', null, '2017-10-26', '2017-10-26', '3', '919', 'LPP04', '78', null);
INSERT INTO `temuduga_tetapan` VALUES ('77', '81', '135', '32', '2017-10-31 08:00:00', 'JASIN', '41', 'Pengurus', 'gmjasin@giatmara.edu.my', '06-2659578', null, '0', '2', '32', '', '1', '32', '1', '2', '211321', 'autopay', '1', '2018-01-01', '08:00:00', null, '2017-10-26 00:00:00', null, '5', null, '2018-01-01', '2018-06-30', '3', '32', 'LPP04', '81', null);
INSERT INTO `temuduga_tetapan` VALUES ('79', '80', '135', '32', '2017-10-31 08:00:00', 'JASIN', '41', 'Pengurus', 'gmjasin@giatmara.edu.my', '06-2659578', null, '0', '2', '32', '', '1', '32', '1', '1', '23223', 'autopay', '1', '2018-01-01', '08:00:00', null, '2017-10-26 00:00:00', null, '5', null, '2018-01-01', '2018-06-30', '3', '32', 'LPP04', '80', null);
INSERT INTO `temuduga_tetapan` VALUES ('92', '90', '53', '919', '2017-10-27 08:00:00', 'BAGAN DATUH', '64', 'Tenaga Pengajar', 'gmbagandatoh@giatmara.edu.my', '05-6421800', '2017-10-27 01:44:15', '1', '2', '919', '', '1', '919', '1', '1', '1111111', 'autopay', '1', '2018-01-01', '08:00:00', '1', '2017-10-27 00:00:00', '2017-10-27', '5', null, '2018-01-01', '2018-06-30', '3', '919', 'LPP04', '90', null);
INSERT INTO `temuduga_tetapan` VALUES ('93', '90', '53', '920', '2017-10-27 08:00:00', 'BAGAN DATUH', '64', 'Tenaga Pengajar', 'gmbagandatoh@giatmara.edu.my', '05-6421800', '2017-10-27 01:48:35', '1', '2', '920', '', '1', '920', '1', '1', '111', 'autopay', '1', '2018-01-01', '08:00:00', '1', '2017-10-27 00:00:00', '2017-10-27', '0', '919', '2018-01-01', '2018-06-30', '3', null, 'LPP04', '90', null);
INSERT INTO `temuduga_tetapan` VALUES ('94', '75', '53', '919', '2017-10-27 08:00:00', 'BAGAN DATUH', '64', 'Tenaga Pengajar', 'gmbagandatoh@giatmara.edu.my', '05-6421800', '2017-10-27 02:03:50', '1', '3', '920', '', '1', '919', '1', '12', '2342343535', 'autopay', '1', '2018-01-01', '08:00:00', '1', '2017-11-01 00:00:00', '2017-10-27', '5', null, '2018-01-01', '2018-06-30', '3', '919', 'LPP04', '75', null);
INSERT INTO `temuduga_tetapan` VALUES ('105', '85', '83', '922', '2017-10-30 08:00:00', 'TUMPAT', '63', 'Pembantu Eksekutif Urustadbir', 'gmtumpat@giatmara.edu.my', '09-7211994', null, '0', '2', '922', '', '1', '922', '1', '17', '45646564565646', 'autopay', '1', '2018-01-01', '08:00:00', null, '2017-10-27 00:00:00', null, '5', null, '2017-10-27', '2017-10-27', '3', '922', 'LPP04', '85', null);
INSERT INTO `temuduga_tetapan` VALUES ('114', '87', '136', '33', '2017-11-01 09:00:00', 'ALOR GAJAH', '22', 'Tenaga Pengajar', 'gmalorgajah@giatmara.edu.my', '06-5534939', '2017-10-30 01:55:03', '1', '3', '33', '', '1', '33', '0', '2', '112233445566', 'autopay', '1', '2018-01-02', '09:00:00', '1', '2017-10-30 00:00:00', '2017-10-30', '5', null, '2018-02-01', '2020-05-06', '3', '33', 'LPP04', '87', null);
INSERT INTO `temuduga_tetapan` VALUES ('115', '4', '136', '33', '2017-10-31 09:00:00', 'ALOR GAJAH', '22', 'Tenaga Pengajar', 'gmalorgajah@giatmara.edu.my', '06-5534939', '2017-10-30 10:01:02', '1', '2', '33', '', '1', '33', '1', null, null, null, '1', '2018-01-02', '09:00:00', '1', '2017-10-30 00:00:00', '2017-10-30', '0', null, null, null, null, null, 'LPP04', '4', null);
INSERT INTO `temuduga_tetapan` VALUES ('116', '1', '18', '30', '2017-10-31 11:00:00', 'ARAU', '7', 'Pengarah', 'gmarau@giatmara.edu.my', '04-9764268', '2017-10-30 17:56:47', '1', '2', '30', 'Zulyantara 1 Berjaya', '1', '30', '1', '1', '123456789', 'autopay', '1', '2019-06-10', '12:00:00', '1', '2017-10-30 00:00:00', '2017-10-30', '5', null, '2017-10-30', '2017-10-31', '3', '30', 'LPP04', '1', null);
INSERT INTO `temuduga_tetapan` VALUES ('118', '24', '136', '278', '2017-10-31 14:00:00', 'ALOR GAJAH', '36', 'Pengurus', 'gmalorgajah@giatmara.edu.my', '06-5534939', '2017-10-31 01:34:21', '1', '2', '278', '', '1', '278', '1', '1', '1122334455', 'autopay', '1', '2018-01-02', '09:00:00', '1', '2017-10-31 00:00:00', '2017-10-31', '5', null, '2018-01-02', '2018-06-29', '3', '278', 'LPP04', '24', null);
INSERT INTO `temuduga_tetapan` VALUES ('120', '93', '53', '919', '2017-11-02 08:00:00', 'BAGAN DATUH', '64', 'Tenaga Pengajar', 'gmbagandatoh@giatmara.edu.my', '05-6421800', null, '0', '2', '919', '', '1', '919', '1', '1', '131313243234', 'autopay', '1', '2018-01-01', '08:00:00', null, '2017-11-01 00:00:00', null, '5', null, '2018-01-01', '2018-06-30', '3', '919', 'LPP04', '93', null);
INSERT INTO `temuduga_tetapan` VALUES ('121', '94', '53', '919', '2017-11-02 08:00:00', 'BAGAN DATUH', '64', 'Tenaga Pengajar', 'gmbagandatoh@giatmara.edu.my', '05-6421800', null, '0', '2', '919', '', '1', '919', '1', '1', '34242342', 'autopay', '1', '2018-01-01', '08:00:00', null, '2017-11-01 00:00:00', null, '5', null, '2018-01-01', '2018-06-30', '3', '919', 'LPP04', '94', null);
INSERT INTO `temuduga_tetapan` VALUES ('122', '95', '53', '919', '2017-11-02 08:00:00', 'BAGAN DATUH', '64', 'Tenaga Pengajar', 'gmbagandatoh@giatmara.edu.my', '05-6421800', null, '0', '2', '919', '', '1', '919', '1', '4', '24234234234', 'autopay', '1', '2018-01-01', '08:00:00', null, '2017-11-01 00:00:00', null, '5', null, '2018-01-01', '2018-06-30', '3', '919', 'LPP04', '95', null);
INSERT INTO `temuduga_tetapan` VALUES ('124', '79', '136', '33', '2017-11-02 08:00:00', 'ALOR GAJAH', '36', 'Pengurus', 'gmalorgajah@giatmara.edu.my', '06-5534939', '2017-11-01 03:21:49', '1', '2', '33', '', '1', '33', '1', '1', '1122334455', 'autopay', '1', '2018-01-02', '08:00:00', '1', '2017-11-01 00:00:00', '2017-11-01', '5', null, '2017-11-01', '2017-11-01', '3', '33', 'LPP04', '79', null);
INSERT INTO `temuduga_tetapan` VALUES ('135', '13', '135', '277', '2017-11-06 08:00:00', 'JASIN', '27', 'Tenaga Pengajar', 'gmjasin@giatmara.edu.my', '06-2659578', null, '0', '2', '277', '', null, null, null, null, null, null, null, null, null, null, null, null, '5', null, null, null, null, '277', 'LPP09', '13', null);
INSERT INTO `temuduga_tetapan` VALUES ('136', '33', '135', '277', '2017-11-08 08:00:00', 'JASIN', '27', 'Tenaga Pengajar', 'gmjasin@giatmara.edu.my', '06-2659578', null, '0', '0', '277', null, null, null, null, null, null, null, null, null, null, null, null, null, '5', null, null, null, null, null, 'LPP09', '33', null);
INSERT INTO `temuduga_tetapan` VALUES ('137', '37', '135', '32', '2017-11-09 08:00:00', 'JASIN', '27', 'Tenaga Pengajar', 'gmjasin@giatmara.edu.my', '06-2659578', null, '0', '2', '32', '', null, null, null, null, null, null, null, null, null, null, null, null, '0', null, null, null, null, '32', 'LPP09', '37', null);
INSERT INTO `temuduga_tetapan` VALUES ('138', '2', '18', '30', '2017-11-22 08:00:00', 'ARAU', '7', 'Pengarah', 'gmarau@giatmara.edu.my', '04-9764268', null, '0', '1', '30', null, null, null, null, null, null, null, null, null, null, null, null, null, '0', null, null, null, null, null, 'LPP04', '2', null);

-- ----------------------------
-- Table structure for temuduga_tetapan_potongan
-- ----------------------------
DROP TABLE IF EXISTS `temuduga_tetapan_potongan`;
CREATE TABLE `temuduga_tetapan_potongan` (
  `id` int(10) NOT NULL AUTO_INCREMENT,
  `id_temudga_tetapan` int(10) DEFAULT NULL,
  `id_kew_potongan` int(10) NOT NULL,
  PRIMARY KEY (`id`)
) ENGINE=InnoDB AUTO_INCREMENT=451 DEFAULT CHARSET=utf8mb4 COLLATE=utf8mb4_unicode_ci;

-- ----------------------------
-- Records of temuduga_tetapan_potongan
-- ----------------------------
INSERT INTO `temuduga_tetapan_potongan` VALUES ('5', '3', '3');
INSERT INTO `temuduga_tetapan_potongan` VALUES ('6', '3', '13');
INSERT INTO `temuduga_tetapan_potongan` VALUES ('11', '4', '3');
INSERT INTO `temuduga_tetapan_potongan` VALUES ('12', '4', '13');
INSERT INTO `temuduga_tetapan_potongan` VALUES ('15', '2', '3');
INSERT INTO `temuduga_tetapan_potongan` VALUES ('16', '2', '13');
INSERT INTO `temuduga_tetapan_potongan` VALUES ('23', '6', '3');
INSERT INTO `temuduga_tetapan_potongan` VALUES ('24', '6', '13');
INSERT INTO `temuduga_tetapan_potongan` VALUES ('27', '7', '3');
INSERT INTO `temuduga_tetapan_potongan` VALUES ('28', '7', '13');
INSERT INTO `temuduga_tetapan_potongan` VALUES ('31', '8', '3');
INSERT INTO `temuduga_tetapan_potongan` VALUES ('32', '8', '13');
INSERT INTO `temuduga_tetapan_potongan` VALUES ('35', '9', '3');
INSERT INTO `temuduga_tetapan_potongan` VALUES ('36', '9', '13');
INSERT INTO `temuduga_tetapan_potongan` VALUES ('39', '10', '3');
INSERT INTO `temuduga_tetapan_potongan` VALUES ('40', '10', '13');
INSERT INTO `temuduga_tetapan_potongan` VALUES ('43', '12', '3');
INSERT INTO `temuduga_tetapan_potongan` VALUES ('44', '12', '13');
INSERT INTO `temuduga_tetapan_potongan` VALUES ('51', '16', '3');
INSERT INTO `temuduga_tetapan_potongan` VALUES ('52', '16', '13');
INSERT INTO `temuduga_tetapan_potongan` VALUES ('53', '17', '3');
INSERT INTO `temuduga_tetapan_potongan` VALUES ('54', '17', '13');
INSERT INTO `temuduga_tetapan_potongan` VALUES ('57', '19', '3');
INSERT INTO `temuduga_tetapan_potongan` VALUES ('58', '19', '13');
INSERT INTO `temuduga_tetapan_potongan` VALUES ('63', '13', '3');
INSERT INTO `temuduga_tetapan_potongan` VALUES ('64', '13', '13');
INSERT INTO `temuduga_tetapan_potongan` VALUES ('65', '13', '15');
INSERT INTO `temuduga_tetapan_potongan` VALUES ('66', '15', '3');
INSERT INTO `temuduga_tetapan_potongan` VALUES ('67', '15', '13');
INSERT INTO `temuduga_tetapan_potongan` VALUES ('68', '15', '15');
INSERT INTO `temuduga_tetapan_potongan` VALUES ('72', '14', '3');
INSERT INTO `temuduga_tetapan_potongan` VALUES ('73', '14', '13');
INSERT INTO `temuduga_tetapan_potongan` VALUES ('74', '14', '15');
INSERT INTO `temuduga_tetapan_potongan` VALUES ('75', '18', '13');
INSERT INTO `temuduga_tetapan_potongan` VALUES ('76', '18', '15');
INSERT INTO `temuduga_tetapan_potongan` VALUES ('77', '18', '3');
INSERT INTO `temuduga_tetapan_potongan` VALUES ('78', '21', '3');
INSERT INTO `temuduga_tetapan_potongan` VALUES ('79', '21', '13');
INSERT INTO `temuduga_tetapan_potongan` VALUES ('80', '21', '15');
INSERT INTO `temuduga_tetapan_potongan` VALUES ('81', '20', '3');
INSERT INTO `temuduga_tetapan_potongan` VALUES ('82', '20', '13');
INSERT INTO `temuduga_tetapan_potongan` VALUES ('83', '1', '3');
INSERT INTO `temuduga_tetapan_potongan` VALUES ('84', '1', '13');
INSERT INTO `temuduga_tetapan_potongan` VALUES ('85', '1', '15');
INSERT INTO `temuduga_tetapan_potongan` VALUES ('96', '25', '3');
INSERT INTO `temuduga_tetapan_potongan` VALUES ('97', '25', '13');
INSERT INTO `temuduga_tetapan_potongan` VALUES ('104', '23', '3');
INSERT INTO `temuduga_tetapan_potongan` VALUES ('105', '23', '13');
INSERT INTO `temuduga_tetapan_potongan` VALUES ('106', '23', '15');
INSERT INTO `temuduga_tetapan_potongan` VALUES ('107', '22', '3');
INSERT INTO `temuduga_tetapan_potongan` VALUES ('108', '22', '13');
INSERT INTO `temuduga_tetapan_potongan` VALUES ('109', '22', '15');
INSERT INTO `temuduga_tetapan_potongan` VALUES ('110', '24', '3');
INSERT INTO `temuduga_tetapan_potongan` VALUES ('111', '24', '13');
INSERT INTO `temuduga_tetapan_potongan` VALUES ('112', '24', '15');
INSERT INTO `temuduga_tetapan_potongan` VALUES ('115', '27', '3');
INSERT INTO `temuduga_tetapan_potongan` VALUES ('116', '27', '13');
INSERT INTO `temuduga_tetapan_potongan` VALUES ('117', '26', '3');
INSERT INTO `temuduga_tetapan_potongan` VALUES ('118', '26', '13');
INSERT INTO `temuduga_tetapan_potongan` VALUES ('121', '28', '3');
INSERT INTO `temuduga_tetapan_potongan` VALUES ('122', '28', '13');
INSERT INTO `temuduga_tetapan_potongan` VALUES ('125', '29', '3');
INSERT INTO `temuduga_tetapan_potongan` VALUES ('126', '29', '13');
INSERT INTO `temuduga_tetapan_potongan` VALUES ('129', '31', '3');
INSERT INTO `temuduga_tetapan_potongan` VALUES ('130', '31', '13');
INSERT INTO `temuduga_tetapan_potongan` VALUES ('134', '30', '3');
INSERT INTO `temuduga_tetapan_potongan` VALUES ('135', '30', '13');
INSERT INTO `temuduga_tetapan_potongan` VALUES ('136', '30', '15');
INSERT INTO `temuduga_tetapan_potongan` VALUES ('141', '33', '3');
INSERT INTO `temuduga_tetapan_potongan` VALUES ('142', '33', '13');
INSERT INTO `temuduga_tetapan_potongan` VALUES ('145', '34', '3');
INSERT INTO `temuduga_tetapan_potongan` VALUES ('146', '34', '13');
INSERT INTO `temuduga_tetapan_potongan` VALUES ('227', '35', '3');
INSERT INTO `temuduga_tetapan_potongan` VALUES ('228', '35', '13');
INSERT INTO `temuduga_tetapan_potongan` VALUES ('229', '35', '15');
INSERT INTO `temuduga_tetapan_potongan` VALUES ('232', '36', '3');
INSERT INTO `temuduga_tetapan_potongan` VALUES ('233', '36', '13');
INSERT INTO `temuduga_tetapan_potongan` VALUES ('234', '36', '15');
INSERT INTO `temuduga_tetapan_potongan` VALUES ('235', '37', '3');
INSERT INTO `temuduga_tetapan_potongan` VALUES ('236', '37', '13');
INSERT INTO `temuduga_tetapan_potongan` VALUES ('237', '37', '15');
INSERT INTO `temuduga_tetapan_potongan` VALUES ('238', '38', '3');
INSERT INTO `temuduga_tetapan_potongan` VALUES ('239', '38', '13');
INSERT INTO `temuduga_tetapan_potongan` VALUES ('240', '38', '15');
INSERT INTO `temuduga_tetapan_potongan` VALUES ('243', '39', '3');
INSERT INTO `temuduga_tetapan_potongan` VALUES ('244', '39', '13');
INSERT INTO `temuduga_tetapan_potongan` VALUES ('245', '39', '15');
INSERT INTO `temuduga_tetapan_potongan` VALUES ('246', '68', '3');
INSERT INTO `temuduga_tetapan_potongan` VALUES ('247', '68', '13');
INSERT INTO `temuduga_tetapan_potongan` VALUES ('248', '40', '3');
INSERT INTO `temuduga_tetapan_potongan` VALUES ('249', '40', '13');
INSERT INTO `temuduga_tetapan_potongan` VALUES ('250', '40', '15');
INSERT INTO `temuduga_tetapan_potongan` VALUES ('251', '53', '3');
INSERT INTO `temuduga_tetapan_potongan` VALUES ('252', '53', '13');
INSERT INTO `temuduga_tetapan_potongan` VALUES ('253', '41', '3');
INSERT INTO `temuduga_tetapan_potongan` VALUES ('254', '41', '13');
INSERT INTO `temuduga_tetapan_potongan` VALUES ('255', '41', '15');
INSERT INTO `temuduga_tetapan_potongan` VALUES ('256', '52', '3');
INSERT INTO `temuduga_tetapan_potongan` VALUES ('257', '52', '13');
INSERT INTO `temuduga_tetapan_potongan` VALUES ('260', '42', '3');
INSERT INTO `temuduga_tetapan_potongan` VALUES ('261', '42', '13');
INSERT INTO `temuduga_tetapan_potongan` VALUES ('262', '42', '15');
INSERT INTO `temuduga_tetapan_potongan` VALUES ('263', '51', '3');
INSERT INTO `temuduga_tetapan_potongan` VALUES ('264', '51', '13');
INSERT INTO `temuduga_tetapan_potongan` VALUES ('265', '43', '3');
INSERT INTO `temuduga_tetapan_potongan` VALUES ('266', '43', '13');
INSERT INTO `temuduga_tetapan_potongan` VALUES ('267', '43', '15');
INSERT INTO `temuduga_tetapan_potongan` VALUES ('268', '50', '3');
INSERT INTO `temuduga_tetapan_potongan` VALUES ('269', '50', '13');
INSERT INTO `temuduga_tetapan_potongan` VALUES ('270', '44', '3');
INSERT INTO `temuduga_tetapan_potongan` VALUES ('271', '44', '13');
INSERT INTO `temuduga_tetapan_potongan` VALUES ('272', '44', '15');
INSERT INTO `temuduga_tetapan_potongan` VALUES ('273', '49', '3');
INSERT INTO `temuduga_tetapan_potongan` VALUES ('274', '49', '13');
INSERT INTO `temuduga_tetapan_potongan` VALUES ('275', '48', '3');
INSERT INTO `temuduga_tetapan_potongan` VALUES ('276', '48', '13');
INSERT INTO `temuduga_tetapan_potongan` VALUES ('277', '45', '3');
INSERT INTO `temuduga_tetapan_potongan` VALUES ('278', '45', '13');
INSERT INTO `temuduga_tetapan_potongan` VALUES ('279', '45', '15');
INSERT INTO `temuduga_tetapan_potongan` VALUES ('280', '47', '3');
INSERT INTO `temuduga_tetapan_potongan` VALUES ('281', '47', '13');
INSERT INTO `temuduga_tetapan_potongan` VALUES ('285', '46', '3');
INSERT INTO `temuduga_tetapan_potongan` VALUES ('286', '46', '13');
INSERT INTO `temuduga_tetapan_potongan` VALUES ('287', '46', '15');
INSERT INTO `temuduga_tetapan_potongan` VALUES ('288', '54', '3');
INSERT INTO `temuduga_tetapan_potongan` VALUES ('289', '54', '13');
INSERT INTO `temuduga_tetapan_potongan` VALUES ('290', '54', '15');
INSERT INTO `temuduga_tetapan_potongan` VALUES ('291', '55', '3');
INSERT INTO `temuduga_tetapan_potongan` VALUES ('292', '55', '13');
INSERT INTO `temuduga_tetapan_potongan` VALUES ('293', '55', '15');
INSERT INTO `temuduga_tetapan_potongan` VALUES ('294', '56', '3');
INSERT INTO `temuduga_tetapan_potongan` VALUES ('295', '56', '13');
INSERT INTO `temuduga_tetapan_potongan` VALUES ('296', '57', '3');
INSERT INTO `temuduga_tetapan_potongan` VALUES ('297', '57', '13');
INSERT INTO `temuduga_tetapan_potongan` VALUES ('298', '58', '3');
INSERT INTO `temuduga_tetapan_potongan` VALUES ('299', '58', '13');
INSERT INTO `temuduga_tetapan_potongan` VALUES ('300', '59', '3');
INSERT INTO `temuduga_tetapan_potongan` VALUES ('301', '59', '13');
INSERT INTO `temuduga_tetapan_potongan` VALUES ('302', '59', '15');
INSERT INTO `temuduga_tetapan_potongan` VALUES ('303', '60', '3');
INSERT INTO `temuduga_tetapan_potongan` VALUES ('304', '60', '13');
INSERT INTO `temuduga_tetapan_potongan` VALUES ('305', '60', '15');
INSERT INTO `temuduga_tetapan_potongan` VALUES ('306', '61', '3');
INSERT INTO `temuduga_tetapan_potongan` VALUES ('307', '61', '13');
INSERT INTO `temuduga_tetapan_potongan` VALUES ('308', '61', '15');
INSERT INTO `temuduga_tetapan_potongan` VALUES ('309', '62', '3');
INSERT INTO `temuduga_tetapan_potongan` VALUES ('310', '62', '13');
INSERT INTO `temuduga_tetapan_potongan` VALUES ('311', '62', '15');
INSERT INTO `temuduga_tetapan_potongan` VALUES ('312', '63', '3');
INSERT INTO `temuduga_tetapan_potongan` VALUES ('313', '63', '13');
INSERT INTO `temuduga_tetapan_potongan` VALUES ('314', '63', '15');
INSERT INTO `temuduga_tetapan_potongan` VALUES ('315', '64', '3');
INSERT INTO `temuduga_tetapan_potongan` VALUES ('316', '64', '13');
INSERT INTO `temuduga_tetapan_potongan` VALUES ('317', '64', '15');
INSERT INTO `temuduga_tetapan_potongan` VALUES ('318', '65', '3');
INSERT INTO `temuduga_tetapan_potongan` VALUES ('319', '65', '13');
INSERT INTO `temuduga_tetapan_potongan` VALUES ('320', '65', '15');
INSERT INTO `temuduga_tetapan_potongan` VALUES ('321', '66', '3');
INSERT INTO `temuduga_tetapan_potongan` VALUES ('322', '66', '13');
INSERT INTO `temuduga_tetapan_potongan` VALUES ('323', '67', '3');
INSERT INTO `temuduga_tetapan_potongan` VALUES ('324', '67', '13');
INSERT INTO `temuduga_tetapan_potongan` VALUES ('325', '67', '15');
INSERT INTO `temuduga_tetapan_potongan` VALUES ('326', '69', '3');
INSERT INTO `temuduga_tetapan_potongan` VALUES ('327', '69', '13');
INSERT INTO `temuduga_tetapan_potongan` VALUES ('328', '69', '15');
INSERT INTO `temuduga_tetapan_potongan` VALUES ('329', '70', '3');
INSERT INTO `temuduga_tetapan_potongan` VALUES ('330', '70', '13');
INSERT INTO `temuduga_tetapan_potongan` VALUES ('331', '70', '15');
INSERT INTO `temuduga_tetapan_potongan` VALUES ('332', '71', '3');
INSERT INTO `temuduga_tetapan_potongan` VALUES ('333', '71', '13');
INSERT INTO `temuduga_tetapan_potongan` VALUES ('334', '71', '15');
INSERT INTO `temuduga_tetapan_potongan` VALUES ('341', '73', '3');
INSERT INTO `temuduga_tetapan_potongan` VALUES ('342', '73', '13');
INSERT INTO `temuduga_tetapan_potongan` VALUES ('343', '73', '1');
INSERT INTO `temuduga_tetapan_potongan` VALUES ('344', '73', '15');
INSERT INTO `temuduga_tetapan_potongan` VALUES ('345', '74', '3');
INSERT INTO `temuduga_tetapan_potongan` VALUES ('346', '74', '13');
INSERT INTO `temuduga_tetapan_potongan` VALUES ('347', '74', '1');
INSERT INTO `temuduga_tetapan_potongan` VALUES ('348', '74', '15');
INSERT INTO `temuduga_tetapan_potongan` VALUES ('349', '76', '3');
INSERT INTO `temuduga_tetapan_potongan` VALUES ('350', '76', '13');
INSERT INTO `temuduga_tetapan_potongan` VALUES ('351', '76', '15');
INSERT INTO `temuduga_tetapan_potongan` VALUES ('358', '77', '3');
INSERT INTO `temuduga_tetapan_potongan` VALUES ('359', '77', '13');
INSERT INTO `temuduga_tetapan_potongan` VALUES ('360', '78', '3');
INSERT INTO `temuduga_tetapan_potongan` VALUES ('361', '78', '13');
INSERT INTO `temuduga_tetapan_potongan` VALUES ('362', '79', '3');
INSERT INTO `temuduga_tetapan_potongan` VALUES ('363', '79', '13');
INSERT INTO `temuduga_tetapan_potongan` VALUES ('373', '93', '13');
INSERT INTO `temuduga_tetapan_potongan` VALUES ('374', '93', '15');
INSERT INTO `temuduga_tetapan_potongan` VALUES ('375', '93', '3');
INSERT INTO `temuduga_tetapan_potongan` VALUES ('376', '92', '3');
INSERT INTO `temuduga_tetapan_potongan` VALUES ('377', '92', '13');
INSERT INTO `temuduga_tetapan_potongan` VALUES ('378', '92', '15');
INSERT INTO `temuduga_tetapan_potongan` VALUES ('381', '105', '3');
INSERT INTO `temuduga_tetapan_potongan` VALUES ('382', '105', '13');
INSERT INTO `temuduga_tetapan_potongan` VALUES ('388', '114', '3');
INSERT INTO `temuduga_tetapan_potongan` VALUES ('389', '114', '13');
INSERT INTO `temuduga_tetapan_potongan` VALUES ('390', '114', '15');
INSERT INTO `temuduga_tetapan_potongan` VALUES ('391', '11', '3');
INSERT INTO `temuduga_tetapan_potongan` VALUES ('392', '11', '13');
INSERT INTO `temuduga_tetapan_potongan` VALUES ('393', '11', '15');
INSERT INTO `temuduga_tetapan_potongan` VALUES ('413', '32', '3');
INSERT INTO `temuduga_tetapan_potongan` VALUES ('414', '32', '13');
INSERT INTO `temuduga_tetapan_potongan` VALUES ('415', '32', '15');
INSERT INTO `temuduga_tetapan_potongan` VALUES ('416', '115', '3');
INSERT INTO `temuduga_tetapan_potongan` VALUES ('417', '115', '13');
INSERT INTO `temuduga_tetapan_potongan` VALUES ('420', '116', '3');
INSERT INTO `temuduga_tetapan_potongan` VALUES ('421', '116', '13');
INSERT INTO `temuduga_tetapan_potongan` VALUES ('424', '5', '3');
INSERT INTO `temuduga_tetapan_potongan` VALUES ('425', '5', '13');
INSERT INTO `temuduga_tetapan_potongan` VALUES ('428', '118', '3');
INSERT INTO `temuduga_tetapan_potongan` VALUES ('429', '118', '13');
INSERT INTO `temuduga_tetapan_potongan` VALUES ('430', '118', '15');
INSERT INTO `temuduga_tetapan_potongan` VALUES ('433', '120', '3');
INSERT INTO `temuduga_tetapan_potongan` VALUES ('434', '120', '13');
INSERT INTO `temuduga_tetapan_potongan` VALUES ('439', '94', '3');
INSERT INTO `temuduga_tetapan_potongan` VALUES ('440', '94', '13');
INSERT INTO `temuduga_tetapan_potongan` VALUES ('441', '121', '3');
INSERT INTO `temuduga_tetapan_potongan` VALUES ('442', '121', '13');
INSERT INTO `temuduga_tetapan_potongan` VALUES ('443', '122', '3');
INSERT INTO `temuduga_tetapan_potongan` VALUES ('444', '122', '13');
INSERT INTO `temuduga_tetapan_potongan` VALUES ('447', '124', '3');
INSERT INTO `temuduga_tetapan_potongan` VALUES ('448', '124', '13');
INSERT INTO `temuduga_tetapan_potongan` VALUES ('449', '138', '3');
INSERT INTO `temuduga_tetapan_potongan` VALUES ('450', '138', '13');

-- ----------------------------
-- Table structure for trainee_info
-- ----------------------------
DROP TABLE IF EXISTS `trainee_info`;
CREATE TABLE `trainee_info` (
  `trainee_id` int(10) NOT NULL AUTO_INCREMENT,
  `no_mykad` varchar(20) COLLATE utf8mb4_unicode_ci NOT NULL,
  `id_tawaran_kursus` int(10) NOT NULL,
  `status` varchar(10) COLLATE utf8mb4_unicode_ci NOT NULL,
  PRIMARY KEY (`trainee_id`),
  KEY `id_tawaran_kursus` (`id_tawaran_kursus`),
  CONSTRAINT `trainee_info_ibfk_1` FOREIGN KEY (`id_tawaran_kursus`) REFERENCES `settings_tawaran_kursus` (`id`)
) ENGINE=InnoDB AUTO_INCREMENT=3 DEFAULT CHARSET=utf8mb4 COLLATE=utf8mb4_unicode_ci;

-- ----------------------------
-- Records of trainee_info
-- ----------------------------
INSERT INTO `trainee_info` VALUES ('1', '123', '31', 'AKTIF');
INSERT INTO `trainee_info` VALUES ('2', '11111', '32', 'AKTIF');

-- ----------------------------
-- Table structure for users
-- ----------------------------
DROP TABLE IF EXISTS `users`;
CREATE TABLE `users` (
  `id` int(11) unsigned NOT NULL AUTO_INCREMENT,
  `ip_address` varchar(15) NOT NULL,
  `username` varchar(100) DEFAULT NULL,
  `password` varchar(255) NOT NULL,
  `salt` varchar(255) DEFAULT NULL,
  `email` varchar(100) NOT NULL,
  `activation_code` varchar(40) DEFAULT NULL,
  `forgotten_password_code` varchar(40) DEFAULT NULL,
  `forgotten_password_time` int(11) unsigned DEFAULT NULL,
  `remember_code` varchar(40) DEFAULT NULL,
  `created_on` int(11) unsigned NOT NULL,
  `last_login` int(11) unsigned DEFAULT NULL,
  `active` tinyint(1) unsigned DEFAULT NULL,
  `first_name` varchar(50) DEFAULT NULL,
  `last_name` varchar(50) DEFAULT NULL,
  `company` varchar(100) DEFAULT NULL,
  `phone` varchar(20) DEFAULT NULL,
  `about` text,
  `giatmara_id` int(11) unsigned DEFAULT NULL,
  PRIMARY KEY (`id`)
) ENGINE=InnoDB AUTO_INCREMENT=2 DEFAULT CHARSET=utf8;

-- ----------------------------
-- Records of users
-- ----------------------------
INSERT INTO `users` VALUES ('1', '127.0.0.1', 'member', '$2y$08$kkqUE2hrqAJtg.pPnAhvL.1iE7LIujK5LZ61arONLpaBBWh/ek61G', null, 'member@member.com', null, null, null, null, '1451903855', '1451905011', '1', 'Member', 'One', null, null, null, null);

-- ----------------------------
-- Table structure for users_groups
-- ----------------------------
DROP TABLE IF EXISTS `users_groups`;
CREATE TABLE `users_groups` (
  `id` int(11) unsigned NOT NULL AUTO_INCREMENT,
  `user_id` int(11) unsigned NOT NULL,
  `group_id` mediumint(8) unsigned NOT NULL,
  PRIMARY KEY (`id`)
) ENGINE=InnoDB AUTO_INCREMENT=2 DEFAULT CHARSET=utf8;

-- ----------------------------
-- Records of users_groups
-- ----------------------------
INSERT INTO `users_groups` VALUES ('1', '1', '1');

-- ----------------------------
-- View structure for copy_v_kurikulum_p5_screen1
-- ----------------------------
DROP VIEW IF EXISTS `copy_v_kurikulum_p5_screen1`;
CREATE ALGORITHM=UNDEFINED DEFINER=`gspeluser`@`%` SQL SECURITY DEFINER VIEW `copy_v_kurikulum_p5_screen1` AS select `permohonan_butir_peribadi`.`nama_penuh` AS `nama_penuh`,`permohonan_butir_peribadi`.`no_mykad` AS `no_mykad`,`pelatih`.`no_pelatih` AS `no_pelatih`,`pelatih`.`id_pelatih` AS `id_pelatih`,`ref_intake`.`nama_intake` AS `nama_intake`,`ref_kursus`.`nama_kursus` AS `nama_kursus`,`markah_modul_status`.`spgm` AS `spgm`,`markah_modul_2`.`gcpa` AS `gcpa`,`markah_modul_status`.`saegm` AS `saegm`,`markah_modul_status`.`ppkl_sah` AS `ppkl_sah`,`markah_modul_status`.`skgm` AS `skgm`,`markah_modul_status`.`sklgm` AS `sklgm`,`ref_giatmara`.`id_negeri` AS `id_negeri`,`ref_negeri`.`nama_negeri` AS `nama_negeri`,`pelatih`.`id_giatmara` AS `id_giatmara`,`ref_giatmara`.`nama_giatmara` AS `nama_giatmara`,`settings_tawaran_kursus`.`id_kursus` AS `id_ref_kursus`,`pelatih`.`jenis_pelatih` AS `jenis_pelatih`,`settings_tawaran_kursus`.`id_intake` AS `id_intake` from (((((((((`permohonan_butir_peribadi` join `pelatih` on((`pelatih`.`id_permohonan` = `permohonan_butir_peribadi`.`id`))) join `settings_tawaran_kursus` on(((`pelatih`.`id_kursus` = `settings_tawaran_kursus`.`id`) and (`pelatih`.`id_giatmara` = `settings_tawaran_kursus`.`id_giatmara`)))) join `ref_intake` on((`settings_tawaran_kursus`.`id_intake` = `ref_intake`.`id`))) join `ref_kursus` on((`settings_tawaran_kursus`.`id_kursus` = `ref_kursus`.`id`))) left join `markah_modul_2` on(((`markah_modul_2`.`id_pelatih` = `pelatih`.`id_pelatih`) and (`markah_modul_2`.`id_kursus` = `pelatih`.`id_kursus`)))) left join `permohonan_kursus_lpp09` on(((`permohonan_kursus_lpp09`.`id_permohonan` = `pelatih`.`id_permohonan`) and (`permohonan_kursus_lpp09`.`id_settings_tawaran_kursus` = `pelatih`.`id_kursus`) and (`permohonan_kursus_lpp09`.`id_kluster` = `ref_kursus`.`id_kluster`)))) join `ref_giatmara` on(((`pelatih`.`id_giatmara` = `ref_giatmara`.`id`) and (`settings_tawaran_kursus`.`id_giatmara` = `ref_giatmara`.`id`)))) join `ref_negeri` on((`ref_giatmara`.`id_negeri` = `ref_negeri`.`id`))) join `markah_modul_status` on((`markah_modul_status`.`id_pelatih` = `pelatih`.`id_pelatih`))) group by `pelatih`.`id_giatmara`,`ref_giatmara`.`nama_giatmara`,`ref_kursus`.`nama_kursus`,`permohonan_butir_peribadi`.`nama_penuh`,`pelatih`.`no_pelatih`,`permohonan_butir_peribadi`.`no_mykad`,`markah_modul_status`.`spgm`,`markah_modul_status`.`saegm`,`markah_modul_status`.`skgm`,`markah_modul_status`.`sklgm`,`ref_giatmara`.`id_negeri`,`ref_negeri`.`nama_negeri`,`id_ref_kursus`,`pelatih`.`jenis_pelatih`,`settings_tawaran_kursus`.`id_intake`,`markah_modul_status`.`ppkl_sah`,`markah_modul_2`.`gcpa`,`pelatih`.`id_pelatih` ;

-- ----------------------------
-- View structure for revisi_screen1_p3_lpp09
-- ----------------------------
DROP VIEW IF EXISTS `revisi_screen1_p3_lpp09`;
CREATE ALGORITHM=UNDEFINED DEFINER=`gspeluser`@`%` SQL SECURITY DEFINER VIEW `revisi_screen1_p3_lpp09` AS select `c`.`id` AS `id`,`a`.`nama_penuh` AS `nama_penuh`,`a`.`no_mykad` AS `no_mykad`,`b`.`no_pelatih` AS `no_pelatih`,`a`.`no_hp` AS `no_hp`,`c`.`kategori_program` AS `kategori_program`,`c`.`id_permohonan` AS `idpermohonan`,`e`.`nama_kursus` AS `nama_kursus`,`b`.`jenis_pelatih` AS `jenis_pelatih`,`c`.`tawaran_terus` AS `tawaran_terus`,`a`.`tarikh_hantar` AS `tarikh_hantar`,`g`.`id` AS `idnegeri`,`g`.`nama_negeri` AS `namanegeri`,`h`.`id` AS `idgiatmara`,`h`.`nama_giatmara` AS `namagiatmara`,`i`.`keputusan_temuduga` AS `keputusan_temuduga` from (((((((`permohonan_butir_peribadi` `a` join `pelatih` `b` on((`a`.`no_mykad` = `b`.`no_mykad`))) join `permohonan_kursus_lpp09` `c` on((`a`.`id` = `c`.`id_permohonan`))) join `settings_tawaran_kursus` `f` on((`b`.`id_kursus` = `f`.`id`))) join `ref_kursus` `e` on((`f`.`id_kursus` = `e`.`id`))) join `ref_giatmara` `h` on((`f`.`id_giatmara` = `h`.`id`))) join `ref_negeri` `g` on((`g`.`id` = `h`.`id_negeri`))) join `temuduga_tetapan` `i` on((`i`.`id_kursus` = `b`.`id_kursus`))) group by `c`.`id`,`a`.`no_mykad`,`idgiatmara`,`a`.`nama_penuh`,`b`.`no_pelatih`,`a`.`no_hp`,`b`.`jenis_pelatih`,`c`.`tawaran_terus`,`a`.`tarikh_hantar`,`idnegeri`,`namanegeri`,`namagiatmara`,`e`.`nama_kursus`,`idpermohonan`,`c`.`kategori_program`,`i`.`keputusan_temuduga` ;

-- ----------------------------
-- View structure for temp_dei_v1
-- ----------------------------
DROP VIEW IF EXISTS `temp_dei_v1`;
CREATE ALGORITHM=UNDEFINED DEFINER=`gspeluser`@`%` SQL SECURITY DEFINER VIEW `temp_dei_v1` AS select `permohonan_kursus`.`id` AS `id`,`permohonan_kursus`.`id_permohonan` AS `id_permohonan`,`permohonan_kursus`.`kursus1` AS `kursus1` from `permohonan_kursus` where (`permohonan_kursus`.`kursus1` is not null) union select `permohonan_kursus`.`id` AS `id`,`permohonan_kursus`.`id_permohonan` AS `id_permohonan`,`permohonan_kursus`.`kursus2` AS `kursus2` from `permohonan_kursus` where (`permohonan_kursus`.`kursus2` is not null) union select `permohonan_kursus`.`id` AS `id`,`permohonan_kursus`.`id_permohonan` AS `id_permohonan`,`permohonan_kursus`.`kursus3` AS `kursus3` from `permohonan_kursus` where (`permohonan_kursus`.`kursus3` is not null) ;

-- ----------------------------
-- View structure for v_admin_users
-- ----------------------------
DROP VIEW IF EXISTS `v_admin_users`;
CREATE ALGORITHM=UNDEFINED DEFINER=`gspeluser`@`%` SQL SECURITY DEFINER VIEW `v_admin_users` AS select `a`.`id` AS `id`,`a`.`username` AS `username`,`a`.`first_name` AS `first_name`,`a`.`last_name` AS `last_name`,`a`.`active` AS `active`,`a`.`id_staff` AS `id_staff`,`b`.`id` AS `id_staff_info_pangku_tugas`,`c`.`nama` AS `nama_staff`,`b`.`id_jabatan` AS `id_jabatan`,`d`.`nama_jabatan` AS `nama_jabatan`,`b`.`id_jawatan` AS `id_jawatan`,`e`.`nama_jawatan` AS `nama_jawatan`,`b`.`id_jenis_jawatan` AS `id_jenis_jawatan`,`f`.`nama_jenis_jawatan` AS `nama_jenis_jawatan`,`b`.`id_negeri` AS `id_negeri`,`g`.`nama_negeri` AS `nama_negeri`,`b`.`id_giatmara` AS `id_giatmara`,`h`.`nama_giatmara` AS `nama_giatmara`,`h`.`email` AS `email`,`h`.`tel_no` AS `tel_no`,`h`.`id_type_giatmara` AS `id_type_giatmara`,`b`.`id_kursus` AS `id_kursus`,`i`.`nama_kursus` AS `nama_kursus` from ((((((((`admin_users` `a` join `staff_info_pangku_tugas` `b` on((`a`.`id_staff` = `b`.`id_staff`))) join `staff` `c` on((`b`.`id_staff` = `c`.`id`))) join `ref_jabatan` `d` on((`b`.`id_jabatan` = `d`.`id`))) join `ref_jawatan` `e` on((`b`.`id_jawatan` = `e`.`id`))) join `ref_jenis_jawatan` `f` on((`b`.`id_jenis_jawatan` = `f`.`id`))) join `ref_negeri` `g` on((`b`.`id_negeri` = `g`.`id`))) join `ref_giatmara` `h` on((`b`.`id_giatmara` = `h`.`id`))) left join `ref_kursus` `i` on((`b`.`id_kursus` = `i`.`id`))) ;

-- ----------------------------
-- View structure for v_cek_pelatih_lpp09_1
-- ----------------------------
DROP VIEW IF EXISTS `v_cek_pelatih_lpp09_1`;
CREATE ALGORITHM=UNDEFINED DEFINER=`gspeluser`@`%` SQL SECURITY DEFINER VIEW `v_cek_pelatih_lpp09_1` AS select `pelatih`.`id_pelatih` AS `id_pelatih`,`pelatih`.`id_permohonan` AS `id_permohonan`,`pelatih`.`no_pelatih` AS `no_pelatih`,`pelatih`.`no_mykad` AS `no_mykad`,`permohonan_kursus`.`id` AS `id_pk`,`permohonan_butir_peribadi`.`nama_penuh` AS `nama_penuh`,`permohonan_butir_peribadi`.`no_mykad` AS `no_mykad_permohonan`,`permohonan_butir_peribadi`.`id` AS `id_bp` from ((`pelatih` join `permohonan_kursus` on((`pelatih`.`id_permohonan` = `permohonan_kursus`.`id`))) join `permohonan_butir_peribadi` on((`permohonan_kursus`.`id_permohonan` = `permohonan_butir_peribadi`.`id`))) ;

-- ----------------------------
-- View structure for v_cek_pelatih_lpp09_2
-- ----------------------------
DROP VIEW IF EXISTS `v_cek_pelatih_lpp09_2`;
CREATE ALGORITHM=UNDEFINED DEFINER=`gspeluser`@`%` SQL SECURITY DEFINER VIEW `v_cek_pelatih_lpp09_2` AS select `pelatih`.`id_pelatih` AS `id_pelatih`,`pelatih`.`id_permohonan` AS `id_permohonan`,`pelatih`.`no_pelatih` AS `no_pelatih`,`pelatih`.`no_mykad` AS `no_mykad`,`permohonan_kursus_lpp09`.`id` AS `id_pk_lpp09`,`permohonan_butir_peribadi`.`nama_penuh` AS `nama_penuh`,`permohonan_butir_peribadi`.`no_mykad` AS `no_mykad_pemohon`,`permohonan_butir_peribadi`.`id` AS `id_bp` from ((`pelatih` join `permohonan_kursus_lpp09` on((`pelatih`.`id_permohonan` = `permohonan_kursus_lpp09`.`id`))) join `permohonan_butir_peribadi` on((`permohonan_kursus_lpp09`.`id_permohonan` = `permohonan_butir_peribadi`.`id`))) ;

-- ----------------------------
-- View structure for v_cetak_surat_temuduga_lpp09
-- ----------------------------
DROP VIEW IF EXISTS `v_cetak_surat_temuduga_lpp09`;
CREATE ALGORITHM=UNDEFINED DEFINER=`gspeluser`@`%` SQL SECURITY DEFINER VIEW `v_cetak_surat_temuduga_lpp09` AS select `p`.`id_pelatih` AS `id_pelatih`,`pbp`.`id` AS `id_permohonan`,`pbp`.`nama_penuh` AS `nama_penuh`,`pbp`.`alamat` AS `alamat`,`p`.`no_mykad` AS `no_mykad`,`p`.`no_pelatih` AS `no_pelatih`,`i`.`nama_intake` AS `nama_intake`,`stk`.`id` AS `id_settings_tawaran_kursus`,`n`.`id` AS `id_negeri`,`n`.`nama_negeri` AS `nama_negeri`,`g`.`nama_giatmara` AS `nama_giatmara`,`k`.`nama_kursus` AS `nama_kursus`,`stk`.`id_kursus` AS `id_kursus`,`stk`.`id_giatmara` AS `id_giatmara`,`i`.`id` AS `id_intake`,`kl`.`disahkan_pada` AS `disahkan_pada` from (((((((`pelatih` `p` join `permohonan_butir_peribadi` `pbp` on(((`p`.`id_permohonan` = `pbp`.`id`) and (`p`.`jenis_pelatih` = 'LPP09')))) left join `settings_tawaran_kursus` `stk` on(((`p`.`id_kursus` = `stk`.`id`) and (`stk`.`status` = 1)))) left join `ref_intake` `i` on((`stk`.`id_intake` = `i`.`id`))) left join `ref_giatmara` `g` on((`p`.`id_giatmara` = `g`.`id`))) join `ref_negeri` `n` on((`g`.`id_negeri` = `n`.`id`))) left join `ref_kursus` `k` on((`stk`.`id_kursus` = `k`.`id`))) join `kelulusan_lpp09` `kl` on(((`p`.`id_permohonan` = `kl`.`id_permohonan`) and (`p`.`jenis_pelatih` = 'LPP09')))) ;

-- ----------------------------
-- View structure for v_cetak_tawaran_kursus_lpp04
-- ----------------------------
DROP VIEW IF EXISTS `v_cetak_tawaran_kursus_lpp04`;
CREATE ALGORITHM=UNDEFINED DEFINER=`gspeluser`@`%` SQL SECURITY DEFINER VIEW `v_cetak_tawaran_kursus_lpp04` AS select `tt`.`id` AS `id_temuduga_tetapan`,`tt`.`id_permohonan` AS `id_permohonan`,`tt`.`id_giatmara` AS `id_giatmara`,`gtt`.`nama_giatmara` AS `giatmara_temuduga_temuduga_tetapan`,`gtt`.`alamat` AS `alamat_gtt`,`tt`.`id_kursus` AS `id_kursus`,`gstk`.`nama_giatmara` AS `nama_giatmara`,`gstk`.`kod_giatmara` AS `kod_giatmara`,`k`.`nama_kursus` AS `nama_kursus`,`k`.`kod_kursus` AS `kod_kursus`,`tt`.`tarikh_waktu` AS `tarikh_waktu`,`tt`.`tempat` AS `tempat`,`tt`.`pegawai` AS `pegawai`,`s`.`nama` AS `nama_pegawai`,`tt`.`jawatan` AS `jawatan`,`tt`.`email` AS `email`,`tt`.`no_telefon` AS `no_telefon_temuduga_tetapan`,`tt`.`tarikh_cetak` AS `tarikh_cetak`,`tt`.`cetak` AS `cetak`,`tt`.`keputusan_temuduga` AS `keputusan_temuduga`,`tt`.`tukar_kursus` AS `tukar_kursus`,`tt`.`catatan` AS `catatan`,`tt`.`tawaran_sesi` AS `tawaran_sesi`,`itt`.`nama_intake` AS `nama_intake_tt`,`itt`.`tarikh_mula` AS `tarikh_mula`,`itt`.`tarikh_tamat` AS `tarikh_tamat`,`tt`.`tawaran_kursus` AS `tawaran_kursus`,`tt`.`tawaran_elaun` AS `tawaran_elaun`,`tt`.`tawaran_nama_bank` AS `tawaran_nama_bank`,`tt`.`tawaran_no_akaun` AS `tawaran_no_akaun`,`tt`.`tawaran_cara_bayaran` AS `tawaran_cara_bayaran`,`tt`.`tawaran_status` AS `tawaran_status`,`tt`.`tawaran_tarikh_lapordiri` AS `tawaran_tarikh_lapordiri`,`tt`.`tawaran_masa_lapordiri` AS `tawaran_masa_lapordiri`,`tt`.`tawaran_cetak` AS `tawaran_cetak`,`tt`.`tawaran_tarikh_cetak` AS `tawaran_tarikh_cetak`,`tt`.`tawaran_tarikh_cetak_2` AS `tawaran_tarikh_cetak_2`,`tt`.`pendaftaran_status` AS `pendaftaran_status`,`tt`.`id_kursus_daftar` AS `id_kursus_daftar`,`tt`.`tawaran_mula_elaun` AS `tawaran_mula_elaun`,`tt`.`tawaran_tamat_elaun` AS `tawaran_tamat_elaun`,`tt`.`id_kew_kod_kombinasi` AS `id_kew_kod_kombinasi`,`tt`.`id_kursus_sah` AS `id_kursus_sah`,`tt`.`jenis_pelatih` AS `jenis_pelatih`,`tt`.`id_pemohon` AS `id_pemohon`,`pbp`.`nama_penuh` AS `nama_penuh`,`pbp`.`no_mykad` AS `no_mykad`,`pbp`.`tarikh_lahir` AS `tarikh_lahir`,`pbp`.`kewarganegaraan` AS `id_kewarganegaraan`,`kwg`.`kewarganegaraan` AS `kewarganegaraan`,`pbp`.`umur` AS `umur`,`pbp`.`no_telefon` AS `no_telefon`,`pbp`.`alamat` AS `alamat_permohonan_butir_peribadi`,`pbp`.`poskod` AS `id_poskod`,`pbn`.`poskod` AS `poskod`,`pbn`.`bandar` AS `bandar`,`n`.`nama_negeri` AS `nama_negeri`,`pbp`.`negara` AS `negara`,`ngr`.`nama_negara` AS `nama_negara`,`pbp`.`emel` AS `emel`,(case when (`pbp`.`jantina` = 1) then 'Laki-Laki' when (`pbp`.`jantina` = 2) then 'Perempuan' end) AS `Name_exp_54`,`pbp`.`bangsa` AS `id_bangsa`,`b`.`bangsa` AS `bangsa`,`pbp`.`etnik` AS `id_etnik`,`e`.`etnik` AS `etnik`,`pbp`.`agama` AS `id_agama`,`a`.`agama` AS `agama`,`pbp`.`taraf_perkahwinan` AS `id_taraf_perkahwinan`,`tp`.`taraf_perkahwinan` AS `taraf_perkahwinan`,`pbp`.`kelulusan` AS `id_kelulusan`,`kll`.`kelulusan` AS `kelulusan`,`pbp`.`kelulusan_kemahiran` AS `kelulusan_kemahiran`,`kmh`.`keterangan` AS `kemahiran`,`pbp`.`matlamat` AS `matlamat`,`pbp`.`kategori_pemohon` AS `kategori_pemohon`,`pbp`.`no_rujukan_permohonan` AS `no_rujukan_permohonan`,`pbp`.`pengesahan` AS `pengesahan`,`pbp`.`pengakuan` AS `pengakuan`,`pbp`.`tarikh_hantar` AS `tarikh_hantar`,`pbp`.`id_admin_user` AS `id_admin_user`,`pbp`.`jenis_lpp` AS `jenis_lpp`,`pbp`.`no_pelatih_record` AS `no_pelatih_record`,`pp`.`id` AS `id_permohonan_penjaga`,`pp`.`maklumat` AS `maklumat_penjaga`,`pp`.`a_nama_penuh` AS `a_nama_penuh`,`pp`.`a_hubungan` AS `a_hubungan`,`pp`.`a_jenis_pengenalan` AS `a_jenis_pengenalan`,`pp`.`a_mykad` AS `a_mykad`,`pp`.`a_kewarganegaraan` AS `a_kewarganegaraan`,`pp`.`a_kategori_penjaga` AS `a_kategori_penjaga`,`pp`.`a_no_tel` AS `a_no_tel`,`pp`.`a_no_hp` AS `a_no_hp`,`pp`.`a_agama` AS `a_agama`,`pp`.`a_etnik` AS `a_etnik`,`pp`.`a_bangsa` AS `a_bangsa`,`pp`.`a_alamat` AS `a_alamat`,`pp`.`a_poskod` AS `a_poskod`,`pp`.`a_pekerjaan` AS `a_pekerjaan`,`pp`.`a_pendapatan` AS `a_pendapatan`,`pp`.`a_majikan` AS `a_majikan`,`pp`.`a_no_tel_pejabat` AS `a_no_tel_pejabat`,`pp`.`a_samb` AS `a_samb`,`pp`.`a_alamat_pejabat` AS `a_alamat_pejabat`,`pp`.`a_alamat_pejabat_poskod` AS `a_alamat_pejabat_poskod`,`pp`.`b_nama_penuh` AS `b_nama_penuh`,`pp`.`b_jenis_pengenalan` AS `b_jenis_pengenalan`,`pp`.`b_mykad` AS `b_mykad`,`pp`.`b_kewarganegaraan` AS `b_kewarganegaraan`,`pp`.`b_kategori_penjaga` AS `b_kategori_penjaga`,`pp`.`b_no_tel` AS `b_no_tel`,`pp`.`b_no_hp` AS `b_no_hp`,`pp`.`b_agama` AS `b_agama`,`pp`.`b_etnik` AS `b_etnik`,`pp`.`b_bangsa` AS `b_bangsa`,`pp`.`b_alamat` AS `b_alamat`,`pp`.`b_poskod` AS `b_poskod`,`pp`.`b_pekerjaan` AS `b_pekerjaan`,`pp`.`b_pendapatan` AS `b_pendapatan`,`pp`.`b_majikan` AS `b_majikan`,`pp`.`b_no_tel_pejabat` AS `b_no_tel_pejabat`,`pp`.`b_samb` AS `b_samb`,`pp`.`b_alamat_pejabat` AS `b_alamat_pejabat`,`pp`.`b_alamat_pejabat_poskod` AS `b_alamat_pejabat_poskod`,`pp`.`c_nama_penuh` AS `c_nama_penuh`,`pp`.`c_jenis_pengenalan` AS `c_jenis_pengenalan`,`pp`.`c_mykad` AS `c_mykad`,`pp`.`c_kewarganegaraan` AS `c_kewarganegaraan`,`pp`.`c_kategori_penjaga` AS `c_kategori_penjaga`,`pp`.`c_no_tel` AS `c_no_tel`,`pp`.`c_no_hp` AS `c_no_hp`,`pp`.`c_agama` AS `c_agama`,`pp`.`c_etnik` AS `c_etnik`,`pp`.`c_bangsa` AS `c_bangsa`,`pp`.`c_alamat` AS `c_alamat`,`pp`.`c_poskod` AS `c_poskod`,`pp`.`c_pekerjaan` AS `c_pekerjaan`,`pp`.`c_pendapatan` AS `c_pendapatan`,`pp`.`c_majikan` AS `c_majikan`,`pp`.`c_no_tel_pejabat` AS `c_no_tel_pejabat`,`pp`.`c_samb` AS `c_samb`,`pp`.`c_alamat_pejabat` AS `c_alamat_pejabat`,`pp`.`c_alamat_pejabat_poskod` AS `c_alamat_pejabat_poskod`,`stk`.`id` AS `id_settings_tawaran_kursus`,`istk`.`nama_intake` AS `nama_intake` from (((((((((((((((((((`temuduga_tetapan` `tt` left join `permohonan_butir_peribadi` `pbp` on((`tt`.`id_permohonan` = `pbp`.`id`))) left join `permohonan_penjaga` `pp` on((`pbp`.`id` = `pp`.`id_permohonan`))) left join `ref_giatmara` `gtt` on((`tt`.`id_giatmara` = `gtt`.`id`))) left join `settings_tawaran_kursus` `stk` on((`tt`.`id_kursus` = `stk`.`id`))) left join `ref_kursus` `k` on((`stk`.`id_kursus` = `k`.`id`))) left join `ref_giatmara` `gstk` on((`stk`.`id_giatmara` = `gstk`.`id`))) left join `staff` `s` on((`tt`.`pegawai` = `s`.`id`))) left join `ref_kewarganegaraan` `kwg` on((`pbp`.`kewarganegaraan` = `kwg`.`id`))) left join `ref_poskod_bandar_negeri` `pbn` on((`pbp`.`poskod` = `pbn`.`id`))) left join `ref_negeri` `n` on((`pbn`.`negeri` = `n`.`id`))) left join `ref_negara` `ngr` on((`pbp`.`negara` = `ngr`.`id`))) left join `ref_bangsa` `b` on((`pbp`.`bangsa` = `b`.`id`))) left join `ref_etnik` `e` on((`pbp`.`etnik` = `e`.`id`))) left join `ref_agama` `a` on((`pbp`.`agama` = `a`.`id`))) left join `ref_taraf_perkahwinan` `tp` on((`pbp`.`taraf_perkahwinan` = `tp`.`id`))) left join `ref_kelulusan` `kll` on((`pbp`.`kelulusan` = `kll`.`id`))) left join `ref_kemahiran` `kmh` on((`pbp`.`kelulusan_kemahiran` = `kmh`.`id`))) left join `ref_intake` `itt` on((`tt`.`tawaran_sesi` = `itt`.`id`))) left join `ref_intake` `istk` on((`stk`.`id_intake` = `istk`.`id`))) ;

-- ----------------------------
-- View structure for v_cetakan_surat_temuduga
-- ----------------------------
DROP VIEW IF EXISTS `v_cetakan_surat_temuduga`;
CREATE ALGORITHM=UNDEFINED DEFINER=`gspeluser`@`%` SQL SECURITY DEFINER VIEW `v_cetakan_surat_temuduga` AS select `gspel1`.`settings_tawaran_kursus`.`id` AS `id_settings_tawaran_kursus`,`gspel1`.`ref_negeri`.`nama_negeri` AS `nama_negeri`,`gspel1`.`ref_giatmara`.`nama_giatmara` AS `nama_giatmara`,`gspel1`.`ref_giatmara`.`alamat` AS `alamat_giatmara`,`gspel1`.`ref_kursus`.`nama_kursus` AS `nama_kursus`,`gspel1`.`ref_kewarganegaraan`.`kewarganegaraan` AS `kewarganegaraan`,`gspel1`.`ref_intake`.`nama_intake` AS `nama_intake`,`gspel1`.`permohonan_butir_peribadi`.`nama_penuh` AS `nama_penuh`,`gspel1`.`permohonan_butir_peribadi`.`no_mykad` AS `no_mykad`,`gspel1`.`permohonan_butir_peribadi`.`no_hp` AS `no_hp`,`gspel1`.`permohonan_butir_peribadi`.`alamat` AS `alamat_butir_peribadi`,`gspel1`.`ref_poskod_bandar_negeri`.`poskod` AS `poskod`,`gspel1`.`ref_poskod_bandar_negeri`.`bandar` AS `bandar`,`gspel1`.`ref_negara`.`nama_negara` AS `nama_negara`,`gspel1`.`temuduga_tetapan`.`tarikh_waktu` AS `tarikh_waktu`,date_format(`gspel1`.`temuduga_tetapan`.`tarikh_waktu`,'%d-%m-%Y %r') AS `tarikh_temuduga`,`gspel1`.`temuduga_tetapan`.`tempat` AS `tempat_temuduga`,`gspel1`.`staff`.`nama` AS `pegawai_dihubungi`,`gspel1`.`temuduga_tetapan`.`tarikh_cetak` AS `tarikh_cetakan`,`gspel1`.`ref_negeri`.`id` AS `id_negeri`,`gspel1`.`settings_tawaran_kursus`.`id_giatmara` AS `id_giatmara`,`gspel1`.`settings_tawaran_kursus`.`id_kursus` AS `id_kursus`,`gspel1`.`permohonan_butir_peribadi`.`kewarganegaraan` AS `id_kewarganegaraan`,`gspel1`.`settings_tawaran_kursus`.`id_intake` AS `id_intake`,`v_permohonan_kursus`.`id` AS `id_permohonan_kursus`,`gspel1`.`temuduga_tetapan`.`id` AS `id_temuduga_tetapan`,`gspel1`.`temuduga_tetapan`.`cetak` AS `cetak` from (((((((((((`gspel1`.`v_permohonan_kursus` join `gspel1`.`permohonan_butir_peribadi` on((`gspel1`.`permohonan_butir_peribadi`.`id` = `v_permohonan_kursus`.`id_permohonan`))) join `gspel1`.`ref_kewarganegaraan` on((`gspel1`.`permohonan_butir_peribadi`.`kewarganegaraan` = `gspel1`.`ref_kewarganegaraan`.`id`))) join `gspel1`.`settings_tawaran_kursus` on((`gspel1`.`settings_tawaran_kursus`.`id` = `v_permohonan_kursus`.`kursus`))) join `gspel1`.`ref_giatmara` on((`gspel1`.`settings_tawaran_kursus`.`id_giatmara` = `gspel1`.`ref_giatmara`.`id`))) join `gspel1`.`ref_intake` on((`gspel1`.`settings_tawaran_kursus`.`id_intake` = `gspel1`.`ref_intake`.`id`))) join `gspel1`.`ref_kursus` on((`gspel1`.`settings_tawaran_kursus`.`id_kursus` = `gspel1`.`ref_kursus`.`id`))) left join `gspel1`.`temuduga_tetapan` on(((`gspel1`.`temuduga_tetapan`.`id_permohonan` = `gspel1`.`permohonan_butir_peribadi`.`id`) and (`gspel1`.`temuduga_tetapan`.`id_giatmara` = `gspel1`.`settings_tawaran_kursus`.`id_giatmara`) and (`gspel1`.`temuduga_tetapan`.`id_kursus` = `gspel1`.`settings_tawaran_kursus`.`id`)))) left join `gspel1`.`staff` on((`gspel1`.`staff`.`id` = `gspel1`.`temuduga_tetapan`.`pegawai`))) join `gspel1`.`ref_poskod_bandar_negeri` on((`gspel1`.`permohonan_butir_peribadi`.`poskod` = `gspel1`.`ref_poskod_bandar_negeri`.`id`))) join `gspel1`.`ref_negara` on((`gspel1`.`permohonan_butir_peribadi`.`negara` = `gspel1`.`ref_negara`.`id`))) join `gspel1`.`ref_negeri` on((`gspel1`.`ref_poskod_bandar_negeri`.`negeri` = `gspel1`.`ref_negeri`.`id`))) where (((`gspel1`.`temuduga_tetapan`.`tawaran_status` = 0) or isnull(`gspel1`.`temuduga_tetapan`.`tawaran_status`)) and ((`gspel1`.`temuduga_tetapan`.`pendaftaran_status` = 0) or isnull(`gspel1`.`temuduga_tetapan`.`pendaftaran_status`)) and (`gspel1`.`temuduga_tetapan`.`keputusan_temuduga` not in (4,5))) ;

-- ----------------------------
-- View structure for v_cetakan_surat_temuduga_lpp04
-- ----------------------------
DROP VIEW IF EXISTS `v_cetakan_surat_temuduga_lpp04`;
CREATE ALGORITHM=UNDEFINED DEFINER=`gspeluser`@`%` SQL SECURITY DEFINER VIEW `v_cetakan_surat_temuduga_lpp04` AS select `settings_tawaran_kursus`.`id` AS `id_settings_tawaran_kursus`,`ref_negeri`.`nama_negeri` AS `nama_negeri`,`ref_giatmara`.`nama_giatmara` AS `nama_giatmara`,`ref_giatmara`.`alamat` AS `alamat_giatmara`,`ref_kursus`.`nama_kursus` AS `nama_kursus`,`ref_kewarganegaraan`.`kewarganegaraan` AS `kewarganegaraan`,`ref_intake`.`nama_intake` AS `nama_intake`,`permohonan_butir_peribadi`.`nama_penuh` AS `nama_penuh`,`permohonan_butir_peribadi`.`no_mykad` AS `no_mykad`,`permohonan_butir_peribadi`.`no_hp` AS `no_hp`,`permohonan_butir_peribadi`.`alamat` AS `alamat_butir_peribadi`,`ref_poskod_bandar_negeri`.`poskod` AS `poskod`,`ref_poskod_bandar_negeri`.`bandar` AS `bandar`,`a`.`nama_negeri` AS `negeri_poskod`,`ref_negara`.`nama_negara` AS `nama_negara`,`temuduga_tetapan`.`tarikh_waktu` AS `tarikh_waktu`,date_format(`temuduga_tetapan`.`tarikh_waktu`,'%d-%m-%Y %r') AS `tarikh_temuduga`,`temuduga_tetapan`.`tempat` AS `tempat_temuduga`,`staff`.`nama` AS `pegawai_dihubungi`,`temuduga_tetapan`.`tarikh_cetak` AS `tarikh_cetakan`,`ref_negeri`.`id` AS `id_negeri`,`settings_tawaran_kursus`.`id_giatmara` AS `id_giatmara`,`settings_tawaran_kursus`.`id_kursus` AS `id_kursus`,`permohonan_butir_peribadi`.`kewarganegaraan` AS `id_kewarganegaraan`,`settings_tawaran_kursus`.`id_intake` AS `id_intake`,`temuduga_tetapan`.`id` AS `id_temuduga_tetapan`,`temuduga_tetapan`.`cetak` AS `cetak`,`temuduga_tetapan`.`no_telefon` AS `no_telefon` from (((((((((((`temuduga_tetapan` join `permohonan_butir_peribadi` on((`permohonan_butir_peribadi`.`id` = `temuduga_tetapan`.`id_permohonan`))) join `ref_kewarganegaraan` on((`permohonan_butir_peribadi`.`kewarganegaraan` = `ref_kewarganegaraan`.`id`))) join `settings_tawaran_kursus` on((`temuduga_tetapan`.`id_kursus` = `settings_tawaran_kursus`.`id`))) join `ref_giatmara` on((`settings_tawaran_kursus`.`id_giatmara` = `ref_giatmara`.`id`))) join `ref_negeri` on((`ref_giatmara`.`id_negeri` = `ref_negeri`.`id`))) join `ref_intake` on((`settings_tawaran_kursus`.`id_intake` = `ref_intake`.`id`))) join `ref_kursus` on((`settings_tawaran_kursus`.`id_kursus` = `ref_kursus`.`id`))) left join `staff` on((`staff`.`id` = `temuduga_tetapan`.`pegawai`))) left join `ref_poskod_bandar_negeri` on((`permohonan_butir_peribadi`.`poskod` = `ref_poskod_bandar_negeri`.`id`))) left join `ref_negeri` `a` on((`ref_poskod_bandar_negeri`.`negeri` = `a`.`id`))) join `ref_negara` on((`permohonan_butir_peribadi`.`negara` = `ref_negara`.`id`))) where (((`temuduga_tetapan`.`tawaran_status` = 0) or isnull(`temuduga_tetapan`.`tawaran_status`)) and ((`temuduga_tetapan`.`pendaftaran_status` = 0) or isnull(`temuduga_tetapan`.`pendaftaran_status`)) and (`temuduga_tetapan`.`keputusan_temuduga` not in (4,5))) ;

-- ----------------------------
-- View structure for v_cetakan_surat_temuduga_lpp04_bak
-- ----------------------------
DROP VIEW IF EXISTS `v_cetakan_surat_temuduga_lpp04_bak`;
CREATE ALGORITHM=UNDEFINED DEFINER=`gspeluser`@`%` SQL SECURITY DEFINER VIEW `v_cetakan_surat_temuduga_lpp04_bak` AS select `settings_tawaran_kursus`.`id` AS `id_settings_tawaran_kursus`,`ref_negeri`.`nama_negeri` AS `nama_negeri`,`ref_giatmara`.`nama_giatmara` AS `nama_giatmara`,`ref_kursus`.`nama_kursus` AS `nama_kursus`,`ref_kewarganegaraan`.`kewarganegaraan` AS `kewarganegaraan`,`ref_intake`.`nama_intake` AS `nama_intake`,`permohonan_butir_peribadi`.`nama_penuh` AS `nama_penuh`,`permohonan_butir_peribadi`.`no_mykad` AS `no_mykad`,`permohonan_butir_peribadi`.`no_hp` AS `no_hp`,`temuduga_tetapan`.`tarikh_waktu` AS `tarikh_waktu`,date_format(`temuduga_tetapan`.`tarikh_waktu`,'%d %M %Y %r') AS `tarikh_temuduga`,`temuduga_tetapan`.`tempat` AS `tempat_temuduga`,`staff`.`nama` AS `pegawai_dihubungi`,`temuduga_tetapan`.`tarikh_cetak` AS `tarikh_cetakan`,`ref_negeri`.`id` AS `id_negeri`,`settings_tawaran_kursus`.`id_giatmara` AS `id_giatmara`,`settings_tawaran_kursus`.`id_kursus` AS `id_kursus`,`permohonan_butir_peribadi`.`kewarganegaraan` AS `id_kewarganegaraan`,`settings_tawaran_kursus`.`id_intake` AS `id_intake`,`temuduga_tetapan`.`id` AS `id_temuduga_tetapan`,`temuduga_tetapan`.`cetak` AS `cetak` from (((((((((`temuduga_tetapan` join `permohonan_kursus` on((`temuduga_tetapan`.`id_permohonan` = `permohonan_kursus`.`id`))) join `permohonan_butir_peribadi` on((`permohonan_butir_peribadi`.`id` = `permohonan_kursus`.`id_permohonan`))) join `ref_kewarganegaraan` on((`permohonan_butir_peribadi`.`kewarganegaraan` = `ref_kewarganegaraan`.`id`))) join `settings_tawaran_kursus` on((`temuduga_tetapan`.`id_kursus` = `settings_tawaran_kursus`.`id`))) join `ref_giatmara` on((`settings_tawaran_kursus`.`id_giatmara` = `ref_giatmara`.`id`))) join `ref_negeri` on((`ref_giatmara`.`id_negeri` = `ref_negeri`.`id`))) join `ref_intake` on((`settings_tawaran_kursus`.`id_intake` = `ref_intake`.`id`))) join `ref_kursus` on((`settings_tawaran_kursus`.`id_kursus` = `ref_kursus`.`id`))) left join `staff` on((`staff`.`id` = `temuduga_tetapan`.`pegawai`))) where (((`temuduga_tetapan`.`tawaran_status` = 0) or isnull(`temuduga_tetapan`.`tawaran_status`)) and ((`temuduga_tetapan`.`pendaftaran_status` = 0) or isnull(`temuduga_tetapan`.`pendaftaran_status`)) and (`temuduga_tetapan`.`keputusan_temuduga` not in (4,5))) ;

-- ----------------------------
-- View structure for v_cetakan_surat_temuduga_lpp09
-- ----------------------------
DROP VIEW IF EXISTS `v_cetakan_surat_temuduga_lpp09`;
CREATE ALGORITHM=UNDEFINED DEFINER=`gspeluser`@`%` SQL SECURITY DEFINER VIEW `v_cetakan_surat_temuduga_lpp09` AS select `pk`.`id` AS `id_permohonan_kursus_lpp09`,`bp`.`nama_penuh` AS `nama_penuh`,`bp`.`no_mykad` AS `no_mykad`,`bp`.`no_hp` AS `no_hp`,`bp`.`alamat` AS `alamat_pemohon`,`n`.`nama_negeri` AS `nama_negeri`,`g`.`kod_giatmara` AS `kod_giatmara`,`g`.`nama_giatmara` AS `nama_giatmara`,`g`.`alamat` AS `alamat_giatmara`,`g`.`tel_no` AS `telefon_giatmara`,`g`.`email` AS `email_giatmara`,`k`.`kod_kursus` AS `kod_kursus`,`k`.`nama_kursus` AS `nama_kursus`,`kw`.`kewarganegaraan` AS `kewarganegaraan`,`i`.`nama_intake` AS `nama_intake`,`tt`.`tarikh_waktu` AS `tarikh_waktu`,date_format(`tt`.`tarikh_waktu`,'%d-%m-%Y %r') AS `tarikh_temuduga`,`tt`.`tempat` AS `tempat`,`s`.`nama` AS `pegawai_dihubungi`,`tt`.`tarikh_cetak` AS `tarikh_cetak`,`n`.`id` AS `id_negeri`,`stk`.`id_giatmara` AS `id_giatmara`,`stk`.`id_kursus` AS `id_kursus`,`bp`.`kewarganegaraan` AS `id_kewarganegaraan`,`stk`.`id_intake` AS `id_intake`,`tt`.`id` AS `id_temuduga_tetapan`,`tt`.`cetak` AS `cetak` from (((((((((`permohonan_kursus_lpp09` `pk` join `permohonan_butir_peribadi` `bp` on((`bp`.`id` = `pk`.`id_permohonan`))) join `ref_kewarganegaraan` `kw` on((`bp`.`kewarganegaraan` = `kw`.`id`))) join `settings_tawaran_kursus` `stk` on((`stk`.`id` = `pk`.`id_settings_tawaran_kursus`))) join `ref_giatmara` `g` on((`stk`.`id_giatmara` = `g`.`id`))) join `ref_negeri` `n` on((`g`.`id_negeri` = `n`.`id`))) join `ref_intake` `i` on((`stk`.`id_intake` = `i`.`id`))) join `ref_kursus` `k` on((`stk`.`id_kursus` = `k`.`id`))) left join `temuduga_tetapan` `tt` on((`bp`.`id` = `tt`.`id_pemohon`))) left join `staff` `s` on((`s`.`id` = `tt`.`pegawai`))) where (((`tt`.`tawaran_status` = 0) or (isnull(`tt`.`tawaran_status`) and (`tt`.`pendaftaran_status` = 0)) or (isnull(`tt`.`pendaftaran_status`) and (`tt`.`keputusan_temuduga` not in (4,5)))) and (`tt`.`jenis_pelatih` = 'LPP09')) ;

-- ----------------------------
-- View structure for v_cetakan_surat_temuduga_ori
-- ----------------------------
DROP VIEW IF EXISTS `v_cetakan_surat_temuduga_ori`;
CREATE ALGORITHM=UNDEFINED DEFINER=`gspeluser`@`%` SQL SECURITY DEFINER VIEW `v_cetakan_surat_temuduga_ori` AS select `settings_tawaran_kursus`.`id` AS `id_settings_tawaran_kursus`,`ref_negeri`.`nama_negeri` AS `nama_negeri`,`ref_giatmara`.`nama_giatmara` AS `nama_giatmara`,`ref_kursus`.`nama_kursus` AS `nama_kursus`,`ref_kewarganegaraan`.`kewarganegaraan` AS `kewarganegaraan`,`ref_intake`.`nama_intake` AS `nama_intake`,`permohonan_butir_peribadi`.`nama_penuh` AS `nama_penuh`,`permohonan_butir_peribadi`.`no_mykad` AS `no_mykad`,`permohonan_butir_peribadi`.`no_hp` AS `no_hp`,`temuduga_tetapan`.`tarikh_waktu` AS `tarikh_waktu`,date_format(`temuduga_tetapan`.`tarikh_waktu`,'%d %M %Y %r') AS `tarikh_temuduga`,`temuduga_tetapan`.`tempat` AS `tempat_temuduga`,`staff`.`nama` AS `pegawai_dihubungi`,`temuduga_tetapan`.`tarikh_cetak` AS `tarikh_cetakan`,`ref_poskod_bandar_negeri`.`negeri` AS `id_negeri`,`settings_tawaran_kursus`.`id_giatmara` AS `id_giatmara`,`settings_tawaran_kursus`.`id_kursus` AS `id_kursus`,`permohonan_butir_peribadi`.`kewarganegaraan` AS `id_kewarganegaraan`,`settings_tawaran_kursus`.`id_intake` AS `id_intake`,`permohonan_kursus`.`id` AS `id_permohonan_kursus`,`temuduga_tetapan`.`id` AS `id_temuduga_tetapan`,`temuduga_tetapan`.`cetak` AS `cetak` from ((((((((((`settings_tawaran_kursus` join `ref_giatmara` on((`settings_tawaran_kursus`.`id_giatmara` = `ref_giatmara`.`id`))) join `ref_negeri` on((`ref_giatmara`.`id_negeri` = `ref_negeri`.`id`))) join `ref_kursus` on((`settings_tawaran_kursus`.`id_kursus` = `ref_kursus`.`id`))) join `ref_poskod_bandar_negeri` on((`ref_poskod_bandar_negeri`.`negeri` = `ref_negeri`.`id`))) join `permohonan_butir_peribadi` on((`permohonan_butir_peribadi`.`poskod` = `ref_poskod_bandar_negeri`.`id`))) join `ref_kewarganegaraan` on((`permohonan_butir_peribadi`.`kewarganegaraan` = `ref_kewarganegaraan`.`id`))) join `ref_intake` on((`settings_tawaran_kursus`.`id_intake` = `ref_intake`.`id`))) join `permohonan_kursus` on((`permohonan_kursus`.`id_permohonan` = `permohonan_butir_peribadi`.`id`))) left join `temuduga_tetapan` on(((`temuduga_tetapan`.`id_permohonan` = `permohonan_kursus`.`id`) and (`temuduga_tetapan`.`id_giatmara` = `settings_tawaran_kursus`.`id_giatmara`) and (`temuduga_tetapan`.`id_kursus` = `settings_tawaran_kursus`.`id`)))) left join `staff` on((`staff`.`id` = `temuduga_tetapan`.`pegawai`))) where (((`temuduga_tetapan`.`tawaran_status` = 0) or isnull(`temuduga_tetapan`.`tawaran_status`)) and ((`temuduga_tetapan`.`pendaftaran_status` = 0) or isnull(`temuduga_tetapan`.`pendaftaran_status`))) ;

-- ----------------------------
-- View structure for v_coba_screen4b_lpp09
-- ----------------------------
DROP VIEW IF EXISTS `v_coba_screen4b_lpp09`;
CREATE ALGORITHM=UNDEFINED DEFINER=`gspeluser`@`%` SQL SECURITY DEFINER VIEW `v_coba_screen4b_lpp09` AS select `a`.`nama_penuh` AS `nama_penuh`,`b`.`no_mykad` AS `no_mykad`,`i`.`name` AS `nama_bank`,`i`.`id` AS `idbank`,`c`.`no_akaun` AS `no_akaun`,`c`.`layak_elaun` AS `layak_elaun`,`c`.`tarikh_mula_elauan` AS `tarikh_mula_elauan`,`c`.`tarikh_tamat_elaun` AS `tarikh_tamat_elaun`,`f`.`id` AS `idnegeri`,`f`.`nama_negeri` AS `namanegeri`,`g`.`id` AS `idgiatmara`,`g`.`nama_giatmara` AS `namagiatmara`,`d`.`kategori_program` AS `kategori`,`h`.`nama_intake` AS `intake`,`d`.`tawaran_terus` AS `tawaran_terus`,`a`.`id` AS `id_permohonan_butir_peribadi`,`d`.`id` AS `id_permohonan_kursus_lpp09`,`d`.`id_settings_tawaran_kursus` AS `id_settings_tawaran_kursus`,`c`.`tarikh_mula_kursus` AS `tarikh_mula_kursus`,`c`.`tarikh_tamat_kursus` AS `tarikh_tamat_kursus`,`d`.`tarikh_mohon` AS `tarikh_mohon`,`e`.`id_kursus` AS `id_kursus`,`c`.`status_pendaftaran` AS `status_pendaftaran` from ((((((((`permohonan_butir_peribadi` `a` join `pelatih` `b` on(((`a`.`id` = `b`.`id_permohonan`) and (`b`.`jenis_pelatih` = 'LPP04')))) join `kelulusan_lpp09` `c` on((`a`.`id` = `c`.`id_permohonan`))) join `permohonan_kursus_lpp09` `d` on((`a`.`id` = `d`.`id_permohonan`))) left join `settings_tawaran_kursus` `e` on((`d`.`id_settings_tawaran_kursus` = `e`.`id`))) left join `ref_giatmara` `g` on((`d`.`id_giatmara` = `g`.`id`))) left join `ref_negeri` `f` on((`g`.`id_negeri` = `f`.`id`))) left join `ref_intake` `h` on((`e`.`id_intake` = `h`.`id`))) left join `kew_bank` `i` on((`c`.`nama_bank` = `i`.`id`))) where (`d`.`tawaran_terus` = 1) group by `i`.`id`,`b`.`no_mykad`,`a`.`nama_penuh`,`b`.`nama_bank`,`c`.`no_akaun`,`c`.`layak_elaun`,`c`.`tarikh_mula_elauan`,`namagiatmara`,`kategori`,`intake`,`c`.`tarikh_tamat_elaun`,`idnegeri`,`namanegeri`,`idgiatmara`,`d`.`tawaran_terus`,`a`.`id`,`d`.`id`,`d`.`id_settings_tawaran_kursus`,`c`.`tarikh_mula_kursus`,`c`.`tarikh_tamat_kursus`,`d`.`tarikh_mohon`,`e`.`id_kursus`,`c`.`status_pendaftaran` ;

-- ----------------------------
-- View structure for v_detail_profile
-- ----------------------------
DROP VIEW IF EXISTS `v_detail_profile`;
CREATE ALGORITHM=UNDEFINED DEFINER=`gspeluser`@`%` SQL SECURITY DEFINER VIEW `v_detail_profile` AS select `pbp`.`id` AS `id_permohonan_butir_peribadi`,`pbp`.`nama_penuh` AS `nama_penuh`,`pbp`.`no_mykad` AS `mykad_pbp`,`p`.`id_pelatih` AS `id_pelatih`,`p`.`no_pelatih` AS `no_pelatih`,`p`.`no_mykad` AS `mykad_pelatih`,`p`.`status_pelatih` AS `status_pelatih`,`p`.`id_giatmara` AS `id_giatmara`,`p`.`id_kursus` AS `id_kursus`,`p`.`jenis_pelatih` AS `jenis_pelatih`,`p`.`kelayakan_elaun` AS `kelayakan_elaun`,`p`.`no_akaun` AS `no_akaun`,`kb`.`name` AS `nama_bank`,`p`.`cara_bayaran` AS `cara_bayaran`,`p`.`id_kew_kod_kombinasi` AS `id_kew_kod_kombinasi`,`p`.`tarikh_mula_kursus` AS `tarikh_mula_kursus`,`p`.`tarikh_tamat_kursus` AS `tarikh_tamat_kursus`,`p`.`tarikh_daftar` AS `tarikh_daftar`,`g`.`nama_giatmara` AS `nama_giatmara`,`n`.`nama_negeri` AS `nama_negeri`,`k`.`id_kluster` AS `id_kluster`,`kl`.`nama_kluster` AS `nama_kluster`,`k`.`nama_kursus` AS `nama_kursus`,`i`.`nama_intake` AS `nama_intake`,`kkk`.`name` AS `nama_kew_kod_kombinasi`,`kkk`.`code_combination_name` AS `code_combination_name`,`kd`.`name` AS `nama_dana`,`kd`.`code` AS `kode_dana`,`kpg`.`name` AS `nama_kew_program_giatmara`,`kpg`.`code` AS `kode_kew_program_giatmara`,`kp`.`name` AS `nama_peringkat`,`kp`.`peringkat_code` AS `kode_peringkat`,`kn`.`IC_UID` AS `kode_negara`,`kn`.`IC_NAME` AS `nama_negara`,`ke`.`code` AS `kode_kew_elaun`,`ke`.`name` AS `nama_kew_elaun` from ((((((((((((((`pelatih` `p` join `permohonan_butir_peribadi` `pbp` on((`p`.`id_permohonan` = `pbp`.`id`))) join `ref_giatmara` `g` on((`p`.`id_giatmara` = `g`.`id`))) join `ref_negeri` `n` on((`g`.`id_negeri` = `n`.`id`))) join `settings_tawaran_kursus` `stk` on((`p`.`id_kursus` = `stk`.`id`))) join `ref_kursus` `k` on((`stk`.`id_kursus` = `k`.`id`))) join `ref_intake` `i` on((`stk`.`id_intake` = `i`.`id`))) join `ref_kluster` `kl` on((`k`.`id_kluster` = `kl`.`id`))) left join `kew_bank` `kb` on((`p`.`nama_bank` = `kb`.`id`))) left join `kew_kod_kombinasi` `kkk` on((`p`.`id_kew_kod_kombinasi` = `kkk`.`id`))) join `kew_dana` `kd` on((`kkk`.`dana_id` = `kd`.`id`))) join `kew_program_giatmara` `kpg` on((`kkk`.`peringkat_id` = `kpg`.`id`))) join `kew_peringkat` `kp` on((`kkk`.`peringkat_id` = `kp`.`id`))) join `kew_negara` `kn` on((`kkk`.`negara_code` = `kn`.`IC_UID`))) join `kew_elaun` `ke` on((`kkk`.`elaun_id` = `ke`.`id`))) ;

-- ----------------------------
-- View structure for v_elaun_pelatih
-- ----------------------------
DROP VIEW IF EXISTS `v_elaun_pelatih`;
CREATE ALGORITHM=UNDEFINED DEFINER=`gspeluser`@`%` SQL SECURITY DEFINER VIEW `v_elaun_pelatih` AS select `kew_elaun`.`name` AS `name`,`kew_elaun`.`amount` AS `amount`,`kew_kod_kombinasi`.`elaun_id` AS `elaun_id`,`pelatih`.`id_kew_kod_kombinasi` AS `id_kew_kod_kombinasi`,`pelatih`.`id_pelatih` AS `id_pelatih`,`pelatih`.`tarikh_mula_kursus` AS `tarikh_mula_kursus`,`pelatih`.`tarikh_tamat_kursus` AS `tarikh_tamat_kursus` from ((`pelatih` join `kew_kod_kombinasi` on((`pelatih`.`id_kew_kod_kombinasi` = `kew_kod_kombinasi`.`id`))) join `kew_elaun` on((`kew_kod_kombinasi`.`elaun_id` = `kew_elaun`.`id`))) ;

-- ----------------------------
-- View structure for v_gagal_temuduga
-- ----------------------------
DROP VIEW IF EXISTS `v_gagal_temuduga`;
CREATE ALGORITHM=UNDEFINED DEFINER=`gspeluser`@`%` SQL SECURITY DEFINER VIEW `v_gagal_temuduga` AS select `settings_tawaran_kursus`.`id` AS `id_settings_tawaran_kursus`,`ref_negeri`.`nama_negeri` AS `nama_negeri`,`ref_giatmara`.`nama_giatmara` AS `nama_giatmara`,`ref_kursus`.`nama_kursus` AS `nama_kursus`,`ref_kewarganegaraan`.`kewarganegaraan` AS `kewarganegaraan`,`ref_intake`.`nama_intake` AS `nama_intake`,`permohonan_butir_peribadi`.`nama_penuh` AS `nama_penuh`,`permohonan_butir_peribadi`.`no_mykad` AS `no_mykad`,`temuduga_tetapan`.`tarikh_waktu` AS `tarikh_waktu`,date_format(`temuduga_tetapan`.`tarikh_waktu`,'%d-%m-%Y %r') AS `tarikh_temuduga`,`ref_keputusan_temuduga`.`keputusan_temuduga` AS `keputusan_temuduga`,`settings_tawaran_kursus`.`id_kursus` AS `tukar_kursus`,`ref_negeri`.`id` AS `id_negeri`,`settings_tawaran_kursus`.`id_giatmara` AS `id_giatmara`,`permohonan_butir_peribadi`.`kewarganegaraan` AS `id_kewarganegaraan`,`settings_tawaran_kursus`.`id_intake` AS `id_intake`,`temuduga_tetapan`.`id` AS `id_temuduga_tetapan` from ((((((((((`temuduga_tetapan` join `permohonan_butir_peribadi` on((`temuduga_tetapan`.`id_permohonan` = `permohonan_butir_peribadi`.`id`))) join `ref_kewarganegaraan` on((`permohonan_butir_peribadi`.`kewarganegaraan` = `ref_kewarganegaraan`.`id`))) join `settings_tawaran_kursus` on((`temuduga_tetapan`.`id_kursus` = `settings_tawaran_kursus`.`id`))) join `ref_giatmara` on((`settings_tawaran_kursus`.`id_giatmara` = `ref_giatmara`.`id`))) join `ref_negeri` on((`ref_giatmara`.`id_negeri` = `ref_negeri`.`id`))) join `ref_intake` on((`settings_tawaran_kursus`.`id_intake` = `ref_intake`.`id`))) join `ref_kursus` on((`settings_tawaran_kursus`.`id_kursus` = `ref_kursus`.`id`))) join `ref_keputusan_temuduga` on((`ref_keputusan_temuduga`.`id` = `temuduga_tetapan`.`keputusan_temuduga`))) join `settings_tawaran_kursus` `t0` on((`t0`.`id` = `temuduga_tetapan`.`tukar_kursus`))) join `ref_kursus` `t1` on((`t1`.`id` = `t0`.`id_kursus`))) where (`temuduga_tetapan`.`keputusan_temuduga` in (4,5)) ;

-- ----------------------------
-- View structure for v_gagal_temuduga_bak
-- ----------------------------
DROP VIEW IF EXISTS `v_gagal_temuduga_bak`;
CREATE ALGORITHM=UNDEFINED DEFINER=`gspeluser`@`%` SQL SECURITY DEFINER VIEW `v_gagal_temuduga_bak` AS select `gspel1`.`settings_tawaran_kursus`.`id` AS `id_settings_tawaran_kursus`,`gspel1`.`ref_negeri`.`nama_negeri` AS `nama_negeri`,`gspel1`.`ref_giatmara`.`nama_giatmara` AS `nama_giatmara`,`gspel1`.`ref_kursus`.`nama_kursus` AS `nama_kursus`,`gspel1`.`ref_kewarganegaraan`.`kewarganegaraan` AS `kewarganegaraan`,`gspel1`.`ref_intake`.`nama_intake` AS `nama_intake`,`gspel1`.`permohonan_butir_peribadi`.`nama_penuh` AS `nama_penuh`,`gspel1`.`permohonan_butir_peribadi`.`no_mykad` AS `no_mykad`,`gspel1`.`temuduga_tetapan`.`tarikh_waktu` AS `tarikh_waktu`,date_format(`gspel1`.`temuduga_tetapan`.`tarikh_waktu`,'%d %M %Y %r') AS `tarikh_temuduga`,`gspel1`.`ref_keputusan_temuduga`.`keputusan_temuduga` AS `keputusan_temuduga`,`gspel1`.`settings_tawaran_kursus`.`id_kursus` AS `tukar_kursus`,`gspel1`.`ref_negeri`.`id` AS `id_negeri`,`gspel1`.`settings_tawaran_kursus`.`id_giatmara` AS `id_giatmara`,`gspel1`.`permohonan_butir_peribadi`.`kewarganegaraan` AS `id_kewarganegaraan`,`gspel1`.`settings_tawaran_kursus`.`id_intake` AS `id_intake`,`v_permohonan_kursus`.`id` AS `id_permohonan_kursus`,`gspel1`.`temuduga_tetapan`.`id` AS `id_temuduga_tetapan` from (((((((((((`gspel1`.`v_permohonan_kursus` join `gspel1`.`permohonan_butir_peribadi` on((`gspel1`.`permohonan_butir_peribadi`.`id` = `v_permohonan_kursus`.`id_permohonan`))) join `gspel1`.`ref_kewarganegaraan` on((`gspel1`.`permohonan_butir_peribadi`.`kewarganegaraan` = `gspel1`.`ref_kewarganegaraan`.`id`))) join `gspel1`.`settings_tawaran_kursus` on((`gspel1`.`settings_tawaran_kursus`.`id` = `v_permohonan_kursus`.`kursus`))) join `gspel1`.`ref_giatmara` on((`gspel1`.`settings_tawaran_kursus`.`id_giatmara` = `gspel1`.`ref_giatmara`.`id`))) join `gspel1`.`ref_negeri` on((`gspel1`.`ref_giatmara`.`id_negeri` = `gspel1`.`ref_negeri`.`id`))) join `gspel1`.`ref_intake` on((`gspel1`.`settings_tawaran_kursus`.`id_intake` = `gspel1`.`ref_intake`.`id`))) join `gspel1`.`ref_kursus` on((`gspel1`.`settings_tawaran_kursus`.`id_kursus` = `gspel1`.`ref_kursus`.`id`))) join `gspel1`.`temuduga_tetapan` on(((`gspel1`.`temuduga_tetapan`.`id_permohonan` = `v_permohonan_kursus`.`id`) and (`gspel1`.`temuduga_tetapan`.`id_giatmara` = `gspel1`.`settings_tawaran_kursus`.`id_giatmara`) and (`gspel1`.`temuduga_tetapan`.`id_kursus` = `gspel1`.`settings_tawaran_kursus`.`id`)))) join `gspel1`.`ref_keputusan_temuduga` on((`gspel1`.`ref_keputusan_temuduga`.`id` = `gspel1`.`temuduga_tetapan`.`keputusan_temuduga`))) join `gspel1`.`settings_tawaran_kursus` `t0` on((`t0`.`id` = `gspel1`.`temuduga_tetapan`.`tukar_kursus`))) join `gspel1`.`ref_kursus` `t1` on((`t1`.`id` = `t0`.`id_kursus`))) where (`gspel1`.`temuduga_tetapan`.`keputusan_temuduga` in (4,5)) ;

-- ----------------------------
-- View structure for v_gagal_temuduga_lpp09
-- ----------------------------
DROP VIEW IF EXISTS `v_gagal_temuduga_lpp09`;
CREATE ALGORITHM=UNDEFINED DEFINER=`gspeluser`@`%` SQL SECURITY DEFINER VIEW `v_gagal_temuduga_lpp09` AS select `settings_tawaran_kursus`.`id` AS `id_settings_tawaran_kursus`,`ref_negeri`.`nama_negeri` AS `nama_negeri`,`ref_giatmara`.`nama_giatmara` AS `nama_giatmara`,`ref_kursus`.`nama_kursus` AS `nama_kursus`,`ref_kewarganegaraan`.`kewarganegaraan` AS `kewarganegaraan`,`ref_intake`.`nama_intake` AS `nama_intake`,`permohonan_butir_peribadi`.`nama_penuh` AS `nama_penuh`,`permohonan_butir_peribadi`.`no_mykad` AS `no_mykad`,`temuduga_tetapan`.`tarikh_waktu` AS `tarikh_waktu`,date_format(`temuduga_tetapan`.`tarikh_waktu`,'%d-%m-%Y %r') AS `tarikh_temuduga`,`ref_keputusan_temuduga`.`keputusan_temuduga` AS `keputusan_temuduga`,`settings_tawaran_kursus`.`id_kursus` AS `id_kursus`,`ref_negeri`.`id` AS `id_negeri`,`settings_tawaran_kursus`.`id_giatmara` AS `id_giatmara`,`permohonan_butir_peribadi`.`kewarganegaraan` AS `id_kewarganegaraan`,`settings_tawaran_kursus`.`id_intake` AS `id_intake`,`permohonan_kursus_lpp09`.`id` AS `id_permohonan_kursus`,`temuduga_tetapan`.`id` AS `id_temuduga_tetapan` from (((((((((((`permohonan_kursus_lpp09` join `permohonan_butir_peribadi` on((`permohonan_butir_peribadi`.`id` = `permohonan_kursus_lpp09`.`id_permohonan`))) join `ref_kewarganegaraan` on((`permohonan_butir_peribadi`.`kewarganegaraan` = `ref_kewarganegaraan`.`id`))) join `settings_tawaran_kursus` on((`settings_tawaran_kursus`.`id` = `permohonan_kursus_lpp09`.`id_settings_tawaran_kursus`))) join `ref_giatmara` on((`settings_tawaran_kursus`.`id_giatmara` = `ref_giatmara`.`id`))) join `ref_negeri` on((`ref_giatmara`.`id_negeri` = `ref_negeri`.`id`))) join `ref_intake` on((`settings_tawaran_kursus`.`id_intake` = `ref_intake`.`id`))) join `ref_kursus` on((`settings_tawaran_kursus`.`id_kursus` = `ref_kursus`.`id`))) join `temuduga_tetapan` on(((`temuduga_tetapan`.`id_permohonan` = `permohonan_kursus_lpp09`.`id`) and (`temuduga_tetapan`.`id_giatmara` = `settings_tawaran_kursus`.`id_giatmara`) and (`temuduga_tetapan`.`id_kursus` = `settings_tawaran_kursus`.`id`)))) join `ref_keputusan_temuduga` on((`ref_keputusan_temuduga`.`id` = `temuduga_tetapan`.`keputusan_temuduga`))) join `settings_tawaran_kursus` `t0` on((`t0`.`id` = `temuduga_tetapan`.`tukar_kursus`))) join `ref_kursus` `t1` on((`t1`.`id` = `t0`.`id_kursus`))) where ((`temuduga_tetapan`.`keputusan_temuduga` in (4,5)) and (`temuduga_tetapan`.`jenis_pelatih` = 'LPP09')) ;

-- ----------------------------
-- View structure for v_gagal_temuduga2
-- ----------------------------
DROP VIEW IF EXISTS `v_gagal_temuduga2`;
CREATE ALGORITHM=UNDEFINED DEFINER=`gspeluser`@`%` SQL SECURITY DEFINER VIEW `v_gagal_temuduga2` AS select `settings_tawaran_kursus`.`id` AS `id_settings_tawaran_kursus`,`ref_negeri`.`nama_negeri` AS `nama_negeri`,`ref_giatmara`.`nama_giatmara` AS `nama_giatmara`,`ref_kursus`.`nama_kursus` AS `nama_kursus`,`ref_kewarganegaraan`.`kewarganegaraan` AS `kewarganegaraan`,`ref_intake`.`nama_intake` AS `nama_intake`,`permohonan_butir_peribadi`.`nama_penuh` AS `nama_penuh`,`permohonan_butir_peribadi`.`no_mykad` AS `no_mykad`,`temuduga_tetapan`.`tarikh_waktu` AS `tarikh_waktu`,date_format(`temuduga_tetapan`.`tarikh_waktu`,'%d %M %Y %r') AS `tarikh_temuduga`,`ref_keputusan_temuduga`.`id` AS `keputusan_temuduga`,`settings_tawaran_kursus`.`id_kursus` AS `tukar_kursus`,`ref_poskod_bandar_negeri`.`negeri` AS `id_negeri`,`settings_tawaran_kursus`.`id_giatmara` AS `id_giatmara`,`permohonan_butir_peribadi`.`kewarganegaraan` AS `id_kewarganegaraan`,`settings_tawaran_kursus`.`id_intake` AS `id_intake`,`permohonan_kursus`.`id` AS `id_permohonan_kursus`,`temuduga_tetapan`.`id` AS `id_temuduga_tetapan` from ((((((((((`settings_tawaran_kursus` join `ref_giatmara` on((`settings_tawaran_kursus`.`id_giatmara` = `ref_giatmara`.`id`))) join `ref_negeri` on((`ref_giatmara`.`id_negeri` = `ref_negeri`.`id`))) join `ref_kursus` on((`settings_tawaran_kursus`.`id_kursus` = `ref_kursus`.`id`))) join `ref_poskod_bandar_negeri` on((`ref_poskod_bandar_negeri`.`negeri` = `ref_negeri`.`id`))) join `permohonan_butir_peribadi` on((`permohonan_butir_peribadi`.`poskod` = `ref_poskod_bandar_negeri`.`id`))) join `ref_kewarganegaraan` on((`permohonan_butir_peribadi`.`kewarganegaraan` = `ref_kewarganegaraan`.`id`))) join `ref_intake` on((`settings_tawaran_kursus`.`id_intake` = `ref_intake`.`id`))) join `permohonan_kursus` on((`permohonan_kursus`.`id_permohonan` = `permohonan_butir_peribadi`.`id`))) join `temuduga_tetapan` on(((`temuduga_tetapan`.`id_permohonan` = `permohonan_kursus`.`id`) and (`temuduga_tetapan`.`id_giatmara` = `settings_tawaran_kursus`.`id_giatmara`) and (`temuduga_tetapan`.`id_kursus` = `settings_tawaran_kursus`.`id`)))) join `ref_keputusan_temuduga` on((`ref_keputusan_temuduga`.`id` = `temuduga_tetapan`.`keputusan_temuduga`))) where (`temuduga_tetapan`.`keputusan_temuduga` in (1,2,3,4,5)) ;

-- ----------------------------
-- View structure for v_giatmara_kursus
-- ----------------------------
DROP VIEW IF EXISTS `v_giatmara_kursus`;
CREATE ALGORITHM=UNDEFINED DEFINER=`gspeluser`@`%` SQL SECURITY DEFINER VIEW `v_giatmara_kursus` AS select `ref_kluster`.`nama_kluster` AS `nama_kluster`,`ref_negeri`.`nama_negeri` AS `nama_negeri`,`ref_giatmara`.`kod_giatmara` AS `kod_giatmara`,`ref_giatmara`.`nama_giatmara` AS `nama_giatmara`,`ref_giatmara`.`id_type_giatmara` AS `id_type_giatmara`,`ref_kursus`.`kod_kursus` AS `kod_kursus`,`ref_kursus`.`nama_kursus` AS `nama_kursus`,`ref_intake`.`kod_intake` AS `kod_intake`,`ref_intake`.`nama_intake` AS `nama_intake`,`ref_giatmara`.`id_negeri` AS `id_negeri`,`ref_kursus`.`id_kluster` AS `id_kluster`,`settings_tawaran_kursus`.`id_giatmara` AS `id_giatmara`,`settings_tawaran_kursus`.`id_kursus` AS `id_kursus`,`settings_tawaran_kursus`.`id_intake` AS `id_intake`,`settings_tawaran_kursus`.`id` AS `id_setting_penawaran_kursus`,`settings_tawaran_kursus`.`status` AS `status` from (((((`ref_giatmara` join `settings_tawaran_kursus` on((`ref_giatmara`.`id` = `settings_tawaran_kursus`.`id_giatmara`))) join `ref_kursus` on((`settings_tawaran_kursus`.`id_kursus` = `ref_kursus`.`id`))) join `ref_intake` on((`settings_tawaran_kursus`.`id_intake` = `ref_intake`.`id`))) join `ref_negeri` on((`ref_negeri`.`id` = `ref_giatmara`.`id_negeri`))) join `ref_kluster` on((`ref_kluster`.`id` = `ref_kursus`.`id_kluster`))) ;

-- ----------------------------
-- View structure for v_kelulusan_permohonan_lpp09
-- ----------------------------
DROP VIEW IF EXISTS `v_kelulusan_permohonan_lpp09`;
CREATE ALGORITHM=UNDEFINED DEFINER=`gspeluser`@`%` SQL SECURITY DEFINER VIEW `v_kelulusan_permohonan_lpp09` AS select `tt`.`id` AS `id_temuduga_tetapan`,`pkl`.`id_permohonan` AS `id_permohonan`,`pbp`.`nama_penuh` AS `nama_penuh`,`pbp`.`no_mykad` AS `no_mykad`,`p`.`no_pelatih` AS `no_pelatih`,`pbp`.`no_hp` AS `no_hp`,`pkl`.`kategori_program` AS `kategori_program`,`n`.`id` AS `id_negeri`,`n`.`nama_negeri` AS `nama_negeri`,`g`.`id` AS `id_giatmara`,`g`.`nama_giatmara` AS `nama_giatmara`,`stk`.`id` AS `id_settings_tawaran_kursus`,`k`.`nama_kursus` AS `nama_kursus`,`tt`.`tarikh_waktu` AS `tarikh_mohon`,`pkl`.`tawaran_terus` AS `tawaran_terus`,`kl`.`status_pengesahan` AS `status_pengesahan`,`tt`.`keputusan_temuduga` AS `keputusan_temuduga`,`pkl`.`id` AS `id_permohonan_kursus_lpp09`,`p`.`nama_bank` AS `nama_bank`,`p`.`no_akaun` AS `no_akaun`,`p`.`cara_bayaran` AS `cara_bayaran` from ((((((((`permohonan_kursus_lpp09` `pkl` join `permohonan_butir_peribadi` `pbp` on((`pkl`.`id_permohonan` = `pbp`.`id`))) join `pelatih` `p` on(((`pbp`.`id` = `p`.`id_permohonan`) and (`p`.`jenis_pelatih` = 'LPP04')))) join `settings_tawaran_kursus` `stk` on((`pkl`.`id_settings_tawaran_kursus` = `stk`.`id`))) join `ref_giatmara` `g` on((`stk`.`id_giatmara` = `g`.`id`))) join `ref_kursus` `k` on((`stk`.`id_kursus` = `k`.`id`))) join `ref_negeri` `n` on((`g`.`id_negeri` = `n`.`id`))) left join `kelulusan_lpp09` `kl` on((`p`.`id_permohonan` = `kl`.`id_permohonan`))) left join `temuduga_tetapan` `tt` on(((`pkl`.`id_permohonan` = `tt`.`id_permohonan`) and (`tt`.`jenis_pelatih` = 'LPP09')))) ;

-- ----------------------------
-- View structure for v_kelulusan_permohonan_lpp09_2
-- ----------------------------
DROP VIEW IF EXISTS `v_kelulusan_permohonan_lpp09_2`;
CREATE ALGORITHM=UNDEFINED DEFINER=`gspeluser`@`%` SQL SECURITY DEFINER VIEW `v_kelulusan_permohonan_lpp09_2` AS select `pkl`.`id` AS `id_permohonan_kursus_lpp09`,`pkl`.`id_permohonan` AS `id_permohonan`,`pbp`.`nama_penuh` AS `nama_penuh`,`pbp`.`no_mykad` AS `no_mykad`,`pbp`.`no_hp` AS `no_hp`,`pkl`.`kategori_program` AS `kategori_program`,`pkl`.`tawaran_terus` AS `tawaran_terus`,`pkl`.`id_giatmara` AS `id_giatmara`,`g`.`nama_giatmara` AS `nama_giatmara`,`g`.`id_negeri` AS `id_negeri`,`n`.`nama_negeri` AS `nama_negeri`,`p`.`no_pelatih` AS `no_pelatih`,`pkl`.`tarikh_mohon` AS `tarikh_mohon`,`kl`.`status_pengesahan` AS `status_pengesahan` from (((((`permohonan_kursus_lpp09` `pkl` join `permohonan_butir_peribadi` `pbp` on((`pkl`.`id_permohonan` = `pbp`.`id`))) left join `ref_giatmara` `g` on((`pkl`.`id_giatmara` = `g`.`id`))) left join `ref_negeri` `n` on((`g`.`id_negeri` = `n`.`id`))) left join `pelatih` `p` on(((`pbp`.`id` = `p`.`id_permohonan`) and (`p`.`jenis_pelatih` = 'LPP04')))) left join `kelulusan_lpp09` `kl` on(((`pbp`.`id` = `kl`.`id_permohonan`) and (`pkl`.`id` = `kl`.`id_permohonan_kursus_lpp09`)))) where (`pkl`.`tawaran_terus` = 1) ;

-- ----------------------------
-- View structure for v_keputusan_temuduga
-- ----------------------------
DROP VIEW IF EXISTS `v_keputusan_temuduga`;
CREATE ALGORITHM=UNDEFINED DEFINER=`gspeluser`@`%` SQL SECURITY DEFINER VIEW `v_keputusan_temuduga` AS select `gspel1`.`settings_tawaran_kursus`.`id` AS `id_settings_tawaran_kursus`,`gspel1`.`ref_negeri`.`nama_negeri` AS `nama_negeri`,`gspel1`.`ref_giatmara`.`nama_giatmara` AS `nama_giatmara`,`gspel1`.`ref_kursus`.`nama_kursus` AS `nama_kursus`,`gspel1`.`ref_kewarganegaraan`.`kewarganegaraan` AS `kewarganegaraan`,`gspel1`.`ref_intake`.`nama_intake` AS `nama_intake`,`gspel1`.`permohonan_butir_peribadi`.`nama_penuh` AS `nama_penuh`,`gspel1`.`permohonan_butir_peribadi`.`no_mykad` AS `no_mykad`,`gspel1`.`temuduga_tetapan`.`tarikh_waktu` AS `tarikh_waktu`,date_format(`gspel1`.`temuduga_tetapan`.`tarikh_waktu`,'%d %M %Y %r') AS `tarikh_temuduga`,`gspel1`.`ref_keputusan_temuduga`.`keputusan_temuduga` AS `keputusan_temuduga`,`t1`.`nama_kursus` AS `nama_tukar_kursus`,`gspel1`.`temuduga_tetapan`.`tukar_kursus` AS `tukar_kursus`,`gspel1`.`ref_negeri`.`id` AS `id_negeri`,`gspel1`.`settings_tawaran_kursus`.`id_giatmara` AS `id_giatmara`,`gspel1`.`settings_tawaran_kursus`.`id_kursus` AS `id_kursus`,`gspel1`.`permohonan_butir_peribadi`.`kewarganegaraan` AS `id_kewarganegaraan`,`gspel1`.`settings_tawaran_kursus`.`id_intake` AS `id_intake`,`v_permohonan_kursus`.`id` AS `id_permohonan_kursus`,`gspel1`.`temuduga_tetapan`.`id` AS `id_tetapan_temuduga`,`gspel1`.`temuduga_tetapan`.`keputusan_temuduga` AS `id_keputusan_temuduga` from (((((((((((`gspel1`.`v_permohonan_kursus` join `gspel1`.`permohonan_butir_peribadi` on((`gspel1`.`permohonan_butir_peribadi`.`id` = `v_permohonan_kursus`.`id_permohonan`))) join `gspel1`.`ref_kewarganegaraan` on((`gspel1`.`permohonan_butir_peribadi`.`kewarganegaraan` = `gspel1`.`ref_kewarganegaraan`.`id`))) join `gspel1`.`settings_tawaran_kursus` on((`gspel1`.`settings_tawaran_kursus`.`id` = `v_permohonan_kursus`.`kursus`))) join `gspel1`.`ref_giatmara` on((`gspel1`.`settings_tawaran_kursus`.`id_giatmara` = `gspel1`.`ref_giatmara`.`id`))) join `gspel1`.`ref_negeri` on((`gspel1`.`ref_giatmara`.`id_negeri` = `gspel1`.`ref_negeri`.`id`))) join `gspel1`.`ref_intake` on((`gspel1`.`settings_tawaran_kursus`.`id_intake` = `gspel1`.`ref_intake`.`id`))) join `gspel1`.`ref_kursus` on((`gspel1`.`settings_tawaran_kursus`.`id_kursus` = `gspel1`.`ref_kursus`.`id`))) join `gspel1`.`temuduga_tetapan` on(((`gspel1`.`temuduga_tetapan`.`id_permohonan` = `v_permohonan_kursus`.`id`) and (`gspel1`.`temuduga_tetapan`.`id_giatmara` = `gspel1`.`settings_tawaran_kursus`.`id_giatmara`) and (`gspel1`.`temuduga_tetapan`.`id_kursus` = `gspel1`.`settings_tawaran_kursus`.`id`)))) join `gspel1`.`ref_keputusan_temuduga` on((`gspel1`.`ref_keputusan_temuduga`.`id` = `gspel1`.`temuduga_tetapan`.`keputusan_temuduga`))) join `gspel1`.`settings_tawaran_kursus` `t0` on((`t0`.`id` = `gspel1`.`temuduga_tetapan`.`tukar_kursus`))) join `gspel1`.`ref_kursus` `t1` on((`t1`.`id` = `t0`.`id_kursus`))) where ((`gspel1`.`temuduga_tetapan`.`keputusan_temuduga` = 1) and ((`gspel1`.`temuduga_tetapan`.`tawaran_status` = 0) or isnull(`gspel1`.`temuduga_tetapan`.`tawaran_status`)) and ((`gspel1`.`temuduga_tetapan`.`pendaftaran_status` = 0) or isnull(`gspel1`.`temuduga_tetapan`.`pendaftaran_status`))) ;

-- ----------------------------
-- View structure for v_keputusan_temuduga_lpp04
-- ----------------------------
DROP VIEW IF EXISTS `v_keputusan_temuduga_lpp04`;
CREATE ALGORITHM=UNDEFINED DEFINER=`gspeluser`@`%` SQL SECURITY DEFINER VIEW `v_keputusan_temuduga_lpp04` AS select `settings_tawaran_kursus`.`id` AS `id_settings_tawaran_kursus`,`ref_negeri`.`nama_negeri` AS `nama_negeri`,`ref_giatmara`.`nama_giatmara` AS `nama_giatmara`,`ref_kursus`.`nama_kursus` AS `nama_kursus`,`ref_kewarganegaraan`.`kewarganegaraan` AS `kewarganegaraan`,`ref_intake`.`nama_intake` AS `nama_intake`,`permohonan_butir_peribadi`.`nama_penuh` AS `nama_penuh`,`permohonan_butir_peribadi`.`no_mykad` AS `no_mykad`,`temuduga_tetapan`.`tarikh_waktu` AS `tarikh_waktu`,date_format(`temuduga_tetapan`.`tarikh_waktu`,'%d-%m-%Y %r') AS `tarikh_temuduga`,`ref_keputusan_temuduga`.`keputusan_temuduga` AS `keputusan_temuduga`,`t1`.`nama_kursus` AS `nama_tukar_kursus`,`temuduga_tetapan`.`tukar_kursus` AS `tukar_kursus`,`ref_negeri`.`id` AS `id_negeri`,`settings_tawaran_kursus`.`id_giatmara` AS `id_giatmara`,`settings_tawaran_kursus`.`id_kursus` AS `id_kursus`,`permohonan_butir_peribadi`.`kewarganegaraan` AS `id_kewarganegaraan`,`settings_tawaran_kursus`.`id_intake` AS `id_intake`,`temuduga_tetapan`.`id` AS `id_tetapan_temuduga`,`temuduga_tetapan`.`keputusan_temuduga` AS `id_keputusan_temuduga`,`temuduga_tetapan`.`id_permohonan` AS `id_permohonan` from ((((((((((`temuduga_tetapan` join `permohonan_butir_peribadi` on((`permohonan_butir_peribadi`.`id` = `temuduga_tetapan`.`id_permohonan`))) join `ref_kewarganegaraan` on((`permohonan_butir_peribadi`.`kewarganegaraan` = `ref_kewarganegaraan`.`id`))) join `settings_tawaran_kursus` on((`settings_tawaran_kursus`.`id` = `temuduga_tetapan`.`id_kursus`))) join `ref_giatmara` on((`settings_tawaran_kursus`.`id_giatmara` = `ref_giatmara`.`id`))) join `ref_negeri` on((`ref_giatmara`.`id_negeri` = `ref_negeri`.`id`))) join `ref_intake` on((`settings_tawaran_kursus`.`id_intake` = `ref_intake`.`id`))) join `ref_kursus` on((`settings_tawaran_kursus`.`id_kursus` = `ref_kursus`.`id`))) join `ref_keputusan_temuduga` on((`ref_keputusan_temuduga`.`id` = `temuduga_tetapan`.`keputusan_temuduga`))) join `settings_tawaran_kursus` `t0` on((`t0`.`id` = `temuduga_tetapan`.`tukar_kursus`))) join `ref_kursus` `t1` on((`t1`.`id` = `t0`.`id_kursus`))) where ((`temuduga_tetapan`.`keputusan_temuduga` = 1) and ((`temuduga_tetapan`.`tawaran_status` = 0) or isnull(`temuduga_tetapan`.`tawaran_status`)) and ((`temuduga_tetapan`.`pendaftaran_status` = 0) or isnull(`temuduga_tetapan`.`pendaftaran_status`))) ;

-- ----------------------------
-- View structure for v_keputusan_temuduga_lpp09
-- ----------------------------
DROP VIEW IF EXISTS `v_keputusan_temuduga_lpp09`;
CREATE ALGORITHM=UNDEFINED DEFINER=`gspeluser`@`%` SQL SECURITY DEFINER VIEW `v_keputusan_temuduga_lpp09` AS select `tt`.`id` AS `id_temuduga_tetapan`,`tt`.`id_permohonan` AS `id_permohonan`,`bp`.`nama_penuh` AS `nama_penuh`,`bp`.`no_mykad` AS `no_mykad`,`bp`.`kewarganegaraan` AS `id_warganegara`,`tt`.`tarikh_waktu` AS `tarikh_waktu`,`tt`.`keputusan_temuduga` AS `keputusan_temuduga`,`tt`.`catatan` AS `catatan`,`tk`.`id_kursus` AS `id_kursus`,`kr`.`kod_kursus` AS `kod_kursus`,`kr`.`nama_kursus` AS `nama_kursus`,`tk`.`id_giatmara` AS `id_giatmara`,`g`.`kod_giatmara` AS `kod_giatmara`,`g`.`nama_giatmara` AS `nama_giatmara`,`g`.`id_negeri` AS `id_negeri`,`tk`.`id` AS `id_settings_tawaran_kursus`,`pkl`.`id` AS `id_permohonan_kursus_lpp09`,`p`.`nama_bank` AS `nama_bank`,`p`.`no_akaun` AS `no_akaun` from (((((((`temuduga_tetapan` `tt` join `permohonan_butir_peribadi` `bp` on((`bp`.`id` = `tt`.`id_permohonan`))) join `permohonan_kursus_lpp09` `pkl` on(((`bp`.`id` = `pkl`.`id_permohonan`) and (`tt`.`id_permohonan` = `pkl`.`id_permohonan`) and (`tt`.`jenis_pelatih` = 'LPP09')))) join `settings_tawaran_kursus` `tk` on((`tk`.`id` = `tt`.`id_kursus`))) join `ref_giatmara` `g` on((`g`.`id` = `tk`.`id_giatmara`))) join `ref_negeri` `n` on((`n`.`id` = `g`.`id_negeri`))) join `ref_kursus` `kr` on((`kr`.`id` = `tk`.`id_kursus`))) left join `pelatih` `p` on(((`bp`.`id` = `p`.`id_permohonan`) and (`p`.`jenis_pelatih` = 'LPP04')))) where ((((`tt`.`keputusan_temuduga` = 1) and (`tt`.`tawaran_status` = 0)) or (isnull(`tt`.`tawaran_status`) and (`tt`.`pendaftaran_status` = 0)) or isnull(`tt`.`pendaftaran_status`)) and (`tt`.`jenis_pelatih` = 'LPP09')) ;

-- ----------------------------
-- View structure for v_keputusan_temuduga_ori
-- ----------------------------
DROP VIEW IF EXISTS `v_keputusan_temuduga_ori`;
CREATE ALGORITHM=UNDEFINED DEFINER=`gspeluser`@`%` SQL SECURITY DEFINER VIEW `v_keputusan_temuduga_ori` AS select `settings_tawaran_kursus`.`id` AS `id_settings_tawaran_kursus`,`ref_negeri`.`nama_negeri` AS `nama_negeri`,`ref_giatmara`.`nama_giatmara` AS `nama_giatmara`,`ref_kursus`.`nama_kursus` AS `nama_kursus`,`ref_kewarganegaraan`.`kewarganegaraan` AS `kewarganegaraan`,`ref_intake`.`nama_intake` AS `nama_intake`,`permohonan_butir_peribadi`.`nama_penuh` AS `nama_penuh`,`permohonan_butir_peribadi`.`no_mykad` AS `no_mykad`,`temuduga_tetapan`.`tarikh_waktu` AS `tarikh_waktu`,date_format(`temuduga_tetapan`.`tarikh_waktu`,'%d %M %Y %r') AS `tarikh_temuduga`,`ref_keputusan_temuduga`.`keputusan_temuduga` AS `keputusan_temuduga`,`t1`.`nama_kursus` AS `nama_tukar_kursus`,`temuduga_tetapan`.`tukar_kursus` AS `tukar_kursus`,`ref_poskod_bandar_negeri`.`negeri` AS `id_negeri`,`settings_tawaran_kursus`.`id_giatmara` AS `id_giatmara`,`settings_tawaran_kursus`.`id_kursus` AS `id_kursus`,`permohonan_butir_peribadi`.`kewarganegaraan` AS `id_kewarganegaraan`,`settings_tawaran_kursus`.`id_intake` AS `id_intake`,`permohonan_kursus`.`id` AS `id_permohonan_kursus`,`temuduga_tetapan`.`id` AS `id_tetapan_temuduga`,`temuduga_tetapan`.`keputusan_temuduga` AS `id_keputusan_temuduga` from ((((((((((((`settings_tawaran_kursus` join `ref_giatmara` on((`settings_tawaran_kursus`.`id_giatmara` = `ref_giatmara`.`id`))) join `ref_negeri` on((`ref_giatmara`.`id_negeri` = `ref_negeri`.`id`))) join `ref_kursus` on((`settings_tawaran_kursus`.`id_kursus` = `ref_kursus`.`id`))) join `ref_poskod_bandar_negeri` on((`ref_poskod_bandar_negeri`.`negeri` = `ref_negeri`.`id`))) join `permohonan_butir_peribadi` on((`permohonan_butir_peribadi`.`poskod` = `ref_poskod_bandar_negeri`.`id`))) join `ref_kewarganegaraan` on((`permohonan_butir_peribadi`.`kewarganegaraan` = `ref_kewarganegaraan`.`id`))) join `ref_intake` on((`settings_tawaran_kursus`.`id_intake` = `ref_intake`.`id`))) join `permohonan_kursus` on((`permohonan_kursus`.`id_permohonan` = `permohonan_butir_peribadi`.`id`))) join `temuduga_tetapan` on(((`temuduga_tetapan`.`id_permohonan` = `permohonan_kursus`.`id`) and (`temuduga_tetapan`.`id_giatmara` = `settings_tawaran_kursus`.`id_giatmara`) and (`temuduga_tetapan`.`id_kursus` = `settings_tawaran_kursus`.`id`)))) join `ref_keputusan_temuduga` on((`ref_keputusan_temuduga`.`id` = `temuduga_tetapan`.`keputusan_temuduga`))) join `settings_tawaran_kursus` `t0` on((`t0`.`id` = `temuduga_tetapan`.`tukar_kursus`))) join `ref_kursus` `t1` on((`t1`.`id` = `t0`.`id_kursus`))) where ((`temuduga_tetapan`.`keputusan_temuduga` = 1) and ((`temuduga_tetapan`.`tawaran_status` = 0) or isnull(`temuduga_tetapan`.`tawaran_status`)) and ((`temuduga_tetapan`.`pendaftaran_status` = 0) or isnull(`temuduga_tetapan`.`pendaftaran_status`))) ;

-- ----------------------------
-- View structure for v_kew_potongan
-- ----------------------------
DROP VIEW IF EXISTS `v_kew_potongan`;
CREATE ALGORITHM=UNDEFINED DEFINER=`gspeluser`@`%` SQL SECURITY DEFINER VIEW `v_kew_potongan` AS select `kew_potongan`.`name` AS `name`,`kew_potongan`.`value_per_unit` AS `value_per_unit`,`kew_dana`.`name` AS `dana`,`kew_program_giatmara`.`name` AS `program`,`kew_peringkat`.`name` AS `peringkat`,`kew_potongan`.`code` AS `code`,`kew_potongan`.`deduction_frequency` AS `deduction_frequency`,`kew_potongan`.`description` AS `description`,`kew_potongan`.`id` AS `id` from (((`kew_potongan` join `kew_dana` on((`kew_potongan`.`dana_source_id` = `kew_dana`.`id`))) join `kew_program_giatmara` on((`kew_potongan`.`program_id` = `kew_program_giatmara`.`id`))) join `kew_peringkat` on((`kew_potongan`.`peringkat_id` = `kew_peringkat`.`id`))) ;

-- ----------------------------
-- View structure for v_kewangan_lpp04
-- ----------------------------
DROP VIEW IF EXISTS `v_kewangan_lpp04`;
CREATE ALGORITHM=UNDEFINED DEFINER=`gspeluser`@`%` SQL SECURITY DEFINER VIEW `v_kewangan_lpp04` AS select `permohonan_butir_peribadi`.`nama_penuh` AS `nama_penuh`,`pelatih`.`no_mykad` AS `no_mykad`,`pelatih`.`no_pelatih` AS `no_pelatih`,`ref_giatmara`.`nama_giatmara` AS `nama_giatmara`,`ref_kursus`.`nama_kursus` AS `nama_kursus`,`ref_intake`.`nama_intake` AS `nama_intake`,`kew_dana`.`name` AS `dana`,`kew_program_giatmara`.`name` AS `program`,`pelatih`.`tarikh_mula_kursus` AS `tarikh_mula_kursus`,`pelatih`.`tarikh_tamat_kursus` AS `tarikh_tamat_kursus`,`lpp_04`.`id` AS `id`,`lpp_04`.`id_pelatih` AS `id_pelatih`,`lpp_04`.`status_jana` AS `status_jana`,`lpp_04`.`dijana_oleh` AS `dijana_oleh`,`lpp_04`.`dijana_pada` AS `dijana_pada`,`staff`.`nama` AS `nama`,`ref_giatmara`.`id_negeri` AS `id_negeri`,`ref_giatmara`.`id` AS `id_giatmara`,`ref_kursus`.`id` AS `id_kursus`,`ref_intake`.`id` AS `id_intake` from (((((((((((`lpp_04` join `pelatih` on((`lpp_04`.`id_pelatih` = `pelatih`.`id_pelatih`))) join `permohonan_butir_peribadi` on((`pelatih`.`id_permohonan` = `permohonan_butir_peribadi`.`id`))) join `settings_tawaran_kursus` on((`pelatih`.`id_kursus` = `settings_tawaran_kursus`.`id`))) join `ref_giatmara` on(((`pelatih`.`id_giatmara` = `ref_giatmara`.`id`) and (`settings_tawaran_kursus`.`id_giatmara` = `ref_giatmara`.`id`)))) join `ref_kursus` on((`settings_tawaran_kursus`.`id_kursus` = `ref_kursus`.`id`))) join `ref_intake` on((`settings_tawaran_kursus`.`id_intake` = `ref_intake`.`id`))) left join `kew_kod_kombinasi` on((`pelatih`.`id_kew_kod_kombinasi` = `kew_kod_kombinasi`.`id`))) left join `kew_dana` on((`kew_kod_kombinasi`.`dana_id` = `kew_dana`.`id`))) left join `kew_program_giatmara` on((`kew_kod_kombinasi`.`program_id` = `kew_program_giatmara`.`id`))) left join `admin_users` on((`lpp_04`.`dijana_oleh` = `admin_users`.`id`))) left join `staff` on((`admin_users`.`id_staff` = `staff`.`id`))) ;

-- ----------------------------
-- View structure for v_kewangan_lpp06_screen3
-- ----------------------------
DROP VIEW IF EXISTS `v_kewangan_lpp06_screen3`;
CREATE ALGORITHM=UNDEFINED DEFINER=`gspeluser`@`%` SQL SECURITY DEFINER VIEW `v_kewangan_lpp06_screen3` AS select `permohonan_butir_peribadi`.`nama_penuh` AS `nama_penuh`,`pelatih`.`no_mykad` AS `no_mykad`,`pelatih`.`no_pelatih` AS `no_pelatih`,`ref_giatmara`.`nama_giatmara` AS `nama_giatmara`,`ref_kursus`.`nama_kursus` AS `nama_kursus`,`ref_intake`.`nama_intake` AS `nama_intake`,concat('<ul><li>',`lpp_06`.`nama_bank_baru`,'</li><li>',`lpp_06`.`no_akaun_baru`,'</li></ul>') AS `data_lpp`,`ref_giatmara`.`id_negeri` AS `id_negeri`,`settings_tawaran_kursus`.`id_giatmara` AS `id_giatmara`,`settings_tawaran_kursus`.`id_kursus` AS `id_kursus`,`settings_tawaran_kursus`.`id_intake` AS `id_intake`,`ref_negeri`.`nama_negeri` AS `nama_negeri`,`pelatih`.`id_pelatih` AS `id_pelatih`,`lpp_06`.`status_jana` AS `status_jana`,`lpp_06`.`dijana_oleh` AS `dijana_oleh`,`lpp_06`.`dijana_pada` AS `dijana_pada`,`lpp_06`.`id` AS `id`,`lpp_06`.`dihantar_pada` AS `dihantar_pada`,`kew_bank`.`name` AS `nama_bank`,`pelatih`.`no_akaun` AS `no_akaun`,`staff`.`nama` AS `penjana` from ((((((((((`permohonan_butir_peribadi` join `pelatih` on((`pelatih`.`no_mykad` = `permohonan_butir_peribadi`.`no_mykad`))) join `settings_tawaran_kursus` on((`pelatih`.`id_kursus` = `settings_tawaran_kursus`.`id`))) join `ref_giatmara` on((`settings_tawaran_kursus`.`id_giatmara` = `ref_giatmara`.`id`))) join `ref_kursus` on((`settings_tawaran_kursus`.`id_kursus` = `ref_kursus`.`id`))) join `ref_intake` on((`settings_tawaran_kursus`.`id_intake` = `ref_intake`.`id`))) join `lpp_06` on((`pelatih`.`id_pelatih` = `lpp_06`.`id_pelatih`))) left join `admin_users` on((`lpp_06`.`dijana_oleh` = `admin_users`.`id`))) left join `staff` on((`staff`.`id` = `admin_users`.`id_staff`))) join `ref_negeri` on((`ref_giatmara`.`id_negeri` = `ref_negeri`.`id`))) left join `kew_bank` on((`kew_bank`.`id` = `pelatih`.`nama_bank`))) ;

-- ----------------------------
-- View structure for v_kewangan_lpp08_screen3
-- ----------------------------
DROP VIEW IF EXISTS `v_kewangan_lpp08_screen3`;
CREATE ALGORITHM=UNDEFINED DEFINER=`gspeluser`@`%` SQL SECURITY DEFINER VIEW `v_kewangan_lpp08_screen3` AS select `permohonan_butir_peribadi`.`nama_penuh` AS `nama_penuh`,`pelatih`.`no_mykad` AS `no_mykad`,`pelatih`.`no_pelatih` AS `no_pelatih`,`ref_giatmara`.`nama_giatmara` AS `nama_giatmara`,`ref_kursus`.`nama_kursus` AS `nama_kursus`,`ref_intake`.`nama_intake` AS `nama_intake`,`ref_status_pelatih`.`status_desc` AS `data_lpp`,`ref_giatmara`.`id_negeri` AS `id_negeri`,`settings_tawaran_kursus`.`id_giatmara` AS `id_giatmara`,`settings_tawaran_kursus`.`id_kursus` AS `id_kursus`,`settings_tawaran_kursus`.`id_intake` AS `id_intake`,`ref_negeri`.`nama_negeri` AS `nama_negeri`,`pelatih`.`id_pelatih` AS `id_pelatih`,`lpp_08`.`id` AS `id`,`lpp_08`.`tarikh_kuatkuasa` AS `tarikh_kuatkuasa`,`lpp_08`.`dihantar_oleh` AS `dihantar_oleh`,`lpp_08`.`dihantar_pada` AS `dihantar_pada`,`lpp_08`.`status_jana` AS `status_jana`,`lpp_08`.`dijana_oleh` AS `dijana_oleh`,`lpp_08`.`dijana_pada` AS `dijana_pada`,`lpp_08`.`status_baru` AS `status_baru`,`staff`.`nama` AS `penjana` from ((((((((((`permohonan_butir_peribadi` join `pelatih` on((`pelatih`.`no_mykad` = `permohonan_butir_peribadi`.`no_mykad`))) join `settings_tawaran_kursus` on((`pelatih`.`id_kursus` = `settings_tawaran_kursus`.`id`))) join `ref_giatmara` on((`settings_tawaran_kursus`.`id_giatmara` = `ref_giatmara`.`id`))) join `ref_kursus` on((`settings_tawaran_kursus`.`id_kursus` = `ref_kursus`.`id`))) join `ref_intake` on((`settings_tawaran_kursus`.`id_intake` = `ref_intake`.`id`))) join `ref_negeri` on((`ref_giatmara`.`id_negeri` = `ref_negeri`.`id`))) join `lpp_08` on((`lpp_08`.`id_pelatih` = `pelatih`.`id_pelatih`))) left join `admin_users` on((`lpp_08`.`dijana_oleh` = `admin_users`.`id`))) left join `staff` on((`staff`.`id` = `admin_users`.`id_staff`))) join `ref_status_pelatih` on((`ref_status_pelatih`.`id` = `lpp_08`.`status_baru`))) ;

-- ----------------------------
-- View structure for v_kewangan_lpp09
-- ----------------------------
DROP VIEW IF EXISTS `v_kewangan_lpp09`;
CREATE ALGORITHM=UNDEFINED DEFINER=`gspeluser`@`%` SQL SECURITY DEFINER VIEW `v_kewangan_lpp09` AS select `permohonan_butir_peribadi`.`nama_penuh` AS `nama_penuh`,`pelatih`.`no_mykad` AS `no_mykad`,`pelatih`.`no_pelatih` AS `no_pelatih`,`ref_giatmara`.`nama_giatmara` AS `nama_giatmara`,`ref_kursus`.`nama_kursus` AS `nama_kursus`,`ref_intake`.`nama_intake` AS `nama_intake`,`kew_dana`.`name` AS `dana`,`kew_program_giatmara`.`name` AS `program`,`pelatih`.`tarikh_mula_kursus` AS `tarikh_mula_kursus`,`pelatih`.`tarikh_tamat_kursus` AS `tarikh_tamat_kursus`,`lpp_09`.`id` AS `id`,`lpp_09`.`id_pelatih` AS `id_pelatih`,`lpp_09`.`status_jana` AS `status_jana`,`lpp_09`.`dijana_oleh` AS `dijana_oleh`,`lpp_09`.`dijana_pada` AS `dijana_pada`,`staff`.`nama` AS `nama`,`ref_giatmara`.`id_negeri` AS `id_negeri`,`ref_giatmara`.`id` AS `id_giatmara`,`ref_kursus`.`id` AS `id_kursus`,`ref_intake`.`id` AS `id_intake`,`kelulusan_lpp09`.`layak_elaun` AS `layak_elaun` from ((((((((((((`lpp_09` join `pelatih` on((`lpp_09`.`id_pelatih` = `pelatih`.`id_pelatih`))) join `permohonan_butir_peribadi` on((`pelatih`.`id_permohonan` = `permohonan_butir_peribadi`.`id`))) join `settings_tawaran_kursus` on((`pelatih`.`id_kursus` = `settings_tawaran_kursus`.`id`))) join `ref_giatmara` on(((`pelatih`.`id_giatmara` = `ref_giatmara`.`id`) and (`settings_tawaran_kursus`.`id_giatmara` = `ref_giatmara`.`id`)))) join `ref_kursus` on((`settings_tawaran_kursus`.`id_kursus` = `ref_kursus`.`id`))) join `ref_intake` on((`settings_tawaran_kursus`.`id_intake` = `ref_intake`.`id`))) left join `kew_kod_kombinasi` on((`pelatih`.`id_kew_kod_kombinasi` = `kew_kod_kombinasi`.`id`))) left join `kew_dana` on((`kew_kod_kombinasi`.`dana_id` = `kew_dana`.`id`))) left join `kew_program_giatmara` on((`kew_kod_kombinasi`.`program_id` = `kew_program_giatmara`.`id`))) left join `admin_users` on((`lpp_09`.`dijana_oleh` = `admin_users`.`id`))) left join `staff` on((`admin_users`.`id_staff` = `staff`.`id`))) left join `kelulusan_lpp09` on((`permohonan_butir_peribadi`.`id` = `kelulusan_lpp09`.`id_permohonan`))) ;

-- ----------------------------
-- View structure for v_kewangan_lpp10_screen3
-- ----------------------------
DROP VIEW IF EXISTS `v_kewangan_lpp10_screen3`;
CREATE ALGORITHM=UNDEFINED DEFINER=`gspeluser`@`%` SQL SECURITY DEFINER VIEW `v_kewangan_lpp10_screen3` AS select `permohonan_butir_peribadi`.`nama_penuh` AS `nama_penuh`,`pelatih`.`no_mykad` AS `no_mykad`,`pelatih`.`no_pelatih` AS `no_pelatih`,`ref_giatmara`.`nama_giatmara` AS `nama_giatmara`,`ref_kursus`.`nama_kursus` AS `nama_kursus`,`ref_intake`.`nama_intake` AS `nama_intake`,concat(if((`t0`.`id` is not null),concat(`t3`.`nama_kursus`,' >> ',`t0`.`nama_kursus`,'<br>'),''),if((`t1`.`id` is not null),concat(convert(`t2`.`nama_giatmara` using utf8mb4),' >> ',convert(`t1`.`nama_giatmara` using utf8mb4)),'')) AS `data_lpp`,`ref_giatmara`.`id_negeri` AS `id_negeri`,`settings_tawaran_kursus`.`id_giatmara` AS `id_giatmara`,`settings_tawaran_kursus`.`id_kursus` AS `id_kursus`,`settings_tawaran_kursus`.`id_intake` AS `id_intake`,`ref_negeri`.`nama_negeri` AS `nama_negeri`,`pelatih`.`id_pelatih` AS `id_pelatih`,`lpp_10`.`id` AS `id`,`lpp_10`.`giatmara_baru` AS `giatmara_baru`,`lpp_10`.`giatmara_asal` AS `giatmara_asal`,`lpp_10`.`kursus_baru` AS `kursus_baru`,`lpp_10`.`kursus_asal` AS `kursus_asal`,`lpp_10`.`nota` AS `nota`,`lpp_10`.`jenis_pertukaran` AS `jenis_pertukaran`,`lpp_10`.`dihantar_oleh` AS `dihantar_oleh`,`lpp_10`.`dihantar_pada` AS `dihantar_pada`,`lpp_10`.`status_jana` AS `status_jana`,`lpp_10`.`dijana_oleh` AS `dijana_oleh`,`lpp_10`.`dijana_pada` AS `dijana_pada`,`staff`.`nama` AS `penjana` from (((((((((((((`permohonan_butir_peribadi` join `pelatih` on((`pelatih`.`no_mykad` = `permohonan_butir_peribadi`.`no_mykad`))) join `settings_tawaran_kursus` on((`pelatih`.`id_kursus` = `settings_tawaran_kursus`.`id`))) join `ref_giatmara` on((`settings_tawaran_kursus`.`id_giatmara` = `ref_giatmara`.`id`))) join `ref_kursus` on((`settings_tawaran_kursus`.`id_kursus` = `ref_kursus`.`id`))) join `ref_intake` on((`settings_tawaran_kursus`.`id_intake` = `ref_intake`.`id`))) join `ref_negeri` on((`ref_giatmara`.`id_negeri` = `ref_negeri`.`id`))) join `lpp_10` on((`lpp_10`.`id_pelatih` = `pelatih`.`id_pelatih`))) left join `admin_users` on((`lpp_10`.`dijana_oleh` = `admin_users`.`id`))) left join `staff` on((`staff`.`id` = `admin_users`.`id_staff`))) left join `ref_kursus` `t0` on((`lpp_10`.`kursus_baru` = `t0`.`id`))) left join `ref_kursus` `t3` on((`lpp_10`.`kursus_asal` = `t3`.`id`))) left join `ref_giatmara` `t1` on((`lpp_10`.`giatmara_baru` = `t1`.`id`))) left join `ref_giatmara` `t2` on((`lpp_10`.`giatmara_asal` = `t2`.`id`))) ;

-- ----------------------------
-- View structure for v_kewangan_lpp5a_screen3
-- ----------------------------
DROP VIEW IF EXISTS `v_kewangan_lpp5a_screen3`;
CREATE ALGORITHM=UNDEFINED DEFINER=`gspeluser`@`%` SQL SECURITY DEFINER VIEW `v_kewangan_lpp5a_screen3` AS select `permohonan_butir_peribadi`.`nama_penuh` AS `nama_penuh`,`pelatih`.`no_mykad` AS `no_mykad`,`pelatih`.`no_pelatih` AS `no_pelatih`,`ref_giatmara`.`nama_giatmara` AS `nama_giatmara`,`ref_kursus`.`nama_kursus` AS `nama_kursus`,`ref_intake`.`nama_intake` AS `nama_intake`,concat(`lpp_5a`.`nama_asal`,' >> ',`lpp_5a`.`nama_baru`) AS `data_lpp`,`ref_giatmara`.`id_negeri` AS `id_negeri`,`settings_tawaran_kursus`.`id_giatmara` AS `id_giatmara`,`settings_tawaran_kursus`.`id_kursus` AS `id_kursus`,`settings_tawaran_kursus`.`id_intake` AS `id_intake`,`ref_negeri`.`nama_negeri` AS `nama_negeri`,`pelatih`.`id_pelatih` AS `id_pelatih`,`lpp_5a`.`nama_asal` AS `nama_asal`,`lpp_5a`.`nama_baru` AS `nama_baru`,`lpp_5a`.`status_jana` AS `status_jana`,`lpp_5a`.`dijana_oleh` AS `dijana_oleh`,`lpp_5a`.`dijana_pada` AS `dijana_pada`,`lpp_5a`.`id` AS `id`,`lpp_5a`.`dihantar_pada` AS `dihantar_pada`,`staff`.`nama` AS `penjana` from (((((((((`permohonan_butir_peribadi` join `pelatih` on((`pelatih`.`no_mykad` = `permohonan_butir_peribadi`.`no_mykad`))) join `settings_tawaran_kursus` on((`pelatih`.`id_kursus` = `settings_tawaran_kursus`.`id`))) join `ref_giatmara` on((`settings_tawaran_kursus`.`id_giatmara` = `ref_giatmara`.`id`))) join `ref_kursus` on((`settings_tawaran_kursus`.`id_kursus` = `ref_kursus`.`id`))) join `ref_intake` on((`settings_tawaran_kursus`.`id_intake` = `ref_intake`.`id`))) join `ref_negeri` on((`ref_giatmara`.`id_negeri` = `ref_negeri`.`id`))) join `lpp_5a` on((`pelatih`.`id_pelatih` = `lpp_5a`.`id_pelatih`))) left join `admin_users` on((`lpp_5a`.`dijana_oleh` = `admin_users`.`id`))) left join `staff` on((`staff`.`id` = `admin_users`.`id_staff`))) ;

-- ----------------------------
-- View structure for v_kewangan_lpp5b_screen3
-- ----------------------------
DROP VIEW IF EXISTS `v_kewangan_lpp5b_screen3`;
CREATE ALGORITHM=UNDEFINED DEFINER=`gspeluser`@`%` SQL SECURITY DEFINER VIEW `v_kewangan_lpp5b_screen3` AS select `permohonan_butir_peribadi`.`nama_penuh` AS `nama_penuh`,`pelatih`.`no_mykad` AS `no_mykad`,`pelatih`.`no_pelatih` AS `no_pelatih`,`ref_giatmara`.`nama_giatmara` AS `nama_giatmara`,`ref_kursus`.`nama_kursus` AS `nama_kursus`,`ref_intake`.`nama_intake` AS `nama_intake`,concat(`lpp_5b`.`mykad_asal`,' >> ',`lpp_5b`.`mykad_baru`) AS `data_lpp`,`ref_giatmara`.`id_negeri` AS `id_negeri`,`settings_tawaran_kursus`.`id_giatmara` AS `id_giatmara`,`settings_tawaran_kursus`.`id_kursus` AS `id_kursus`,`settings_tawaran_kursus`.`id_intake` AS `id_intake`,`ref_negeri`.`nama_negeri` AS `nama_negeri`,`pelatih`.`id_pelatih` AS `id_pelatih`,`lpp_5b`.`mykad_asal` AS `mykad_asal`,`lpp_5b`.`mykad_baru` AS `mykad_baru`,`lpp_5b`.`tarikh_lahir_asal` AS `tarikh_lahir_asal`,`lpp_5b`.`tarikh_lahir_baru` AS `tarikh_lahir_baru`,`lpp_5b`.`umur_asal` AS `umur_asal`,`lpp_5b`.`umur_baru` AS `umur_baru`,`lpp_5b`.`jantina_asal` AS `jantina_asal`,`lpp_5b`.`jantina_baru` AS `jantina_baru`,`lpp_5b`.`id` AS `id`,`lpp_5b`.`status_jana` AS `status_jana`,`lpp_5b`.`dijana_oleh` AS `dijana_oleh`,`lpp_5b`.`dijana_pada` AS `dijana_pada`,`lpp_5b`.`dihantar_pada` AS `dihantar_pada`,`staff`.`nama` AS `penjana` from (((((((((`permohonan_butir_peribadi` join `pelatih` on((`pelatih`.`no_mykad` = `permohonan_butir_peribadi`.`no_mykad`))) join `settings_tawaran_kursus` on((`pelatih`.`id_kursus` = `settings_tawaran_kursus`.`id`))) join `ref_giatmara` on((`settings_tawaran_kursus`.`id_giatmara` = `ref_giatmara`.`id`))) join `ref_kursus` on((`settings_tawaran_kursus`.`id_kursus` = `ref_kursus`.`id`))) join `ref_intake` on((`settings_tawaran_kursus`.`id_intake` = `ref_intake`.`id`))) join `ref_negeri` on((`ref_giatmara`.`id_negeri` = `ref_negeri`.`id`))) join `lpp_5b` on((`lpp_5b`.`id_pelatih` = `pelatih`.`id_pelatih`))) left join `admin_users` on((`lpp_5b`.`dijana_oleh` = `admin_users`.`id`))) left join `staff` on((`staff`.`id` = `admin_users`.`id_staff`))) ;

-- ----------------------------
-- View structure for v_kewangan_lpp5d_screen3
-- ----------------------------
DROP VIEW IF EXISTS `v_kewangan_lpp5d_screen3`;
CREATE ALGORITHM=UNDEFINED DEFINER=`gspeluser`@`%` SQL SECURITY DEFINER VIEW `v_kewangan_lpp5d_screen3` AS select `permohonan_butir_peribadi`.`nama_penuh` AS `nama_penuh`,`pelatih`.`no_mykad` AS `no_mykad`,`pelatih`.`no_pelatih` AS `no_pelatih`,`ref_giatmara`.`nama_giatmara` AS `nama_giatmara`,`ref_kursus`.`nama_kursus` AS `nama_kursus`,`ref_intake`.`nama_intake` AS `nama_intake`,concat(`lpp_5d`.`alamat_baru`) AS `data_lpp`,`ref_giatmara`.`id_negeri` AS `id_negeri`,`settings_tawaran_kursus`.`id_giatmara` AS `id_giatmara`,`settings_tawaran_kursus`.`id_kursus` AS `id_kursus`,`settings_tawaran_kursus`.`id_intake` AS `id_intake`,`ref_negeri`.`nama_negeri` AS `nama_negeri`,`pelatih`.`id_pelatih` AS `id_pelatih`,`lpp_5d`.`id` AS `id`,`lpp_5d`.`status_jana` AS `status_jana`,`lpp_5d`.`dijana_oleh` AS `dijana_oleh`,`lpp_5d`.`dijana_pada` AS `dijana_pada`,`lpp_5d`.`dihantar_pada` AS `dihantar_pada`,`staff`.`nama` AS `penjana` from (((((((((`permohonan_butir_peribadi` join `pelatih` on((`pelatih`.`no_mykad` = `permohonan_butir_peribadi`.`no_mykad`))) join `settings_tawaran_kursus` on((`pelatih`.`id_kursus` = `settings_tawaran_kursus`.`id`))) join `ref_giatmara` on((`settings_tawaran_kursus`.`id_giatmara` = `ref_giatmara`.`id`))) join `ref_kursus` on((`settings_tawaran_kursus`.`id_kursus` = `ref_kursus`.`id`))) join `ref_intake` on((`settings_tawaran_kursus`.`id_intake` = `ref_intake`.`id`))) join `ref_negeri` on((`ref_giatmara`.`id_negeri` = `ref_negeri`.`id`))) join `lpp_5d` on((`lpp_5d`.`id_pelatih` = `pelatih`.`id_pelatih`))) left join `admin_users` on((`lpp_5d`.`dijana_oleh` = `admin_users`.`id`))) left join `staff` on((`staff`.`id` = `admin_users`.`id_staff`))) ;

-- ----------------------------
-- View structure for v_kewangan_lpp7a_screen3
-- ----------------------------
DROP VIEW IF EXISTS `v_kewangan_lpp7a_screen3`;
CREATE ALGORITHM=UNDEFINED DEFINER=`gspeluser`@`%` SQL SECURITY DEFINER VIEW `v_kewangan_lpp7a_screen3` AS select `permohonan_butir_peribadi`.`nama_penuh` AS `nama_penuh`,`pelatih`.`no_mykad` AS `no_mykad`,`pelatih`.`no_pelatih` AS `no_pelatih`,`ref_giatmara`.`nama_giatmara` AS `nama_giatmara`,`ref_kursus`.`nama_kursus` AS `nama_kursus`,`ref_intake`.`nama_intake` AS `nama_intake`,concat('<ul><li>Jenis Potongan: ',`v_lpp7a`.`name`,'</li><li>','Jumlah Potongan: ',`v_lpp7a`.`value_per_unit`,'</li><li>','Tarikh Hantar: ',convert(date_format(`v_lpp7a`.`dihantar_pada`,'%d/%m/%Y') using utf8),'</li></ul>') AS `data_lpp`,`ref_giatmara`.`id_negeri` AS `id_negeri`,`settings_tawaran_kursus`.`id_giatmara` AS `id_giatmara`,`settings_tawaran_kursus`.`id_kursus` AS `id_kursus`,`settings_tawaran_kursus`.`id_intake` AS `id_intake`,`ref_negeri`.`nama_negeri` AS `nama_negeri`,`pelatih`.`id_pelatih` AS `id_pelatih`,`v_lpp7a`.`id` AS `id`,`v_lpp7a`.`status_jana` AS `status_jana`,`v_lpp7a`.`dihantar_pada` AS `dihantar_pada`,`staff`.`nama` AS `penjana`,`v_lpp7a`.`dijana_oleh` AS `dijana_oleh`,`v_lpp7a`.`dijana_pada` AS `dijana_pada`,`v_lpp7a`.`dihantar_oleh` AS `dihantar_oleh` from (((((((((`permohonan_butir_peribadi` join `pelatih` on((`pelatih`.`no_mykad` = `permohonan_butir_peribadi`.`no_mykad`))) join `settings_tawaran_kursus` on((`pelatih`.`id_kursus` = `settings_tawaran_kursus`.`id`))) join `ref_giatmara` on((`settings_tawaran_kursus`.`id_giatmara` = `ref_giatmara`.`id`))) join `ref_kursus` on((`settings_tawaran_kursus`.`id_kursus` = `ref_kursus`.`id`))) join `ref_intake` on((`settings_tawaran_kursus`.`id_intake` = `ref_intake`.`id`))) join `ref_negeri` on((`ref_giatmara`.`id_negeri` = `ref_negeri`.`id`))) join `v_lpp7a` on((`v_lpp7a`.`id_pelatih` = `pelatih`.`id_pelatih`))) left join `admin_users` on((`v_lpp7a`.`dijana_oleh` = `admin_users`.`id`))) left join `staff` on((`staff`.`id` = `admin_users`.`id_staff`))) ;

-- ----------------------------
-- View structure for v_konfigurasi_kurikulum_kursus_screen1
-- ----------------------------
DROP VIEW IF EXISTS `v_konfigurasi_kurikulum_kursus_screen1`;
CREATE ALGORITHM=UNDEFINED DEFINER=`gspeluser`@`%` SQL SECURITY DEFINER VIEW `v_konfigurasi_kurikulum_kursus_screen1` AS select `a`.`id` AS `idkluster`,`b`.`id` AS `idkursus`,`b`.`nama_kursus` AS `kursus`,`c`.`id` AS `idsetting`,`c`.`id_giatmara` AS `idgiatmara`,`a`.`kod_kluster` AS `kluster`,`b`.`kod_kursus` AS `kod_kursus`,`b`.`tarikh_dikuatkuasa` AS `tarikh_kuasa`,`b`.`jenis_kursus` AS `tahap_kursus`,`b`.`nama_kursus_sijil` AS `nama_kursus_sijil`,`b`.`kod_skm` AS `kod_skm`,`b`.`tempoh_industri` AS `tempoh_industri`,`b`.`tempoh_pusat` AS `tempoh_pusat`,sum((case when (`d`.`id_kursus` = `b`.`id`) then 1 else 0 end)) AS `bil_modul`,sum((case when ((`c`.`id_kursus` = `b`.`id`) and (`c`.`id_giatmara` = `e`.`id`)) then 1 else 0 end)) AS `bil_pusat`,`b`.`status_kursus` AS `status` from ((((`ref_kluster` `a` join `ref_kursus` `b`) join `settings_tawaran_kursus` `c`) join `ref_modul` `d`) join `ref_giatmara` `e`) where ((`a`.`id` = `b`.`id_kluster`) and (`b`.`id` = `c`.`id_kursus`) and (`b`.`id` = `d`.`id_kursus`) and (`c`.`id_giatmara` = `e`.`id`)) group by `idkursus`,`idkluster`,`idsetting`,`idgiatmara`,`kluster`,`b`.`kod_kursus`,`tarikh_kuasa`,`tahap_kursus`,`b`.`nama_kursus_sijil`,`b`.`kod_skm`,`b`.`tempoh_industri`,`b`.`tempoh_pusat`,`c`.`status` ;

-- ----------------------------
-- View structure for v_konfigurasi_kurikulum_p1_screen2_part2
-- ----------------------------
DROP VIEW IF EXISTS `v_konfigurasi_kurikulum_p1_screen2_part2`;
CREATE ALGORITHM=UNDEFINED DEFINER=`gspeluser`@`%` SQL SECURITY DEFINER VIEW `v_konfigurasi_kurikulum_p1_screen2_part2` AS select `e`.`nama_giatmara` AS `giatmara`,`c`.`nama_kursus` AS `kursus`,`d`.`nama_intake` AS `intake`,`c`.`id_kluster` AS `id`,`c`.`id` AS `idkursus` from ((((`markah_modul` `a` join `settings_tawaran_kursus` `b`) join `ref_kursus` `c`) join `ref_intake` `d`) join `ref_giatmara` `e`) where (((`a`.`id_kursus` = `b`.`id`) and (`b`.`id_kursus` = `c`.`id`) and (`b`.`id_giatmara` = `e`.`id`) and (`b`.`id_intake` = `d`.`id`) and (`a`.`markah` <> '0.00')) or (`a`.`markah` <> NULL)) ;

-- ----------------------------
-- View structure for v_kurikulum_borang04
-- ----------------------------
DROP VIEW IF EXISTS `v_kurikulum_borang04`;
CREATE ALGORITHM=UNDEFINED DEFINER=`gspeluser`@`%` SQL SECURITY DEFINER VIEW `v_kurikulum_borang04` AS select `ref_kursus`.`nama_kursus` AS `nama_kursus`,`ref_kursus`.`jenis_kursus` AS `jenis_kursus`,`permohonan_butir_peribadi`.`nama_penuh` AS `nama_penuh`,`permohonan_butir_peribadi`.`no_mykad` AS `no_mykad`,(select `t1`.`tahap_keterampilan` from `ref_keterampilan` `t1` where (`t1`.`poin_keterampilan` = (select max(`t0`.`poin_keterampilan`) from `ref_keterampilan` `t0` where (`t0`.`poin_keterampilan` <= `markah_modul_2`.`gcpa`))) limit 1) AS `tahap_keterampilan`,`pelatih`.`no_pelatih` AS `no_pelatih`,`markah_modul_2`.`gcpa` AS `gcpa`,`markah_modul_2`.`puji` AS `puji`,`markah_modul_2`.`kokurikulum` AS `kokurikulum`,`markah_modul_2`.`literasi_komputer` AS `literasi_komputer`,`markah_modul_2`.`keusahawanan` AS `keusahawanan`,`markah_modul_2`.`catatan_pengurus` AS `catatan_pengurus`,`markah_modul_2`.`catatan_pgn` AS `catatan_pgn`,`markah_modul_2`.`catatan_ppkl` AS `catatan_ppkl`,`markah_modul_2`.`kehadiran` AS `kehadiran`,concat(sum((case when ((`markah_modul`.`status_isi_markah` = 2) or (`markah_modul`.`status_isi_markah` = 4) or (`markah_modul`.`status_isi_markah` = 6) or (`markah_modul`.`status_isi_markah` = 7)) then 1 else 0 end)),'/',count(`markah_modul`.`id`)) AS `jumlah_modul_dihantar`,(sum((case when ((`markah_modul`.`status_isi_markah` = 2) or (`markah_modul`.`status_isi_markah` = 4) or (`markah_modul`.`status_isi_markah` = 6) or (`markah_modul`.`status_isi_markah` = 7)) then 1 else 0 end)) = count(`markah_modul`.`id`)) AS `bahagian_a`,((`markah_modul_2`.`status_isi_markah` = 2) or (`markah_modul_2`.`status_isi_markah` = 4) or (`markah_modul_2`.`status_isi_markah` = 6) or (`markah_modul_2`.`status_isi_markah` = 7)) AS `bahagian_b`,`markah_modul_2`.`status_isi_markah` AS `status_isi_markah`,`permohonan_butir_peribadi`.`id` AS `id_permohonan_butir_peribadi`,`pelatih`.`id_permohonan` AS `id_permohonan`,`pelatih`.`id_pelatih` AS `id_pelatih`,`pelatih`.`id_kursus` AS `id_kursus`,`markah_modul_2`.`id` AS `id_markah_modul2`,`settings_tawaran_kursus`.`id_kursus` AS `id_ref_kursus`,`markah_modul_status`.`id` AS `id_pengurus_sah`,`markah_modul_status`.`smgm` AS `smgm`,`markah_modul_status`.`spgm` AS `spgm1`,`markah_modul_status`.`sklgm` AS `sklgm1`,`markah_modul_status`.`saegm` AS `saegm1`,`markah_modul_status`.`skgm` AS `skgm1`,`markah_modul_status`.`pengurus_sah` AS `pengurus_sah`,`markah_modul_status`.`pgn_sah` AS `pgn_sah`,`markah_modul_status`.`ppkl_sah` AS `ppkl_sah`,`settings_tawaran_kursus`.`id_giatmara` AS `id_giatmara`,`settings_tawaran_kursus`.`id_intake` AS `id_intake`,sum((case when ((`markah_modul`.`markah` >= 60) and `markah_modul`.`id_kursus`) then 1 else 0 end)) AS `terampilya`,sum((case when ((`markah_modul`.`markah` < 60) and `markah_modul`.`id_kursus`) then 1 else 0 end)) AS `terampiltidak`,(case when (`ref_kursus`.`jenis_kursus` = 'b') then (case when ((sum((case when (`markah_modul`.`markah` >= 60) then 1 else 0 end)) = count(`markah_modul`.`id_kursus`)) and (`markah_modul_2`.`gcpa` >= 2) and (`markah_modul_2`.`kehadiran` >= 80) and (`markah_modul_2`.`puji` = 0)) then 1 else 0 end) else 0 end) AS `spgm`,(case when (`ref_kursus`.`jenis_kursus` = 'b') then (case when ((sum((case when (`markah_modul`.`markah` >= 60) then 1 else 0 end)) between 1 and (count(`markah_modul`.`id_kursus`) - 1)) and (`markah_modul_2`.`gcpa` >= 2) and (`markah_modul_2`.`kehadiran` >= 80) and (`markah_modul_2`.`puji` = 0)) then 1 else 0 end) else 0 end) AS `skgm`,(case when (`ref_kursus`.`jenis_kursus` = 'b') then (case when ((sum((case when (`markah_modul`.`markah` >= 60) then 1 else 0 end)) = count(`markah_modul`.`id_kursus`)) and (`markah_modul_2`.`gcpa` >= 3.7) and (`markah_modul_2`.`kehadiran` >= 90) and (`markah_modul_2`.`puji` = 0)) then 1 else 0 end) else 0 end) AS `saegm`,(case when (`ref_kursus`.`jenis_kursus` = 'a') then (case when ((sum((case when (`markah_modul`.`markah` >= 60) then 1 else 0 end)) = count(`markah_modul`.`id_kursus`)) and (`markah_modul_2`.`gcpa` >= 2.7) and (`markah_modul_2`.`kehadiran` >= 90) and (`markah_modul_2`.`puji` = 0)) then 1 else 0 end) else 0 end) AS `sklgm` from ((((((`permohonan_butir_peribadi` join `pelatih` on((`pelatih`.`id_permohonan` = `permohonan_butir_peribadi`.`id`))) left join `markah_modul_status` on((`pelatih`.`id_pelatih` = `markah_modul_status`.`id_pelatih`))) join `settings_tawaran_kursus` on(((`settings_tawaran_kursus`.`id` = `pelatih`.`id_kursus`) and (`settings_tawaran_kursus`.`id_giatmara` = `pelatih`.`id_giatmara`)))) join `ref_kursus` on((`ref_kursus`.`id` = `settings_tawaran_kursus`.`id_kursus`))) left join `markah_modul_2` on(((`pelatih`.`id_pelatih` = `markah_modul_2`.`id_pelatih`) and (`pelatih`.`id_kursus` = `markah_modul_2`.`id_kursus`)))) left join `markah_modul` on(((`markah_modul`.`id_pelatih` = `pelatih`.`id_pelatih`) and (`pelatih`.`id_kursus` = `markah_modul`.`id_kursus`)))) group by `ref_kursus`.`nama_kursus`,`permohonan_butir_peribadi`.`nama_penuh`,`permohonan_butir_peribadi`.`no_mykad`,`pelatih`.`no_pelatih`,`markah_modul_2`.`gcpa`,`markah_modul_2`.`kehadiran`,`pelatih`.`id_kursus`,`markah_modul_2`.`status_isi_markah`,`permohonan_butir_peribadi`.`id`,`pelatih`.`id_permohonan`,`pelatih`.`id_pelatih`,`pelatih`.`id_kursus`,`markah_modul_2`.`id`,`settings_tawaran_kursus`.`id_kursus`,`markah_modul_status`.`pengurus_sah`,`markah_modul_status`.`id`,`markah_modul_2`.`puji`,`markah_modul_status`.`smgm`,`tahap_keterampilan` ;

-- ----------------------------
-- View structure for v_kurikulum_p1_screen2_detail
-- ----------------------------
DROP VIEW IF EXISTS `v_kurikulum_p1_screen2_detail`;
CREATE ALGORITHM=UNDEFINED DEFINER=`gspeluser`@`%` SQL SECURITY DEFINER VIEW `v_kurikulum_p1_screen2_detail` AS select `permohonan_butir_peribadi`.`nama_penuh` AS `nama_penuh`,`permohonan_butir_peribadi`.`no_mykad` AS `no_mykad`,`pelatih`.`no_pelatih` AS `no_pelatih`,`ref_giatmara`.`nama_giatmara` AS `nama_giatmara`,`ref_kursus`.`nama_kursus` AS `nama_kursus`,`ref_intake`.`nama_intake` AS `nama_intake`,`ref_modul`.`kod_modul` AS `kod_modul`,`ref_modul`.`nama_modul` AS `nama_modul`,`ref_modul`.`jam_kredit` AS `jam_kredit`,`markah_modul`.`tarikh_hantar_pengajar` AS `tarikh_hantar_pengajar`,`markah_modul`.`tarikh_hantar_pengurus` AS `tarikh_hantar_pengurus`,`markah_modul`.`tarikh_hantar_pgn` AS `tarikh_hantar_pgn`,`markah_modul`.`catatan_pengurus` AS `catatan_pengurus`,`markah_modul`.`catatan_pgn` AS `catatan_pgn`,`markah_modul`.`catatan_ppkl` AS `catatan_ppkl`,`markah_modul`.`pb_teori` AS `pb_teori`,`markah_modul`.`pb_amali` AS `pb_amali`,(`markah_modul`.`pb_teori` + `markah_modul`.`pb_amali`) AS `pb`,`markah_modul`.`pam_teori` AS `pam_teori`,`markah_modul`.`pam_amali` AS `pam_amali`,(`markah_modul`.`pam_teori` + `markah_modul`.`pam_amali`) AS `pam`,`markah_modul`.`markah` AS `markah`,`markah_modul`.`status_isi_markah` AS `status_isi_markah`,`ref_keterampilan`.`gred_keterampilan` AS `gred_keterampilan`,`ref_keterampilan`.`poin_keterampilan` AS `gredpoin_keterampilan`,(`ref_modul`.`jam_kredit` * `ref_keterampilan`.`poin_keterampilan`) AS `poin_keterampilan`,`ref_keterampilan`.`tahap_keterampilan` AS `tahap_keterampilan`,(case when (`markah_modul`.`status_isi_markah` = 0) then 'Belum Isi' when (`markah_modul`.`status_isi_markah` = 1) then 'Telah Disimpan' when (`markah_modul`.`status_isi_markah` = 2) then 'Hantar Ke Pengurus' when (`markah_modul`.`status_isi_markah` = 3) then 'Dikembalikan oleh Pengurus' when (`markah_modul`.`status_isi_markah` = 4) then 'Hantar Ke PGN' when (`markah_modul`.`status_isi_markah` = 5) then 'Dikembalikan Oleh PGN' when (`markah_modul`.`status_isi_markah` = 6) then 'Hantar Ke PPKL' when (`markah_modul`.`status_isi_markah` = 8) then 'Dikembalikan oleh PPKL' when (`markah_modul`.`status_isi_markah` = 7) then 'Disahkan oleh PPKL' end) AS `status_penghantaran`,`pelatih`.`id_kursus` AS `id_kursus`,`settings_tawaran_kursus`.`id_kursus` AS `id_ref_kursus`,`settings_tawaran_kursus`.`id_giatmara` AS `id_giatmara`,`settings_tawaran_kursus`.`id_intake` AS `id_intake`,`ref_modul`.`id_modul` AS `id_modul`,`pelatih`.`id_pelatih` AS `id_pelatih`,`pelatih`.`jenis_pelatih` AS `jenis_pelatih`,`markah_modul`.`id` AS `id_markah_modul`,`permohonan_butir_peribadi`.`id` AS `id_permohonan_butir_peribadi`,`pelatih`.`id_permohonan` AS `id_permohonan` from ((((((((`permohonan_butir_peribadi` join `pelatih` on((`pelatih`.`id_permohonan` = `permohonan_butir_peribadi`.`id`))) join `settings_tawaran_kursus` on(((`pelatih`.`id_kursus` = `settings_tawaran_kursus`.`id`) and (`pelatih`.`id_giatmara` = `settings_tawaran_kursus`.`id_giatmara`)))) join `ref_modul` on((`settings_tawaran_kursus`.`id_kursus` = `ref_modul`.`id_kursus`))) left join `markah_modul` on(((`markah_modul`.`id_pelatih` = `pelatih`.`id_pelatih`) and (`pelatih`.`id_kursus` = `markah_modul`.`id_kursus`) and (`ref_modul`.`id_modul` = `markah_modul`.`id_modul`)))) join `ref_giatmara` on((`settings_tawaran_kursus`.`id_giatmara` = `ref_giatmara`.`id`))) join `ref_kursus` on((`settings_tawaran_kursus`.`id_kursus` = `ref_kursus`.`id`))) join `ref_intake` on((`settings_tawaran_kursus`.`id_intake` = `ref_intake`.`id`))) left join `ref_keterampilan` on(((`markah_modul`.`markah` >= `ref_keterampilan`.`markah_min`) and (`markah_modul`.`markah` <= `ref_keterampilan`.`markah_max`)))) ;

-- ----------------------------
-- View structure for v_kurikulum_p1_screen2_header
-- ----------------------------
DROP VIEW IF EXISTS `v_kurikulum_p1_screen2_header`;
CREATE ALGORITHM=UNDEFINED DEFINER=`gspeluser`@`%` SQL SECURITY DEFINER VIEW `v_kurikulum_p1_screen2_header` AS select `ref_kursus`.`nama_kursus` AS `nama_kursus`,`ref_kursus`.`kod_kursus` AS `kod_kursus`,`ref_modul`.`kod_modul` AS `kod_modul`,`ref_modul`.`nama_modul` AS `nama_modul`,`ref_modul`.`jam_kredit` AS `jam_kredit`,`ref_modul`.`pam_peratus` AS `persen_pam`,`ref_modul`.`pb_peratus` AS `persen_pb`,`ref_modul`.`pb_teori` AS `persen_pb_teori`,`ref_modul`.`pb_praktikal` AS `persen_pb_praktikal`,`ref_modul`.`pam_teori` AS `persen_pam_teori`,`ref_modul`.`pam_praktikal` AS `persen_pam_praktikal`,count(`pelatih`.`id_pelatih`) AS `jumlah_pelatih`,sum((case when (`markah_modul`.`status_isi_markah` = 0) then 1 else 0 end)) AS `belum_isi`,sum((case when (`markah_modul`.`status_isi_markah` = 1) then 1 else 0 end)) AS `telah_disimpan`,sum((case when (`markah_modul`.`status_isi_markah` = 2) then 1 else 0 end)) AS `hantar_ke_pengurus`,sum((case when (`markah_modul`.`status_isi_markah` = 3) then 1 else 0 end)) AS `dikembalikan`,sum((case when (`markah_modul`.`status_isi_markah` = 4) then 1 else 0 end)) AS `hantar_ke_pgn`,sum((case when (`markah_modul`.`status_isi_markah` = 5) then 1 else 0 end)) AS `pgn_dikembalikan`,sum((case when (`markah_modul`.`status_isi_markah` = 6) then 1 else 0 end)) AS `hantar_ke_ppkl`,sum((case when (`markah_modul`.`status_isi_markah` = 7) then 1 else 0 end)) AS `disahkan_oleh_ppkl`,sum((case when (`markah_modul`.`status_isi_markah` = 8) then 1 else 0 end)) AS `dikembalikan_oleh_ppkl`,`settings_tawaran_kursus`.`id_kursus` AS `id_kursus`,`settings_tawaran_kursus`.`id` AS `id_set`,`settings_tawaran_kursus`.`status` AS `status`,`ref_modul`.`id_modul` AS `id_modul`,`settings_tawaran_kursus`.`id_giatmara` AS `id_giatmara`,`ref_intake`.`nama_intake` AS `sesi`,`settings_tawaran_kursus`.`id_intake` AS `id_intake` from (((((`settings_tawaran_kursus` left join `pelatih` on(((`pelatih`.`id_kursus` = `settings_tawaran_kursus`.`id`) and (`settings_tawaran_kursus`.`id_giatmara` = `pelatih`.`id_giatmara`)))) join `ref_kursus` on((`settings_tawaran_kursus`.`id_kursus` = `ref_kursus`.`id`))) join `ref_modul` on((`settings_tawaran_kursus`.`id_kursus` = `ref_modul`.`id_kursus`))) join `ref_intake` on((`ref_intake`.`id` = `settings_tawaran_kursus`.`id_intake`))) left join `markah_modul` on(((`markah_modul`.`id_pelatih` = `pelatih`.`id_pelatih`) and (`settings_tawaran_kursus`.`id` = `markah_modul`.`id_kursus`) and (`ref_modul`.`id_modul` = `markah_modul`.`id_modul`)))) group by `settings_tawaran_kursus`.`id_kursus`,`settings_tawaran_kursus`.`id_giatmara`,`ref_kursus`.`nama_kursus`,`ref_kursus`.`kod_kursus`,`ref_modul`.`kod_modul`,`ref_modul`.`nama_modul`,`ref_modul`.`jam_kredit`,`ref_modul`.`id_modul`,`settings_tawaran_kursus`.`id` ;

-- ----------------------------
-- View structure for v_kurikulum_p1_screen4_detail
-- ----------------------------
DROP VIEW IF EXISTS `v_kurikulum_p1_screen4_detail`;
CREATE ALGORITHM=UNDEFINED DEFINER=`gspeluser`@`%` SQL SECURITY DEFINER VIEW `v_kurikulum_p1_screen4_detail` AS select `permohonan_butir_peribadi`.`nama_penuh` AS `nama_penuh`,`permohonan_butir_peribadi`.`no_mykad` AS `no_mykad`,`pelatih`.`no_mykad` AS `no_pelatih`,`ref_giatmara`.`nama_giatmara` AS `nama_giatmara`,`ref_kursus`.`nama_kursus` AS `nama_kursus`,`ref_kursus`.`jenis_kursus` AS `jenis_kursus`,`ref_intake`.`nama_intake` AS `nama_intake`,`markah_modul_2`.`tarikh_hantar_pengajar` AS `tarikh_hantar_pengajar`,`markah_modul_2`.`catatan_pengurus` AS `catatan_pengurus`,`markah_modul_2`.`catatan_pgn` AS `catatan_pgn`,`markah_modul_2`.`catatan_ppkl` AS `catatan_ppkl`,`markah_modul_2`.`gcpa` AS `gcpa`,(select `t1`.`tahap_keterampilan` from `ref_keterampilan` `t1` where (`t1`.`poin_keterampilan` = (select max(`t0`.`poin_keterampilan`) from `ref_keterampilan` `t0` where (`t0`.`poin_keterampilan` <= `markah_modul_2`.`gcpa`))) limit 1) AS `tahap_keterampilan`,`markah_modul_2`.`status_isi_markah` AS `status_isi_markah`,`markah_modul_2`.`kokurikulum` AS `kokurikulum`,`markah_modul_2`.`literasi_komputer` AS `literasi_komputer`,`markah_modul_2`.`keusahawanan` AS `keusahawanan`,`markah_modul_2`.`puji` AS `puji`,`markah_modul_2`.`kehadiran` AS `kehadiran`,`markah_modul_2`.`latihan_industri` AS `latihan_industri`,(case when (`markah_modul_2`.`status_isi_markah` = 0) then 'Belum Isi' when (`markah_modul_2`.`status_isi_markah` = 1) then 'Telah Disimpan' when (`markah_modul_2`.`status_isi_markah` = 2) then 'Hantar Ke Pengurus' when (`markah_modul_2`.`status_isi_markah` = 3) then 'Dikembalikan oleh Pengurus' when (`markah_modul_2`.`status_isi_markah` = 4) then 'Hantar Ke PGN' when (`markah_modul_2`.`status_isi_markah` = 5) then 'Dikembalikan oleh PGN' when (`markah_modul_2`.`status_isi_markah` = 6) then 'Hantar Ke PPKL' when (`markah_modul_2`.`status_isi_markah` = 8) then 'Dikembalikan oleh PPKL' when (`markah_modul_2`.`status_isi_markah` = 7) then 'Disahkan oleh PPKL' end) AS `status_penghantaran`,`settings_tawaran_kursus`.`id` AS `id_kursus`,`settings_tawaran_kursus`.`id_kursus` AS `id_ref_kursus`,`settings_tawaran_kursus`.`id_giatmara` AS `id_giatmara`,`settings_tawaran_kursus`.`id_intake` AS `id_intake`,`pelatih`.`id_pelatih` AS `id_pelatih`,`pelatih`.`jenis_pelatih` AS `jenis_pelatih`,`markah_modul_2`.`id` AS `id_markah_modul_2`,`permohonan_butir_peribadi`.`id` AS `id_permohonan_butir_peribadi`,`pelatih`.`id_permohonan` AS `id_permohonan`,sum((case when ((`markah_modul`.`markah` >= 60) and `markah_modul`.`id_kursus`) then 1 else 0 end)) AS `terampilya`,sum((case when ((`markah_modul`.`markah` < 60) and `markah_modul`.`id_kursus`) then 1 else 0 end)) AS `terampiltidak`,(case when (`ref_kursus`.`jenis_kursus` = 'b') then (case when ((sum((case when (`markah_modul`.`markah` >= 60) then 1 else 0 end)) = count(`markah_modul`.`id_kursus`)) and (`markah_modul_2`.`gcpa` >= 2) and (`markah_modul_2`.`kehadiran` >= 80) and (`markah_modul_2`.`puji` = 0)) then 1 else 0 end) else 0 end) AS `spgm`,(case when (`ref_kursus`.`jenis_kursus` = 'b') then (case when ((sum((case when (`markah_modul`.`markah` >= 60) then 1 else 0 end)) between 1 and (count(`markah_modul`.`id_kursus`) - 1)) and (`markah_modul_2`.`gcpa` >= 2) and (`markah_modul_2`.`kehadiran` >= 80) and (`markah_modul_2`.`puji` = 0)) then 1 else 0 end) else 0 end) AS `skgm`,(case when (`ref_kursus`.`jenis_kursus` = 'b') then (case when ((sum((case when (`markah_modul`.`markah` >= 60) then 1 else 0 end)) = count(`markah_modul`.`id_kursus`)) and (`markah_modul_2`.`gcpa` >= 3.7) and (`markah_modul_2`.`kehadiran` >= 90) and (`markah_modul_2`.`puji` = 0)) then 1 else 0 end) else 0 end) AS `saegm`,(case when (`ref_kursus`.`jenis_kursus` = 'a') then (case when ((sum((case when (`markah_modul`.`markah` >= 60) then 1 else 0 end)) = count(`markah_modul`.`id_kursus`)) and (`markah_modul_2`.`gcpa` >= 2.7) and (`markah_modul_2`.`kehadiran` >= 90) and (`markah_modul_2`.`puji` = 0)) then 1 else 0 end) else 0 end) AS `sklgm` from (((((((`permohonan_butir_peribadi` left join `pelatih` on((`pelatih`.`id_permohonan` = `permohonan_butir_peribadi`.`id`))) left join `settings_tawaran_kursus` on(((`pelatih`.`id_kursus` = `settings_tawaran_kursus`.`id`) and (`pelatih`.`id_giatmara` = `settings_tawaran_kursus`.`id_giatmara`)))) left join `ref_giatmara` on((`ref_giatmara`.`id` = `settings_tawaran_kursus`.`id_giatmara`))) left join `ref_kursus` on((`ref_kursus`.`id` = `settings_tawaran_kursus`.`id_kursus`))) left join `ref_intake` on((`ref_intake`.`id` = `settings_tawaran_kursus`.`id_intake`))) left join `markah_modul_2` on(((`pelatih`.`id_pelatih` = `markah_modul_2`.`id_pelatih`) and (`pelatih`.`id_kursus` = `markah_modul_2`.`id_kursus`)))) left join `markah_modul` on(((`pelatih`.`id_pelatih` = `markah_modul`.`id_pelatih`) and (`pelatih`.`id_kursus` = `markah_modul`.`id_kursus`)))) group by `permohonan_butir_peribadi`.`nama_penuh`,`permohonan_butir_peribadi`.`no_mykad`,`pelatih`.`no_pelatih`,`ref_giatmara`.`nama_giatmara`,`ref_kursus`.`nama_kursus`,`ref_kursus`.`jenis_kursus`,`ref_intake`.`nama_intake`,`markah_modul_2`.`tarikh_hantar_pengajar`,`markah_modul_2`.`gcpa`,`tahap_keterampilan`,`markah_modul_2`.`status_isi_markah`,`markah_modul_2`.`kokurikulum`,`markah_modul_2`.`literasi_komputer`,`markah_modul_2`.`keusahawanan`,`markah_modul_2`.`puji`,`markah_modul_2`.`kehadiran`,`markah_modul_2`.`latihan_industri`,`status_penghantaran`,`id_kursus`,`settings_tawaran_kursus`.`id_giatmara`,`settings_tawaran_kursus`.`id_intake`,`pelatih`.`jenis_pelatih`,`id_markah_modul_2`,`id_permohonan_butir_peribadi`,`pelatih`.`id_permohonan`,`pelatih`.`id_pelatih` ;

-- ----------------------------
-- View structure for v_kurikulum_p1_screen4_header
-- ----------------------------
DROP VIEW IF EXISTS `v_kurikulum_p1_screen4_header`;
CREATE ALGORITHM=UNDEFINED DEFINER=`gspeluser`@`%` SQL SECURITY DEFINER VIEW `v_kurikulum_p1_screen4_header` AS select `ref_kursus`.`nama_kursus` AS `nama_kursus`,`ref_kursus`.`kod_kursus` AS `kod_kursus`,`ref_modul`.`kod_modul` AS `kod_modul`,`ref_modul`.`nama_modul` AS `nama_modul`,`ref_modul`.`jam_kredit` AS `jam_kredit`,count(`pelatih`.`id_pelatih`) AS `jumlah_pelatih`,sum((case when (`markah_modul_2`.`status_isi_markah` = 0) then 1 else 0 end)) AS `belum_isi`,sum((case when (`markah_modul_2`.`status_isi_markah` = 1) then 1 else 0 end)) AS `telah_disimpan`,sum((case when (`markah_modul_2`.`status_isi_markah` = 2) then 1 else 0 end)) AS `hantar_ke_pengurus`,sum((case when (`markah_modul_2`.`status_isi_markah` = 3) then 1 else 0 end)) AS `dikembalikan`,sum((case when (`markah_modul_2`.`status_isi_markah` = 4) then 1 else 0 end)) AS `hantar_ke_pgn`,sum((case when (`markah_modul_2`.`status_isi_markah` = 5) then 1 else 0 end)) AS `dikembalikan_oleh_pgn`,sum((case when (`markah_modul_2`.`status_isi_markah` = 6) then 1 else 0 end)) AS `hantar_ke_ppkl`,sum((case when (`markah_modul_2`.`status_isi_markah` = 7) then 1 else 0 end)) AS `disahkan_oleh_ppkl`,sum((case when (`markah_modul_2`.`status_isi_markah` = 8) then 1 else 0 end)) AS `dikembalikan_oleh_ppkl`,`settings_tawaran_kursus`.`id` AS `id_kursus`,`ref_modul`.`id_modul` AS `id_modul`,`settings_tawaran_kursus`.`id_giatmara` AS `id_giatmara`,`ref_kursus`.`id` AS `id_ref_kursus` from ((((`settings_tawaran_kursus` join `pelatih` on(((`pelatih`.`id_kursus` = `settings_tawaran_kursus`.`id`) and (`settings_tawaran_kursus`.`id_giatmara` = `pelatih`.`id_giatmara`)))) join `ref_kursus` on((`settings_tawaran_kursus`.`id_kursus` = `ref_kursus`.`id`))) join `ref_modul` on((`settings_tawaran_kursus`.`id_kursus` = `ref_modul`.`id_kursus`))) left join `markah_modul_2` on(((`markah_modul_2`.`id_pelatih` = `pelatih`.`id_pelatih`) and (`settings_tawaran_kursus`.`id` = `markah_modul_2`.`id_kursus`)))) group by `settings_tawaran_kursus`.`id`,`settings_tawaran_kursus`.`id_giatmara`,`ref_kursus`.`nama_kursus`,`ref_kursus`.`kod_kursus`,`ref_modul`.`kod_modul`,`ref_modul`.`nama_modul`,`ref_modul`.`jam_kredit`,`ref_modul`.`id_modul`,`ref_kursus`.`id` ;

-- ----------------------------
-- View structure for v_kurikulum_p2_screen6
-- ----------------------------
DROP VIEW IF EXISTS `v_kurikulum_p2_screen6`;
CREATE ALGORITHM=UNDEFINED DEFINER=`gspeluser`@`%` SQL SECURITY DEFINER VIEW `v_kurikulum_p2_screen6` AS select `ref_kursus`.`nama_kursus` AS `nama_kursus`,`ref_kursus`.`jenis_kursus` AS `jenis_kursus`,`permohonan_butir_peribadi`.`nama_penuh` AS `nama_penuh`,`permohonan_butir_peribadi`.`no_mykad` AS `no_mykad`,`pelatih`.`no_pelatih` AS `no_pelatih`,`markah_modul_2`.`gcpa` AS `gcpa`,`markah_modul_2`.`puji` AS `puji`,`markah_modul_2`.`catatan_pengurus` AS `catatan_pengurus`,`markah_modul_2`.`catatan_pgn` AS `catatan_pgn`,`markah_modul_2`.`catatan_ppkl` AS `catatan_ppkl`,`markah_modul_2`.`kehadiran` AS `kehadiran`,concat(sum((case when ((`markah_modul`.`status_isi_markah` = 2) or (`markah_modul`.`status_isi_markah` = 4) or (`markah_modul`.`status_isi_markah` = 6) or (`markah_modul`.`status_isi_markah` = 7)) then 1 else 0 end)),'/',count(`markah_modul`.`id`)) AS `jumlah_modul_dihantar`,(sum((case when ((`markah_modul`.`status_isi_markah` = 2) or (`markah_modul`.`status_isi_markah` = 4) or (`markah_modul`.`status_isi_markah` = 6) or (`markah_modul`.`status_isi_markah` = 7)) then 1 else 0 end)) = count(`markah_modul`.`id`)) AS `bahagian_a`,((`markah_modul_2`.`status_isi_markah` = 2) or (`markah_modul_2`.`status_isi_markah` = 4) or (`markah_modul_2`.`status_isi_markah` = 6) or (`markah_modul_2`.`status_isi_markah` = 7)) AS `bahagian_b`,`markah_modul_2`.`status_isi_markah` AS `status_isi_markah`,`permohonan_butir_peribadi`.`id` AS `id_permohonan_butir_peribadi`,`pelatih`.`id_permohonan` AS `id_permohonan`,`pelatih`.`id_pelatih` AS `id_pelatih`,`pelatih`.`id_kursus` AS `id_kursus`,`markah_modul_2`.`id` AS `id_markah_modul2`,`settings_tawaran_kursus`.`id_kursus` AS `id_ref_kursus`,`markah_modul_status`.`id` AS `id_pengurus_sah`,`markah_modul_status`.`smgm` AS `smgm`,`markah_modul_status`.`spgm` AS `spgm1`,`markah_modul_status`.`sklgm` AS `sklgm1`,`markah_modul_status`.`saegm` AS `saegm1`,`markah_modul_status`.`skgm` AS `skgm1`,`markah_modul_status`.`pengurus_sah` AS `pengurus_sah`,`markah_modul_status`.`pgn_sah` AS `pgn_sah`,`markah_modul_status`.`ppkl_sah` AS `ppkl_sah`,`settings_tawaran_kursus`.`id_giatmara` AS `id_giatmara`,`settings_tawaran_kursus`.`id_intake` AS `id_intake`,sum((case when ((`markah_modul`.`markah` >= 60) and `markah_modul`.`id_kursus`) then 1 else 0 end)) AS `terampilya`,sum((case when ((`markah_modul`.`markah` < 60) and `markah_modul`.`id_kursus`) then 1 else 0 end)) AS `terampiltidak`,(case when (`ref_kursus`.`jenis_kursus` = 'b') then (case when ((sum((case when (`markah_modul`.`markah` >= 60) then 1 else 0 end)) = count(`markah_modul`.`id_kursus`)) and (`markah_modul_2`.`gcpa` >= 2) and (`markah_modul_2`.`kehadiran` >= 80) and (`markah_modul_2`.`puji` = 0)) then 1 else 0 end) else 0 end) AS `spgm`,(case when (`ref_kursus`.`jenis_kursus` = 'b') then (case when ((sum((case when (`markah_modul`.`markah` >= 60) then 1 else 0 end)) between 1 and (count(`markah_modul`.`id_kursus`) - 1)) and (`markah_modul_2`.`gcpa` >= 2) and (`markah_modul_2`.`kehadiran` >= 80) and (`markah_modul_2`.`puji` = 0)) then 1 else 0 end) else 0 end) AS `skgm`,(case when (`ref_kursus`.`jenis_kursus` = 'b') then (case when ((sum((case when (`markah_modul`.`markah` >= 60) then 1 else 0 end)) = count(`markah_modul`.`id_kursus`)) and (`markah_modul_2`.`gcpa` >= 3.7) and (`markah_modul_2`.`kehadiran` >= 90) and (`markah_modul_2`.`puji` = 0)) then 1 else 0 end) else 0 end) AS `saegm`,(case when (`ref_kursus`.`jenis_kursus` = 'a') then (case when ((sum((case when (`markah_modul`.`markah` >= 60) then 1 else 0 end)) = count(`markah_modul`.`id_kursus`)) and (`markah_modul_2`.`gcpa` >= 2.7) and (`markah_modul_2`.`kehadiran` >= 90) and (`markah_modul_2`.`puji` = 0)) then 1 else 0 end) else 0 end) AS `sklgm` from ((((((`permohonan_butir_peribadi` join `pelatih` on((`pelatih`.`id_permohonan` = `permohonan_butir_peribadi`.`id`))) left join `markah_modul_status` on((`pelatih`.`id_pelatih` = `markah_modul_status`.`id_pelatih`))) join `settings_tawaran_kursus` on(((`settings_tawaran_kursus`.`id` = `pelatih`.`id_kursus`) and (`settings_tawaran_kursus`.`id_giatmara` = `pelatih`.`id_giatmara`)))) join `ref_kursus` on((`ref_kursus`.`id` = `settings_tawaran_kursus`.`id_kursus`))) left join `markah_modul_2` on(((`pelatih`.`id_pelatih` = `markah_modul_2`.`id_pelatih`) and (`pelatih`.`id_kursus` = `markah_modul_2`.`id_kursus`)))) left join `markah_modul` on(((`markah_modul`.`id_pelatih` = `pelatih`.`id_pelatih`) and (`pelatih`.`id_kursus` = `markah_modul`.`id_kursus`)))) group by `ref_kursus`.`nama_kursus`,`permohonan_butir_peribadi`.`nama_penuh`,`permohonan_butir_peribadi`.`no_mykad`,`pelatih`.`no_pelatih`,`markah_modul_2`.`gcpa`,`markah_modul_2`.`kehadiran`,`pelatih`.`id_kursus`,`markah_modul_2`.`status_isi_markah`,`permohonan_butir_peribadi`.`id`,`pelatih`.`id_permohonan`,`pelatih`.`id_pelatih`,`pelatih`.`id_kursus`,`markah_modul_2`.`id`,`settings_tawaran_kursus`.`id_kursus`,`markah_modul_status`.`pengurus_sah`,`markah_modul_status`.`id`,`markah_modul_2`.`puji`,`markah_modul_status`.`smgm` ;

-- ----------------------------
-- View structure for v_kurikulum_p2_screen7_a
-- ----------------------------
DROP VIEW IF EXISTS `v_kurikulum_p2_screen7_a`;
CREATE ALGORITHM=UNDEFINED DEFINER=`gspeluser`@`%` SQL SECURITY DEFINER VIEW `v_kurikulum_p2_screen7_a` AS select concat(`ref_modul`.`kod_modul`,' ',`ref_modul`.`nama_modul`) AS `nama_modul`,`ref_modul`.`kod_modul` AS `kod_modul`,`ref_modul`.`id_modul` AS `id_modul`,`markah_modul`.`pb_teori` AS `pb_teori`,`markah_modul`.`pb_amali` AS `pb_amali`,`markah_modul`.`pam_teori` AS `pam_teori`,`markah_modul`.`pam_amali` AS `pam_amali`,`markah_modul`.`markah` AS `markah`,`markah_modul`.`status_isi_markah` AS `status_isi_markah`,`markah_modul`.`catatan_pengurus` AS `catatan_pengurus`,`markah_modul`.`catatan_pgn` AS `catatan_pgn`,`markah_modul`.`catatan_ppkl` AS `catatan_ppkl`,`permohonan_butir_peribadi`.`id` AS `id_permohonan_butir_peribadi`,`pelatih`.`id_permohonan` AS `id_permohonan`,`pelatih`.`id_pelatih` AS `id_pelatih`,`pelatih`.`id_kursus` AS `id_kursus`,`settings_tawaran_kursus`.`id_kursus` AS `id_ref_kursus`,`ref_status_markah`.`desc_status` AS `desc_status` from (((((`permohonan_butir_peribadi` join `pelatih` on((`pelatih`.`id_permohonan` = `permohonan_butir_peribadi`.`id`))) join `settings_tawaran_kursus` on(((`pelatih`.`id_kursus` = `settings_tawaran_kursus`.`id`) and (`pelatih`.`id_giatmara` = `settings_tawaran_kursus`.`id_giatmara`)))) join `ref_modul` on((`settings_tawaran_kursus`.`id_kursus` = `ref_modul`.`id_kursus`))) join `markah_modul` on(((`markah_modul`.`id_pelatih` = `pelatih`.`id_pelatih`) and (`markah_modul`.`id_kursus` = `pelatih`.`id_kursus`) and (`ref_modul`.`id_modul` = `markah_modul`.`id_modul`)))) left join `ref_status_markah` on((`ref_status_markah`.`kod_status` = `markah_modul`.`status_isi_markah`))) ;

-- ----------------------------
-- View structure for v_kurikulum_p2_screen7_b
-- ----------------------------
DROP VIEW IF EXISTS `v_kurikulum_p2_screen7_b`;
CREATE ALGORITHM=UNDEFINED DEFINER=`gspeluser`@`%` SQL SECURITY DEFINER VIEW `v_kurikulum_p2_screen7_b` AS select `ref_intake`.`nama_intake` AS `sesi`,`ref_kursus`.`tempoh_industri` AS `tempoh_industri`,`ref_intake`.`id` AS `id_intake`,`permohonan_butir_peribadi`.`nama_penuh` AS `nama_penuh`,`permohonan_butir_peribadi`.`no_mykad` AS `no_mykad`,`pelatih`.`no_pelatih` AS `no_pelatih`,`markah_modul_2`.`status_isi_markah` AS `status_isi_markah`,`markah_modul_2`.`gcpa` AS `gcpa`,(select `t1`.`tahap_keterampilan` from `ref_keterampilan` `t1` where (`t1`.`poin_keterampilan` = (select max(`t0`.`poin_keterampilan`) from `ref_keterampilan` `t0` where (`t0`.`poin_keterampilan` <= `markah_modul_2`.`gcpa`))) limit 1) AS `tahap_keterampilan`,`markah_modul_2`.`kehadiran` AS `kehadiran`,`markah_modul_2`.`kokurikulum` AS `kokurikulum`,`markah_modul_2`.`literasi_komputer` AS `literasi_komputer`,`markah_modul_2`.`keusahawanan` AS `keusahawanan`,`markah_modul_2`.`puji` AS `puji`,`markah_modul_2`.`latihan_industri` AS `latihan_industri`,'' AS `anugerah_sijil`,`markah_modul_2`.`catatan_pengurus` AS `catatan_pengurus`,`markah_modul_2`.`catatan_pgn` AS `catatan_pgn`,`markah_modul_2`.`catatan_ppkl` AS `catatan_ppkl`,`permohonan_butir_peribadi`.`id` AS `id_permohonan_butir_peribadi`,`pelatih`.`id_permohonan` AS `id_permohonan`,`pelatih`.`id_pelatih` AS `id_pelatih`,`pelatih`.`id_kursus` AS `id_kursus`,`settings_tawaran_kursus`.`id_kursus` AS `id_ref_kursus`,`ref_status_markah`.`desc_status` AS `desc_status` from ((((((`permohonan_butir_peribadi` join `pelatih` on((`pelatih`.`id_permohonan` = `permohonan_butir_peribadi`.`id`))) join `markah_modul_2` on(((`pelatih`.`id_pelatih` = `markah_modul_2`.`id_pelatih`) and (`pelatih`.`id_kursus` = `markah_modul_2`.`id_kursus`)))) left join `ref_status_markah` on((`ref_status_markah`.`kod_status` = `markah_modul_2`.`status_isi_markah`))) join `settings_tawaran_kursus` on(((`pelatih`.`id_kursus` = `settings_tawaran_kursus`.`id`) and (`pelatih`.`id_giatmara` = `settings_tawaran_kursus`.`id_giatmara`)))) join `ref_intake` on((`ref_intake`.`id` = `settings_tawaran_kursus`.`id_intake`))) join `ref_kursus` on((`ref_kursus`.`id` = `settings_tawaran_kursus`.`id_kursus`))) ;

-- ----------------------------
-- View structure for v_kurikulum_p3_screen4_detail
-- ----------------------------
DROP VIEW IF EXISTS `v_kurikulum_p3_screen4_detail`;
CREATE ALGORITHM=UNDEFINED DEFINER=`gspeluser`@`%` SQL SECURITY DEFINER VIEW `v_kurikulum_p3_screen4_detail` AS select `permohonan_butir_peribadi`.`nama_penuh` AS `nama_penuh`,`permohonan_butir_peribadi`.`no_mykad` AS `no_mykad`,`pelatih`.`no_mykad` AS `no_pelatih`,`markah_modul`.`tarikh_hantar_pengajar` AS `tarikh_hantar_pengajar`,`markah_modul`.`pb_teori` AS `pb_teori`,`markah_modul`.`pb_amali` AS `pb_amali`,`markah_modul`.`pam_teori` AS `pam_teori`,`markah_modul`.`pam_amali` AS `pam_amali`,`markah_modul`.`markah` AS `markah`,`ref_keterampilan`.`gred_keterampilan` AS `gred_keterampilan`,`ref_keterampilan`.`gredpoin_keterampilan` AS `gredpoin_keterampilan`,`ref_keterampilan`.`poin_keterampilan` AS `poin_keterampilan`,`ref_keterampilan`.`tahap_keterampilan` AS `tahap_keterampilan`,(case when (`markah_modul`.`status_isi_markah` = 0) then 'Belum Isi' when (`markah_modul`.`status_isi_markah` = 1) then 'Telah Disimpan' when (`markah_modul`.`status_isi_markah` = 2) then 'Hantar ke Pengurus' when (`markah_modul`.`status_isi_markah` = 3) then 'Dikembalikan' end) AS `status_penghantaran` from (((`permohonan_butir_peribadi` left join `pelatih` on((`permohonan_butir_peribadi`.`id` = `pelatih`.`id_permohonan`))) left join `markah_modul` on((`pelatih`.`id_kursus` = `markah_modul`.`id_kursus`))) left join `ref_keterampilan` on((`markah_modul`.`markah` between `ref_keterampilan`.`markah_min` and `ref_keterampilan`.`markah_max`))) ;

-- ----------------------------
-- View structure for v_kurikulum_p3_screen4_header
-- ----------------------------
DROP VIEW IF EXISTS `v_kurikulum_p3_screen4_header`;
CREATE ALGORITHM=UNDEFINED DEFINER=`gspeluser`@`%` SQL SECURITY DEFINER VIEW `v_kurikulum_p3_screen4_header` AS select `ref_kursus`.`nama_kursus` AS `nama_kursus`,`ref_kursus`.`kod_kursus` AS `kod_kursus`,`ref_modul`.`kod_modul` AS `kod_modul`,`ref_modul`.`nama_modul` AS `nama_modul`,`ref_modul`.`jam_kredit` AS `jam_kredit`,`pelatih`.`jenis_pelatih` AS `jenis_pelatih`,`ref_modul`.`id_kursus` AS `id_kursus`,`ref_modul`.`id_modul` AS `id_modul` from (((`ref_modul` join `ref_kursus` on((`ref_modul`.`id_kursus` = `ref_kursus`.`id`))) left join `pelatih` on((`ref_modul`.`id_kursus` = `pelatih`.`id_kursus`))) left join `markah_modul` on((`ref_modul`.`id_modul` = `markah_modul`.`id_modul`))) ;

-- ----------------------------
-- View structure for v_kurikulum_p3_screen6
-- ----------------------------
DROP VIEW IF EXISTS `v_kurikulum_p3_screen6`;
CREATE ALGORITHM=UNDEFINED DEFINER=`gspeluser`@`%` SQL SECURITY DEFINER VIEW `v_kurikulum_p3_screen6` AS select `ref_kursus`.`nama_kursus` AS `nama_kursus`,`permohonan_butir_peribadi`.`nama_penuh` AS `nama_penuh`,`permohonan_butir_peribadi`.`no_mykad` AS `no_mykad`,`pelatih`.`no_pelatih` AS `no_pelatih`,`markah_modul_2`.`gcpa` AS `gcpa`,`markah_modul_2`.`kehadiran` AS `kehadiran`,concat(sum((case when (`markah_modul`.`status_isi_markah` = 4) then 1 else 0 end)),'/',count(`markah_modul`.`id`)) AS `jumlah_modul_dihantar`,(sum((case when (`markah_modul`.`status_isi_markah` = 4) then 1 else 0 end)) = count(`markah_modul`.`id`)) AS `bahagian_a`,(`markah_modul_2`.`status_isi_markah` = 4) AS `bahagian_b`,`markah_modul_2`.`status_isi_markah` AS `status_isi_markah`,`permohonan_butir_peribadi`.`id` AS `id_permohonan_butir_peribadi`,`pelatih`.`id_permohonan` AS `id_permohonan`,`pelatih`.`id_pelatih` AS `id_pelatih`,`pelatih`.`id_kursus` AS `id_kursus`,`markah_modul_2`.`id` AS `id_markah_modul2`,`settings_tawaran_kursus`.`id_kursus` AS `id_ref_kursus`,`markah_modul_status`.`id` AS `id_pengurus_sah`,`markah_modul_status`.`pengurus_sah` AS `pengurus_sah`,`settings_tawaran_kursus`.`id_giatmara` AS `id_giatmara`,`settings_tawaran_kursus`.`id_intake` AS `id_intake` from ((((((`permohonan_butir_peribadi` join `pelatih` on((`pelatih`.`id_permohonan` = `permohonan_butir_peribadi`.`id`))) left join `markah_modul_status` on((`pelatih`.`id_pelatih` = `markah_modul_status`.`id_pelatih`))) join `settings_tawaran_kursus` on(((`settings_tawaran_kursus`.`id` = `pelatih`.`id_kursus`) and (`settings_tawaran_kursus`.`id_giatmara` = `pelatih`.`id_giatmara`)))) join `ref_kursus` on((`ref_kursus`.`id` = `settings_tawaran_kursus`.`id_kursus`))) left join `markah_modul_2` on(((`pelatih`.`id_pelatih` = `markah_modul_2`.`id_pelatih`) and (`pelatih`.`id_kursus` = `markah_modul_2`.`id_kursus`)))) left join `markah_modul` on(((`markah_modul`.`id_pelatih` = `pelatih`.`id_pelatih`) and (`pelatih`.`id_kursus` = `markah_modul`.`id_kursus`)))) group by `ref_kursus`.`nama_kursus`,`permohonan_butir_peribadi`.`nama_penuh`,`permohonan_butir_peribadi`.`no_mykad`,`pelatih`.`no_pelatih`,`markah_modul_2`.`gcpa`,`markah_modul_2`.`kehadiran`,`pelatih`.`id_kursus`,`markah_modul_2`.`status_isi_markah`,`permohonan_butir_peribadi`.`id`,`pelatih`.`id_permohonan`,`pelatih`.`id_pelatih`,`pelatih`.`id_kursus`,`markah_modul_2`.`id`,`settings_tawaran_kursus`.`id_kursus`,`markah_modul_status`.`pengurus_sah`,`markah_modul_status`.`id` ;

-- ----------------------------
-- View structure for v_kurikulum_p4_screen6
-- ----------------------------
DROP VIEW IF EXISTS `v_kurikulum_p4_screen6`;
CREATE ALGORITHM=UNDEFINED DEFINER=`gspeluser`@`%` SQL SECURITY DEFINER VIEW `v_kurikulum_p4_screen6` AS select `ref_kursus`.`nama_kursus` AS `nama_kursus`,`permohonan_butir_peribadi`.`nama_penuh` AS `nama_penuh`,`permohonan_butir_peribadi`.`no_mykad` AS `no_mykad`,`pelatih`.`no_pelatih` AS `no_pelatih`,`markah_modul_2`.`gcpa` AS `gcpa`,`markah_modul_2`.`kehadiran` AS `kehadiran`,concat(sum((case when (`markah_modul`.`status_isi_markah` = 6) then 1 else 0 end)),'/',count(`markah_modul`.`id`)) AS `jumlah_modul_dihantar`,(sum((case when (`markah_modul`.`status_isi_markah` = 6) then 1 else 0 end)) = count(`markah_modul`.`id`)) AS `bahagian_a`,(`markah_modul_2`.`status_isi_markah` = 6) AS `bahagian_b`,`markah_modul_2`.`status_isi_markah` AS `status_isi_markah`,`permohonan_butir_peribadi`.`id` AS `id_permohonan_butir_peribadi`,`pelatih`.`id_permohonan` AS `id_permohonan`,`pelatih`.`id_pelatih` AS `id_pelatih`,`pelatih`.`id_kursus` AS `id_kursus`,`markah_modul_2`.`id` AS `id_markah_modul2`,`settings_tawaran_kursus`.`id_kursus` AS `id_ref_kursus`,`markah_modul_status`.`id` AS `id_pengurus_sah`,`markah_modul_status`.`pengurus_sah` AS `pengurus_sah`,`settings_tawaran_kursus`.`id_giatmara` AS `id_giatmara`,`settings_tawaran_kursus`.`id_intake` AS `id_intake` from ((((((`permohonan_butir_peribadi` join `pelatih` on((`pelatih`.`id_permohonan` = `permohonan_butir_peribadi`.`id`))) left join `markah_modul_status` on((`pelatih`.`id_pelatih` = `markah_modul_status`.`id_pelatih`))) join `settings_tawaran_kursus` on(((`settings_tawaran_kursus`.`id` = `pelatih`.`id_kursus`) and (`settings_tawaran_kursus`.`id_giatmara` = `pelatih`.`id_giatmara`)))) join `ref_kursus` on((`ref_kursus`.`id` = `settings_tawaran_kursus`.`id_kursus`))) left join `markah_modul_2` on(((`pelatih`.`id_pelatih` = `markah_modul_2`.`id_pelatih`) and (`pelatih`.`id_kursus` = `markah_modul_2`.`id_kursus`)))) left join `markah_modul` on(((`markah_modul`.`id_pelatih` = `pelatih`.`id_pelatih`) and (`pelatih`.`id_kursus` = `markah_modul`.`id_kursus`)))) group by `ref_kursus`.`nama_kursus`,`permohonan_butir_peribadi`.`nama_penuh`,`permohonan_butir_peribadi`.`no_mykad`,`pelatih`.`no_pelatih`,`markah_modul_2`.`gcpa`,`markah_modul_2`.`kehadiran`,`pelatih`.`id_kursus`,`markah_modul_2`.`status_isi_markah`,`permohonan_butir_peribadi`.`id`,`pelatih`.`id_permohonan`,`pelatih`.`id_pelatih`,`pelatih`.`id_kursus`,`markah_modul_2`.`id`,`settings_tawaran_kursus`.`id_kursus`,`markah_modul_status`.`pengurus_sah`,`markah_modul_status`.`id` ;

-- ----------------------------
-- View structure for v_kurikulum_p5_screen1
-- ----------------------------
DROP VIEW IF EXISTS `v_kurikulum_p5_screen1`;
CREATE ALGORITHM=UNDEFINED DEFINER=`gspeluser`@`%` SQL SECURITY DEFINER VIEW `v_kurikulum_p5_screen1` AS select `permohonan_butir_peribadi`.`nama_penuh` AS `nama_penuh`,`permohonan_butir_peribadi`.`no_mykad` AS `no_mykad`,`pelatih`.`no_pelatih` AS `no_pelatih`,`ref_intake`.`nama_intake` AS `nama_intake`,`ref_kursus`.`nama_kursus` AS `nama_kursus`,`markah_modul`.`markah` AS `markah`,`markah_modul_status`.`spgm` AS `spgm`,`markah_modul_status`.`saegm` AS `saegm`,`markah_modul_status`.`skgm` AS `skgm`,`markah_modul_status`.`sklgm` AS `sklgm`,`markah_modul_2`.`gcpa` AS `gcpa`,(case when (`permohonan_kursus_lpp09`.`kategori_program` = 'LL') then `kurikulum_sijil`.`kemahiran_no_sijil` when (`permohonan_kursus_lpp09`.`kategori_program` = 'RN') then `kurikulum_sijil`.`professional_no_sijil` when (`permohonan_kursus_lpp09`.`kategori_program` = 'PT') then `kurikulum_sijil`.`eksekutif_no_sijil` when (`permohonan_kursus_lpp09`.`kategori_program` = 'PK') then `kurikulum_sijil`.`kemahiranlanjutan_no_sijil` else NULL end) AS `no_sijil`,`kurikulum_sijil`.`dicetak_oleh` AS `dicetak_oleh`,`ref_giatmara`.`id_negeri` AS `id_negeri`,`ref_negeri`.`nama_negeri` AS `nama_negeri`,`pelatih`.`id_giatmara` AS `id_giatmara`,`ref_giatmara`.`nama_giatmara` AS `nama_giatmara`,`settings_tawaran_kursus`.`id_kursus` AS `id_ref_kursus`,`pelatih`.`jenis_pelatih` AS `jenis_pelatih`,`settings_tawaran_kursus`.`id_intake` AS `id_intake` from (((((((((((`permohonan_butir_peribadi` join `pelatih` on((`pelatih`.`id_permohonan` = `permohonan_butir_peribadi`.`id`))) join `settings_tawaran_kursus` on(((`pelatih`.`id_kursus` = `settings_tawaran_kursus`.`id`) and (`pelatih`.`id_giatmara` = `settings_tawaran_kursus`.`id_giatmara`)))) join `ref_intake` on((`settings_tawaran_kursus`.`id_intake` = `ref_intake`.`id`))) join `ref_kursus` on((`settings_tawaran_kursus`.`id_kursus` = `ref_kursus`.`id`))) left join `markah_modul` on(((`markah_modul`.`id_pelatih` = `pelatih`.`id_pelatih`) and (`markah_modul`.`id_kursus` = `pelatih`.`id_kursus`)))) left join `markah_modul_2` on(((`markah_modul_2`.`id_pelatih` = `pelatih`.`id_pelatih`) and (`markah_modul_2`.`id_kursus` = `pelatih`.`id_kursus`)))) left join `permohonan_kursus_lpp09` on(((`permohonan_kursus_lpp09`.`id_permohonan` = `pelatih`.`id_permohonan`) and (`permohonan_kursus_lpp09`.`id_settings_tawaran_kursus` = `pelatih`.`id_kursus`) and (`permohonan_kursus_lpp09`.`id_kluster` = `ref_kursus`.`id_kluster`)))) left join `kurikulum_sijil` on((`kurikulum_sijil`.`id_pelatih` = `pelatih`.`id_pelatih`))) join `ref_giatmara` on(((`pelatih`.`id_giatmara` = `ref_giatmara`.`id`) and (`settings_tawaran_kursus`.`id_giatmara` = `ref_giatmara`.`id`)))) join `ref_negeri` on((`ref_giatmara`.`id_negeri` = `ref_negeri`.`id`))) join `markah_modul_status` on((`markah_modul_status`.`id_pelatih` = `pelatih`.`id_pelatih`))) ;

-- ----------------------------
-- View structure for v_kurikulum_p6_screen1
-- ----------------------------
DROP VIEW IF EXISTS `v_kurikulum_p6_screen1`;
CREATE ALGORITHM=UNDEFINED DEFINER=`gspeluser`@`%` SQL SECURITY DEFINER VIEW `v_kurikulum_p6_screen1` AS select `permohonan_butir_peribadi`.`nama_penuh` AS `nama_penuh`,`permohonan_butir_peribadi`.`id` AS `id_permohonan_butir_peribadi`,`permohonan_butir_peribadi`.`no_mykad` AS `no_mykad`,`pelatih`.`no_pelatih` AS `no_pelatih`,`pelatih`.`jenis_pelatih` AS `jenis_pelatih`,sum((case when (`markah_modul`.`status_isi_markah` = 0) then 1 else 0 end)) AS `tp_belum_diisi`,sum((case when (`markah_modul`.`status_isi_markah` = 1) then 1 else 0 end)) AS `tp_disimpan`,sum((case when (`markah_modul`.`status_isi_markah` = 2) then 1 else 0 end)) AS `skrin_pengurus`,sum((case when (`markah_modul`.`status_isi_markah` = 4) then 1 else 0 end)) AS `skrin_png`,sum((case when (`markah_modul`.`status_isi_markah` = 6) then 1 else 0 end)) AS `skrin_ppkl`,sum((case when (`markah_modul`.`status_isi_markah` >= 2) then 1 else 0 end)) AS `jumlah_dihantar`,count(`markah_modul`.`id`) AS `jumlah_modul`,(select count(`a`.`id`) from `markah_modul_2` `a` where ((`a`.`id_pelatih` = `pelatih`.`id_pelatih`) and (`a`.`id_kursus` = `settings_tawaran_kursus`.`id`) and (`a`.`status_isi_markah` >= 2))) AS `jumlah_dihantar2`,`kurikulum_sijil`.`dicetak_oleh` AS `dicetak_oleh`,`ref_negeri`.`nama_negeri` AS `nama_negeri`,`ref_giatmara`.`nama_giatmara` AS `nama_giatmara`,`ref_kursus`.`nama_kursus` AS `nama_kursus`,`ref_kursus`.`kod_kursus` AS `kod_kursus`,`ref_kursus`.`id` AS `id_ref_kursus`,`ref_giatmara`.`id_negeri` AS `id_negeri`,`settings_tawaran_kursus`.`id_kursus` AS `id_kursus`,`settings_tawaran_kursus`.`id` AS `id_set`,`settings_tawaran_kursus`.`id_giatmara` AS `id_giatmara`,`ref_intake`.`nama_intake` AS `sesi`,`settings_tawaran_kursus`.`id_intake` AS `id_intake`,`markah_modul_status`.`pengurus` AS `pengurus`,`markah_modul_status`.`pengurus_sah` AS `pengurus_sah`,`markah_modul_status`.`pgn_sah` AS `pengurus_pgn`,`markah_modul_status`.`ppkl_sah` AS `pengurus_ppkl`,`pelatih`.`id_pelatih` AS `id_pelatih` from (((((((((`settings_tawaran_kursus` join `ref_giatmara` on((`ref_giatmara`.`id` = `settings_tawaran_kursus`.`id_giatmara`))) join `ref_negeri` on((`ref_negeri`.`id` = `ref_giatmara`.`id_negeri`))) left join `pelatih` on(((`pelatih`.`id_kursus` = `settings_tawaran_kursus`.`id`) and (`settings_tawaran_kursus`.`id_giatmara` = `pelatih`.`id_giatmara`)))) left join `kurikulum_sijil` on((`kurikulum_sijil`.`id_pelatih` = `pelatih`.`id_pelatih`))) left join `permohonan_butir_peribadi` on((`pelatih`.`id_permohonan` = `permohonan_butir_peribadi`.`id`))) join `ref_kursus` on((`settings_tawaran_kursus`.`id_kursus` = `ref_kursus`.`id`))) join `ref_intake` on((`ref_intake`.`id` = `settings_tawaran_kursus`.`id_intake`))) left join `markah_modul` on(((`markah_modul`.`id_pelatih` = `pelatih`.`id_pelatih`) and (`settings_tawaran_kursus`.`id` = `markah_modul`.`id_kursus`)))) left join `markah_modul_status` on((`markah_modul_status`.`id_pelatih` = `pelatih`.`id_pelatih`))) group by `permohonan_butir_peribadi`.`nama_penuh`,`permohonan_butir_peribadi`.`no_mykad`,`pelatih`.`no_pelatih`,`settings_tawaran_kursus`.`id_kursus`,`settings_tawaran_kursus`.`id_giatmara`,`ref_kursus`.`nama_kursus`,`ref_kursus`.`kod_kursus`,`settings_tawaran_kursus`.`id`,`ref_negeri`.`nama_negeri`,`ref_giatmara`.`nama_giatmara`,`ref_giatmara`.`id_negeri`,`kurikulum_sijil`.`dicetak_oleh`,`pelatih`.`jenis_pelatih`,`markah_modul_status`.`pengurus`,`markah_modul_status`.`pengurus_sah`,`ref_kursus`.`id`,`markah_modul_status`.`ppkl_sah`,`markah_modul_status`.`pgn_sah`,`pelatih`.`id_pelatih` ;

-- ----------------------------
-- View structure for v_kursus_pilihan
-- ----------------------------
DROP VIEW IF EXISTS `v_kursus_pilihan`;
CREATE ALGORITHM=UNDEFINED DEFINER=`gspeluser`@`%` SQL SECURITY DEFINER VIEW `v_kursus_pilihan` AS select `ref_kluster`.`nama_kluster` AS `kluster1`,`ref_kursus`.`nama_kursus` AS `kursus1`,`ref_negeri`.`nama_negeri` AS `negeri1`,`ref_giatmara`.`nama_giatmara` AS `giatmara1`,`t9`.`nama_kluster` AS `kluster2`,`t1`.`nama_kursus` AS `kursus2`,`t3`.`nama_negeri` AS `negeri2`,`t2`.`nama_giatmara` AS `giatmara2`,`t6`.`nama_kluster` AS `kluster3`,`t5`.`nama_kursus` AS `kursus3`,`t8`.`nama_negeri` AS `negeri3`,`t7`.`nama_giatmara` AS `giatmara3`,`permohonan_butir_peribadi`.`id` AS `id_permohonan_peribadi`,`permohonan_kursus`.`id` AS `id_permohonan_kursus`,`permohonan_kursus`.`kursus1` AS `id_kursus1`,`permohonan_kursus`.`kursus2` AS `id_kursus2`,`permohonan_kursus`.`kursus3` AS `id_kursus3` from ((((((((((((((((`permohonan_butir_peribadi` join `permohonan_kursus` on((`permohonan_kursus`.`id_permohonan` = `permohonan_butir_peribadi`.`id`))) join `settings_tawaran_kursus` on((`permohonan_kursus`.`kursus1` = `settings_tawaran_kursus`.`id`))) join `ref_kursus` on((`settings_tawaran_kursus`.`id_kursus` = `ref_kursus`.`id`))) join `ref_kluster` on((`ref_kursus`.`id_kluster` = `ref_kluster`.`id`))) join `ref_giatmara` on((`settings_tawaran_kursus`.`id_giatmara` = `ref_giatmara`.`id`))) join `ref_negeri` on((`ref_giatmara`.`id_negeri` = `ref_negeri`.`id`))) join `settings_tawaran_kursus` `t0` on((`permohonan_kursus`.`kursus2` = `t0`.`id`))) join `ref_kursus` `t1` on((`t0`.`id_kursus` = `t1`.`id`))) join `ref_kluster` `t9` on((`t1`.`id_kluster` = `t9`.`id`))) join `ref_giatmara` `t2` on((`t0`.`id_giatmara` = `t2`.`id`))) join `ref_negeri` `t3` on((`t2`.`id_negeri` = `t3`.`id`))) join `settings_tawaran_kursus` `t4` on((`permohonan_kursus`.`kursus3` = `t4`.`id`))) join `ref_kursus` `t5` on((`t4`.`id_kursus` = `t5`.`id`))) join `ref_kluster` `t6` on((`t5`.`id_kluster` = `t6`.`id`))) join `ref_giatmara` `t7` on((`t4`.`id_giatmara` = `t7`.`id`))) join `ref_negeri` `t8` on((`t7`.`id_negeri` = `t8`.`id`))) ;

-- ----------------------------
-- View structure for v_kursus_pilihan_dei
-- ----------------------------
DROP VIEW IF EXISTS `v_kursus_pilihan_dei`;
CREATE ALGORITHM=UNDEFINED DEFINER=`gspeluser`@`%` SQL SECURITY DEFINER VIEW `v_kursus_pilihan_dei` AS select `ref_kluster`.`nama_kluster` AS `kluster1`,`ref_kursus`.`nama_kursus` AS `kursus1`,`ref_negeri`.`nama_negeri` AS `negeri1`,`ref_giatmara`.`nama_giatmara` AS `giatmara1`,`t9`.`nama_kluster` AS `kluster2`,`t1`.`nama_kursus` AS `kursus2`,`t3`.`nama_negeri` AS `negeri2`,`t2`.`nama_giatmara` AS `giatmara2`,`t6`.`nama_kluster` AS `kluster3`,`t5`.`nama_kursus` AS `kursus3`,`t8`.`nama_negeri` AS `negeri3`,`t7`.`nama_giatmara` AS `giatmara3`,`permohonan_butir_peribadi`.`id` AS `id_permohonan_peribadi`,`permohonan_kursus`.`id` AS `id_permohonan_kursus`,`permohonan_kursus`.`kursus1` AS `id_kursus1`,`permohonan_kursus`.`kursus2` AS `id_kursus2`,`permohonan_kursus`.`kursus3` AS `id_kursus3` from ((((((((((((((((`permohonan_butir_peribadi` left join `permohonan_kursus` on((`permohonan_kursus`.`id_permohonan` = `permohonan_butir_peribadi`.`id`))) left join `settings_tawaran_kursus` on((`permohonan_kursus`.`kursus1` = `settings_tawaran_kursus`.`id`))) left join `ref_kursus` on((`settings_tawaran_kursus`.`id_kursus` = `ref_kursus`.`id`))) left join `ref_kluster` on((`ref_kursus`.`id_kluster` = `ref_kluster`.`id`))) left join `ref_giatmara` on((`settings_tawaran_kursus`.`id_giatmara` = `ref_giatmara`.`id`))) left join `ref_negeri` on((`ref_giatmara`.`id_negeri` = `ref_negeri`.`id`))) left join `settings_tawaran_kursus` `t0` on((`permohonan_kursus`.`kursus2` = `t0`.`id`))) left join `ref_kursus` `t1` on((`t0`.`id_kursus` = `t1`.`id`))) left join `ref_kluster` `t9` on((`t1`.`id_kluster` = `t9`.`id`))) left join `ref_giatmara` `t2` on((`t0`.`id_giatmara` = `t2`.`id`))) left join `ref_negeri` `t3` on((`t2`.`id_negeri` = `t3`.`id`))) left join `settings_tawaran_kursus` `t4` on((`permohonan_kursus`.`kursus3` = `t4`.`id`))) left join `ref_kursus` `t5` on((`t4`.`id_kursus` = `t5`.`id`))) left join `ref_kluster` `t6` on((`t5`.`id_kluster` = `t6`.`id`))) left join `ref_giatmara` `t7` on((`t4`.`id_giatmara` = `t7`.`id`))) left join `ref_negeri` `t8` on((`t7`.`id_negeri` = `t8`.`id`))) ;

-- ----------------------------
-- View structure for v_kursus_terdahulu
-- ----------------------------
DROP VIEW IF EXISTS `v_kursus_terdahulu`;
CREATE ALGORITHM=UNDEFINED DEFINER=`gspeluser`@`%` SQL SECURITY DEFINER VIEW `v_kursus_terdahulu` AS select `pelatih`.`id_pelatih` AS `id_pelatih`,`pelatih`.`id_permohonan` AS `id_permohonan`,`pelatih`.`no_pelatih` AS `no_pelatih`,`pelatih`.`id_giatmara` AS `id_giatmara`,`settings_tawaran_kursus`.`id_kursus` AS `id_kursus`,`settings_tawaran_kursus`.`id` AS `id_settings_tawaran_kursus`,`pelatih`.`id_kew_kod_kombinasi` AS `id_kew_kod_kombinasi`,`ref_kluster`.`id` AS `id_kluster`,`ref_kluster`.`nama_kluster` AS `nama_kluster`,`ref_kursus`.`nama_kursus` AS `nama_kursus`,`ref_negeri`.`id` AS `id_negeri`,`ref_negeri`.`nama_negeri` AS `nama_negeri`,`ref_giatmara`.`nama_giatmara` AS `nama_giatmara`,`ref_intake`.`id` AS `id_intake`,`ref_intake`.`nama_intake` AS `nama_intake`,`pelatih`.`tarikh_mula_kursus` AS `tarikh_mula_kursus`,`pelatih`.`tarikh_tamat_kursus` AS `tarikh_tamat_kursus`,`pelatih`.`status_pelatih` AS `id_status_pelatih`,`ref_status_pelatih`.`status_desc` AS `status_desc`,`permohonan_butir_peribadi`.`nama_penuh` AS `nama_penuh`,`permohonan_butir_peribadi`.`no_mykad` AS `no_mykad`,`ref_kursus`.`id` AS `id_ref_kursus`,`pelatih`.`jenis_pelatih` AS `jenis_pelatih`,`permohonan_butir_peribadi`.`tarikh_lahir` AS `tarikh_lahir`,`permohonan_butir_peribadi`.`jantina` AS `jantina`,`permohonan_butir_peribadi`.`umur` AS `umur`,`permohonan_butir_peribadi`.`alamat` AS `alamat`,`permohonan_butir_peribadi`.`poskod` AS `poskod`,`permohonan_butir_peribadi`.`kewarganegaraan` AS `kewarganegaraan`,`permohonan_butir_peribadi`.`taraf_perkahwinan` AS `taraf_perkahwinan`,`permohonan_butir_peribadi`.`no_hp` AS `no_hp`,`pelatih`.`cara_bayaran` AS `cara_bayaran`,`pelatih`.`no_akaun` AS `no_akaun`,`lpp_10`.`id` AS `id_lpp10`,`lpp_10`.`giatmara_baru` AS `giatmara_baru_lpp10`,`lpp_10`.`giatmara_asal` AS `giatmara_asal_lpp10`,`lpp_10`.`kursus_baru` AS `kursus_baru_lpp10`,`lpp_10`.`kursus_asal` AS `kursus_asal_lpp10`,`lpp_10`.`jenis_pertukaran` AS `jenis_pertukaran_lpp10`,`lpp_10`.`dihantar_oleh` AS `dihantar_oleh_lpp10`,`lpp_10`.`dihantar_pada` AS `dihantar_pada_lpp10`,`lpp_10`.`status_jana` AS `status_jana_lpp10`,`lpp_10`.`dijana_oleh` AS `dijana_oleh_lpp10`,`lpp_10`.`dijana_pada` AS `dijana_pada_lpp10`,`t0`.`id_negeri` AS `id_negeri_lpp10`,`kew_bank`.`name` AS `nama_bank`,(select `lpp_5a`.`id` from `lpp_5a` where (((`lpp_5a`.`id_pelatih` = `pelatih`.`id_pelatih`) and isnull(`lpp_5a`.`status_jana`)) or (`lpp_5a`.`status_jana` = 0)) limit 1) AS `lpp5a`,(select `lpp_5b`.`id` from `lpp_5b` where (((`lpp_5b`.`id_pelatih` = `pelatih`.`id_pelatih`) and isnull(`lpp_5b`.`status_jana`)) or (`lpp_5b`.`status_jana` = 0)) limit 1) AS `lpp5b`,(select `lpp_5d`.`id` from `lpp_5d` where (((`lpp_5d`.`id_pelatih` = `pelatih`.`id_pelatih`) and isnull(`lpp_5d`.`status_jana`)) or (`lpp_5d`.`status_jana` = 0)) limit 1) AS `lpp5d`,(select `lpp_06`.`id` from `lpp_06` where (((`lpp_06`.`id_pelatih` = `pelatih`.`id_pelatih`) and isnull(`lpp_06`.`status_jana`)) or (`lpp_06`.`status_jana` = 0)) limit 1) AS `lpp06`,(select `lpp_7a`.`id` from `lpp_7a` where (((`lpp_7a`.`id_pelatih` = `pelatih`.`id_pelatih`) and isnull(`lpp_7a`.`status_jana`)) or (`lpp_7a`.`status_jana` = 0)) limit 1) AS `lpp7a`,(select `lpp_08`.`id` from `lpp_08` where (((`lpp_08`.`id_pelatih` = `pelatih`.`id_pelatih`) and isnull(`lpp_08`.`status_jana`)) or (`lpp_08`.`status_jana` = 0)) limit 1) AS `lpp08`,(select `t10`.`id` from `lpp_10` `t10` where ((((`t10`.`id_pelatih` = `pelatih`.`id_pelatih`) and isnull(`t10`.`status_jana`)) or (`t10`.`status_jana` = 0)) and ((`t10`.`kursus_baru` is not null) or (`t10`.`kursus_baru` <> 0))) limit 1) AS `lpp10a`,(select `t10`.`id` from `lpp_10` `t10` where ((((`t10`.`id_pelatih` = `pelatih`.`id_pelatih`) and isnull(`t10`.`status_jana`)) or (`t10`.`status_jana` = 0)) and ((`t10`.`giatmara_baru` is not null) or (`t10`.`giatmara_baru` <> 0))) limit 1) AS `lpp10b`,(select `markah_modul`.`id` from `markah_modul` where ((`markah_modul`.`id_pelatih` = `pelatih`.`id_pelatih`) and (`markah_modul`.`status_isi_markah` > 0)) limit 1) AS `id_markah` from (((((((((((`pelatih` join `settings_tawaran_kursus` on(((`pelatih`.`id_kursus` = `settings_tawaran_kursus`.`id`) and (`pelatih`.`id_giatmara` = `settings_tawaran_kursus`.`id_giatmara`)))) join `ref_kursus` on((`settings_tawaran_kursus`.`id_kursus` = `ref_kursus`.`id`))) join `ref_kluster` on((`ref_kursus`.`id_kluster` = `ref_kluster`.`id`))) join `ref_giatmara` on((`pelatih`.`id_giatmara` = `ref_giatmara`.`id`))) join `ref_negeri` on((`ref_giatmara`.`id_negeri` = `ref_negeri`.`id`))) join `ref_intake` on((`settings_tawaran_kursus`.`id_intake` = `ref_intake`.`id`))) join `ref_status_pelatih` on((`pelatih`.`status_pelatih` = `ref_status_pelatih`.`id`))) join `permohonan_butir_peribadi` on((`pelatih`.`id_permohonan` = `permohonan_butir_peribadi`.`id`))) left join `lpp_10` on(((`lpp_10`.`id_pelatih` = `pelatih`.`id_pelatih`) and (isnull(`lpp_10`.`status_jana`) or (`lpp_10`.`status_jana` = 0))))) left join `ref_giatmara` `t0` on((`lpp_10`.`giatmara_baru` = `t0`.`id`))) left join `kew_bank` on((`pelatih`.`nama_bank` = `kew_bank`.`id`))) ;

-- ----------------------------
-- View structure for v_lpp09_p4a_1
-- ----------------------------
DROP VIEW IF EXISTS `v_lpp09_p4a_1`;
CREATE ALGORITHM=UNDEFINED DEFINER=`gspeluser`@`%` SQL SECURITY DEFINER VIEW `v_lpp09_p4a_1` AS select `tt`.`id` AS `id_temuduga_tetapan`,`pbp`.`id` AS `id_permohonan_butir_peribadi`,`pkl`.`id` AS `id_permohonan_kursus_lpp09`,`stk`.`id` AS `id_settings_tawaran_kursus`,`pbp`.`nama_penuh` AS `nama`,`pbp`.`no_mykad` AS `no_mykad`,`pkl`.`kategori_program` AS `kategori_program`,`pkl`.`tawaran_terus` AS `tawaran_terus`,`n`.`id` AS `id_negeri`,`n`.`nama_negeri` AS `nama_negeri`,`g`.`id` AS `id_giatmara`,`g`.`nama_giatmara` AS `nama_giatmara`,`i`.`id` AS `id_intake`,`i`.`nama_intake` AS `sesi`,`k`.`id` AS `id_kursus`,`kl`.`layak_elaun` AS `layak_elaun`,`kl`.`no_akaun` AS `no_akaun`,`kl`.`status_pengesahan` AS `status_pengesahan`,`kl`.`status_pendaftaran` AS `status_pendaftaran`,`kl`.`tarikh_mula_elauan` AS `tarikh_mula_elauan`,`kl`.`tarikh_tamat_elaun` AS `tarikh_tamat_elaun`,`kl`.`tarikh_mula_kursus` AS `tarikh_mula_kursus`,`kl`.`tarikh_tamat_kursus` AS `tarikh_tamat_kursus`,`p`.`id_kew_kod_kombinasi` AS `id_kew_kod_kombinasi`,`p`.`cara_bayaran` AS `cara_bayar`,`b`.`id` AS `id_bank`,`b`.`name` AS `nama_bank` from ((((((((((`permohonan_kursus_lpp09` `pkl` join `permohonan_butir_peribadi` `pbp` on((`pkl`.`id_permohonan` = `pbp`.`id`))) left join `temuduga_tetapan` `tt` on(((`pbp`.`id` = `tt`.`id_permohonan`) and (`tt`.`jenis_pelatih` = 'LPP09')))) left join `settings_tawaran_kursus` `stk` on((`tt`.`id_kursus` = `stk`.`id`))) left join `ref_giatmara` `g` on((`stk`.`id_giatmara` = `g`.`id`))) left join `ref_kursus` `k` on((`stk`.`id_kursus` = `k`.`id`))) left join `ref_intake` `i` on((`stk`.`id_intake` = `i`.`id`))) left join `ref_negeri` `n` on((`g`.`id_negeri` = `n`.`id`))) left join `kelulusan_lpp09` `kl` on((`pbp`.`id` = `kl`.`id_permohonan`))) left join `pelatih` `p` on(((`pbp`.`id` = `p`.`id_permohonan`) and (`p`.`jenis_pelatih` = 'LPP04')))) left join `kew_bank` `b` on((`kl`.`nama_bank` = `b`.`id`))) ;

-- ----------------------------
-- View structure for v_lpp09_p4a_1_bak
-- ----------------------------
DROP VIEW IF EXISTS `v_lpp09_p4a_1_bak`;
CREATE ALGORITHM=UNDEFINED DEFINER=`gspeluser`@`%` SQL SECURITY DEFINER VIEW `v_lpp09_p4a_1_bak` AS select `temuduga_tetapan`.`id` AS `id_temuduga_tetapan`,`permohonan_butir_peribadi`.`id` AS `id_permohonan_butir_peribadi`,`permohonan_butir_peribadi`.`nama_penuh` AS `nama`,`permohonan_butir_peribadi`.`no_mykad` AS `no_mykad`,`ref_intake`.`nama_intake` AS `sesi`,`ref_giatmara`.`id_negeri` AS `id_negeri`,`ref_negeri`.`nama_negeri` AS `nama_negeri`,`settings_tawaran_kursus`.`id_giatmara` AS `id_giatmara`,`ref_giatmara`.`nama_giatmara` AS `nama_giatmara`,`settings_tawaran_kursus`.`id_intake` AS `id_intake`,`settings_tawaran_kursus`.`id_kursus` AS `id_kursus`,`ref_kursus`.`nama_kursus` AS `nama_kursus`,`settings_tawaran_kursus`.`id` AS `id_setting_tawaran_kursus`,`temuduga_tetapan`.`tarikh_waktu` AS `tarikh_waktu`,`temuduga_tetapan`.`keputusan_temuduga` AS `keputusan_temuduga`,`temuduga_tetapan`.`tawaran_tarikh_lapordiri` AS `tawaran_tarikh_lapordiri`,`temuduga_tetapan`.`tawaran_elaun` AS `tawaran_elaun`,`temuduga_tetapan`.`tawaran_nama_bank` AS `tawaran_nama_bank`,`temuduga_tetapan`.`tawaran_no_akaun` AS `tawaran_no_akaun`,`temuduga_tetapan`.`tawaran_cara_bayaran` AS `tawaran_cara_bayaran`,`temuduga_tetapan`.`pendaftaran_status` AS `pendaftaran_status`,`temuduga_tetapan`.`tawaran_mula_elaun` AS `tawaran_mula_elaun`,`temuduga_tetapan`.`tawaran_tamat_elaun` AS `tawaran_tamat_elaun`,`kelulusan_lpp09`.`no_akaun` AS `no_akaun`,`pelatih`.`cara_bayaran` AS `cara_bayaran`,`pelatih`.`kelayakan_elaun` AS `kelayakan_elaun`,`pelatih`.`id_kew_kod_kombinasi` AS `id_kew_kod_kombinasi`,`kew_bank`.`id` AS `id_bank`,`kew_bank`.`name` AS `nama_bank`,`kelulusan_lpp09`.`tarikh_mula_kursus` AS `tarikh_mula_kursus`,`kelulusan_lpp09`.`tarikh_tamat_kursus` AS `tarikh_tamat_kursus`,`kelulusan_lpp09`.`status_pengesahan` AS `status_pengesahan`,`kelulusan_lpp09`.`status_pendaftaran` AS `status_pendaftaran`,`kelulusan_lpp09`.`layak_elaun` AS `layak_elaun` from ((((((((((`temuduga_tetapan` join `permohonan_butir_peribadi` on((`permohonan_butir_peribadi`.`id` = `temuduga_tetapan`.`id_permohonan`))) join `ref_kewarganegaraan` on((`permohonan_butir_peribadi`.`kewarganegaraan` = `ref_kewarganegaraan`.`id`))) join `settings_tawaran_kursus` on((`settings_tawaran_kursus`.`id` = `temuduga_tetapan`.`id_kursus`))) join `ref_giatmara` on((`settings_tawaran_kursus`.`id_giatmara` = `ref_giatmara`.`id`))) join `ref_negeri` on((`ref_giatmara`.`id_negeri` = `ref_negeri`.`id`))) join `ref_intake` on((`settings_tawaran_kursus`.`id_intake` = `ref_intake`.`id`))) join `ref_kursus` on((`settings_tawaran_kursus`.`id_kursus` = `ref_kursus`.`id`))) join `pelatih` on(((`permohonan_butir_peribadi`.`id` = `pelatih`.`id_permohonan`) and (`pelatih`.`jenis_pelatih` = 'LPP04')))) left join `kelulusan_lpp09` on((`permohonan_butir_peribadi`.`id` = `kelulusan_lpp09`.`id_permohonan`))) left join `kew_bank` on((`kelulusan_lpp09`.`nama_bank` = `kew_bank`.`id`))) where (`temuduga_tetapan`.`jenis_pelatih` = 'lpp09') ;

-- ----------------------------
-- View structure for v_lpp7a
-- ----------------------------
DROP VIEW IF EXISTS `v_lpp7a`;
CREATE ALGORITHM=UNDEFINED DEFINER=`gspeluser`@`%` SQL SECURITY DEFINER VIEW `v_lpp7a` AS select `lpp_7a`.`id_pelatih` AS `id_pelatih`,`lpp_7a`.`id_kew_potongan` AS `id_kew_potongan`,`kew_potongan`.`name` AS `name`,`lpp_7a`.`jumlah` AS `value_per_unit`,`lpp_7a`.`tarikh_mula` AS `tarikh_mula`,`lpp_7a`.`tarikh_tamat` AS `tarikh_tamat`,`lpp_7a`.`dihantar_oleh` AS `dihantar_oleh`,`lpp_7a`.`dihantar_pada` AS `dihantar_pada`,`lpp_7a`.`status_jana` AS `status_jana`,`lpp_7a`.`id` AS `id`,`lpp_7a`.`dijana_oleh` AS `dijana_oleh`,`lpp_7a`.`dijana_pada` AS `dijana_pada` from (`lpp_7a` join `kew_potongan` on((`lpp_7a`.`id_kew_potongan` = `kew_potongan`.`id`))) ;

-- ----------------------------
-- View structure for v_maklumat_penjaga
-- ----------------------------
DROP VIEW IF EXISTS `v_maklumat_penjaga`;
CREATE ALGORITHM=UNDEFINED DEFINER=`gspeluser`@`%` SQL SECURITY DEFINER VIEW `v_maklumat_penjaga` AS select (case when (`permohonan_penjaga`.`maklumat` = 1) then 'Ibu bapa' when (`permohonan_penjaga`.`maklumat` = 2) then 'Penjaga/Waris' end) AS `maklumat`,`permohonan_penjaga`.`b_nama_penuh` AS `nama_penuh_bapak`,`permohonan_penjaga`.`b_jenis_pengenalan` AS `jenis_pengenalan_bapak`,`permohonan_penjaga`.`b_mykad` AS `mykad_bapak`,`ref_kewarganegaraan`.`id` AS `id_kewarganegaraan_bapak`,`ref_kewarganegaraan`.`kewarganegaraan` AS `kewarganegaraan_bapak`,`ref_kategori_penjaga`.`id` AS `id_kategori_penjaga_bapak`,`ref_kategori_penjaga`.`kategori_penjaga` AS `kategori_penjaga_bapak`,`permohonan_penjaga`.`b_no_tel` AS `no_tel_bapak`,`permohonan_penjaga`.`b_no_hp` AS `no_hp_bapak`,`ref_agama`.`agama` AS `agama_bapak`,`ref_etnik`.`etnik` AS `etnik_bapak`,`ref_bangsa`.`bangsa` AS `bangsa_bapak`,`permohonan_penjaga`.`b_alamat` AS `alamat_bapak`,`permohonan_penjaga`.`b_poskod` AS `poskod_bapak`,`t14`.`bandar` AS `bandar_bapak`,`t15`.`id` AS `id_negeri_bapak`,`t15`.`nama_negeri` AS `nama_negeri_bapak`,`permohonan_penjaga`.`b_pekerjaan` AS `pekerjaan_bapak`,`pb`.`nama_pekerjaan` AS `pekerjaan_b`,`ref_pendapatan`.`id` AS `id_pendapatan_bapak`,`ref_pendapatan`.`pendapatan` AS `pendapatan_bapak`,`permohonan_penjaga`.`b_majikan` AS `majikan_bapak`,`permohonan_penjaga`.`b_no_tel_pejabat` AS `no_tel_pejabat_bapak`,`permohonan_penjaga`.`b_samb` AS `samb_bapak`,`permohonan_penjaga`.`b_alamat_pejabat` AS `alamat_pejabat_bapak`,`permohonan_penjaga`.`b_alamat_pejabat_poskod` AS `b_alamat_pejabat_poskod`,`permohonan_penjaga`.`b_alamat_pejabat_poskod2` AS `b_alamat_pejabat_poskod2`,`permohonan_penjaga`.`b_alamat_pejabat_bandar2` AS `b_alamat_pejabat_bandar2`,`permohonan_penjaga`.`b_alamat_pejabat_negeri2` AS `b_alamat_pejabat_negeri2`,`pbn_b`.`bandar` AS `b_alamat_pejabat_bandar`,`n_b`.`id` AS `b_alamat_pejabat_negeri_id`,`n_b`.`nama_negeri` AS `b_alamat_pejabat_negeri`,`permohonan_penjaga`.`c_nama_penuh` AS `nama_penuh_ibu`,`permohonan_penjaga`.`c_jenis_pengenalan` AS `jenis_pengenalan_ibu`,`permohonan_penjaga`.`c_mykad` AS `mykad_ibu`,`t0`.`id` AS `id_kewarganegaraan_ibu`,`t0`.`kewarganegaraan` AS `kewarganegaraan_ibu`,`t1`.`id` AS `id_kategori_penjaga_ibu`,`t1`.`kategori_penjaga` AS `kategori_penjaga_ibu`,`permohonan_penjaga`.`c_no_tel` AS `no_tel_ibu`,`permohonan_penjaga`.`c_no_hp` AS `no_hp_ibu`,`t2`.`agama` AS `agama_ibu`,`t3`.`etnik` AS `etnik_ibu`,`t4`.`bangsa` AS `bangsa_ibu`,`permohonan_penjaga`.`c_alamat` AS `alamat_ibu`,`permohonan_penjaga`.`c_poskod` AS `poskod_ibu`,`t12`.`bandar` AS `bandar_ibu`,`t13`.`id` AS `id_negeri_ibu`,`t13`.`nama_negeri` AS `nama_negeri_ibu`,`permohonan_penjaga`.`c_pekerjaan` AS `pekerjaan_ibu`,`pc`.`nama_pekerjaan` AS `pekerjaan_c`,`t5`.`id` AS `id_pendapatan_ibu`,`t5`.`pendapatan` AS `pendapatan_ibu`,`permohonan_penjaga`.`c_majikan` AS `majikan_ibu`,`permohonan_penjaga`.`c_no_tel_pejabat` AS `no_tel_pejabat_ibu`,`permohonan_penjaga`.`c_samb` AS `samb_ibu`,`permohonan_penjaga`.`c_alamat_pejabat` AS `alamat_pejabat_ibu`,`permohonan_penjaga`.`c_alamat_pejabat_poskod` AS `c_alamat_pejabat_poskod`,`permohonan_penjaga`.`c_alamat_pejabat_poskod2` AS `c_alamat_pejabat_poskod2`,`permohonan_penjaga`.`c_alamat_pejabat_bandar2` AS `c_alamat_pejabat_bandar2`,`permohonan_penjaga`.`c_alamat_pejabat_negeri2` AS `c_alamat_pejabat_negeri2`,`pbn_c`.`bandar` AS `c_alamat_pejabat_bandar`,`n_c`.`id` AS `c_alamat_pejabat_negeri_id`,`n_c`.`nama_negeri` AS `c_alamat_pejabat_negeri`,`permohonan_penjaga`.`a_nama_penuh` AS `nama_penuh_waris`,`ref_hubungan`.`id` AS `id_hubungan_waris`,`ref_hubungan`.`hubungan` AS `hubungan_waris`,`permohonan_penjaga`.`a_jenis_pengenalan` AS `jenis_pengenalan_waris`,`permohonan_penjaga`.`a_mykad` AS `mykad_waris`,`t6`.`id` AS `id_kewarganegaraan_waris`,`t6`.`kewarganegaraan` AS `kewarganegaraan_waris`,`t7`.`id` AS `id_kategori_penjaga_waris`,`t7`.`kategori_penjaga` AS `kategori_penjaga_waris`,`permohonan_penjaga`.`a_no_tel` AS `no_tel_waris`,`permohonan_penjaga`.`a_no_hp` AS `no_hp_waris`,`t8`.`id` AS `id_agama_waris`,`t8`.`agama` AS `agama_waris`,`t9`.`id` AS `id_etnik_waris`,`t9`.`etnik` AS `etnik_waris`,`t10`.`id` AS `id_bangsa_waris`,`t10`.`bangsa` AS `bangsa_waris`,`permohonan_penjaga`.`a_alamat` AS `alamat_waris`,`permohonan_penjaga`.`a_poskod` AS `poskod_waris`,`t16`.`bandar` AS `bandar_waris`,`t17`.`id` AS `id_negeri_waris`,`t17`.`nama_negeri` AS `nama_negeri_waris`,`permohonan_penjaga`.`a_pekerjaan` AS `pekerjaan_waris`,`pa`.`nama_pekerjaan` AS `pekerjaan_a`,`t11`.`id` AS `id_pendapatan_waris`,`t11`.`pendapatan` AS `pendapatan_waris`,`permohonan_penjaga`.`a_majikan` AS `majikan_waris`,`permohonan_penjaga`.`a_no_tel_pejabat` AS `no_tel_pejabat_waris`,`permohonan_penjaga`.`a_samb` AS `samb_waris`,`permohonan_penjaga`.`a_alamat_pejabat` AS `alamat_pejabat_waris`,`permohonan_penjaga`.`a_alamat_pejabat_poskod` AS `a_alamat_pejabat_poskod`,`permohonan_penjaga`.`a_alamat_pejabat_poskod2` AS `a_alamat_pejabat_poskod2`,`permohonan_penjaga`.`a_alamat_pejabat_bandar2` AS `a_alamat_pejabat_bandar2`,`permohonan_penjaga`.`a_alamat_pejabat_negeri2` AS `a_alamat_pejabat_negeri2`,`pbn_a`.`bandar` AS `a_alamat_pejabat_bandar`,`n_a`.`id` AS `a_alamat_pejabat_negeri_id`,`n_a`.`nama_negeri` AS `a_alamat_pejabat_negeri`,`permohonan_penjaga`.`maklumat` AS `jenis_maklumat`,`permohonan_penjaga`.`id_permohonan` AS `id_permohonan_peribadi`,`permohonan_penjaga`.`id` AS `id_penjaga` from ((((((((((((((((((((((((((((((((((`permohonan_penjaga` left join `ref_kewarganegaraan` on((`permohonan_penjaga`.`b_kewarganegaraan` = `ref_kewarganegaraan`.`id`))) left join `ref_kategori_penjaga` on((`permohonan_penjaga`.`b_kategori_penjaga` = `ref_kategori_penjaga`.`id`))) left join `ref_agama` on((`permohonan_penjaga`.`b_agama` = `ref_agama`.`id`))) left join `ref_etnik` on((`permohonan_penjaga`.`b_etnik` = `ref_etnik`.`id`))) left join `ref_bangsa` on((`permohonan_penjaga`.`a_bangsa` = `ref_bangsa`.`id`))) left join `ref_pendapatan` on((`permohonan_penjaga`.`b_pendapatan` = `ref_pendapatan`.`id`))) left join `ref_kewarganegaraan` `t0` on((`permohonan_penjaga`.`c_kewarganegaraan` = `t0`.`id`))) left join `ref_kategori_penjaga` `t1` on((`permohonan_penjaga`.`c_kategori_penjaga` = `t1`.`id`))) left join `ref_agama` `t2` on((`permohonan_penjaga`.`c_agama` = `t2`.`id`))) left join `ref_etnik` `t3` on((`permohonan_penjaga`.`c_etnik` = `t3`.`id`))) left join `ref_bangsa` `t4` on((`permohonan_penjaga`.`c_bangsa` = `t4`.`id`))) left join `ref_pendapatan` `t5` on((`permohonan_penjaga`.`c_pendapatan` = `t5`.`id`))) left join `ref_hubungan` on((`permohonan_penjaga`.`a_hubungan` = `ref_hubungan`.`id`))) left join `ref_kewarganegaraan` `t6` on((`permohonan_penjaga`.`a_kewarganegaraan` = `t6`.`id`))) left join `ref_kategori_penjaga` `t7` on((`t7`.`id` = `permohonan_penjaga`.`a_kategori_penjaga`))) left join `ref_agama` `t8` on((`t8`.`id` = `permohonan_penjaga`.`a_agama`))) left join `ref_etnik` `t9` on((`t9`.`id` = `permohonan_penjaga`.`a_etnik`))) left join `ref_bangsa` `t10` on((`t10`.`id` = `permohonan_penjaga`.`a_bangsa`))) left join `ref_pendapatan` `t11` on((`t11`.`id` = `permohonan_penjaga`.`a_pendapatan`))) left join `ref_poskod_bandar_negeri` `t12` on((`permohonan_penjaga`.`c_poskod` = `t12`.`poskod`))) left join `ref_negeri` `t13` on((`t13`.`id` = `t12`.`negeri`))) left join `ref_poskod_bandar_negeri` `t14` on((`permohonan_penjaga`.`b_poskod` = `t14`.`poskod`))) left join `ref_negeri` `t15` on((`t15`.`id` = `t14`.`negeri`))) left join `ref_poskod_bandar_negeri` `t16` on((`permohonan_penjaga`.`a_poskod` = `t16`.`poskod`))) left join `ref_negeri` `t17` on((`t17`.`id` = `t16`.`negeri`))) left join `ref_poskod_bandar_negeri` `pbn_a` on((`permohonan_penjaga`.`a_alamat_pejabat_poskod` = `pbn_a`.`poskod`))) left join `ref_poskod_bandar_negeri` `pbn_b` on((`permohonan_penjaga`.`b_alamat_pejabat_poskod` = `pbn_b`.`poskod`))) left join `ref_poskod_bandar_negeri` `pbn_c` on((`permohonan_penjaga`.`c_alamat_pejabat_poskod` = `pbn_c`.`poskod`))) left join `ref_negeri` `n_a` on((`pbn_a`.`negeri` = `n_a`.`id`))) left join `ref_negeri` `n_b` on((`pbn_b`.`negeri` = `n_b`.`id`))) left join `ref_negeri` `n_c` on((`pbn_c`.`negeri` = `n_c`.`id`))) left join `ref_pekerjaan` `pa` on((`permohonan_penjaga`.`a_pekerjaan` = `pa`.`id`))) left join `ref_pekerjaan` `pb` on((`permohonan_penjaga`.`b_pekerjaan` = `pb`.`id`))) left join `ref_pekerjaan` `pc` on((`permohonan_penjaga`.`c_pekerjaan` = `pc`.`id`))) ;

-- ----------------------------
-- View structure for v_pelatih_butir_peribadi
-- ----------------------------
DROP VIEW IF EXISTS `v_pelatih_butir_peribadi`;
CREATE ALGORITHM=UNDEFINED DEFINER=`gspeluser`@`%` SQL SECURITY DEFINER VIEW `v_pelatih_butir_peribadi` AS select `p`.`id_pelatih` AS `id_pelatih`,`p`.`id_permohonan` AS `id_permohonan`,`p`.`no_pelatih` AS `no_pelatih`,`p`.`no_mykad` AS `no_mykad`,`pbp`.`id` AS `id_bp`,`pbp`.`nama_penuh` AS `nama_penuh`,`pbp`.`no_mykad` AS `no_mykad_bp` from (`pelatih` `p` left join `permohonan_butir_peribadi` `pbp` on((`p`.`no_mykad` = `pbp`.`no_mykad`))) ;

-- ----------------------------
-- View structure for v_pelatih_lanjutan_p4a
-- ----------------------------
DROP VIEW IF EXISTS `v_pelatih_lanjutan_p4a`;
CREATE ALGORITHM=UNDEFINED DEFINER=`gspeluser`@`%` SQL SECURITY DEFINER VIEW `v_pelatih_lanjutan_p4a` AS select `pbp`.`id` AS `id_permohonan_butir_peribadi`,`pbp`.`nama_penuh` AS `nama_penuh`,`pbp`.`no_mykad` AS `no_mykad`,`pbp`.`tarikh_hantar` AS `tarikh_hantar`,`tt`.`id` AS `id_temuduga_tetapan`,`tt`.`tawaran_tarikh_lapordiri` AS `tawaran_tarikh_lapordiri`,`tt`.`tawaran_elaun` AS `tawaran_elaun`,`tt`.`tawaran_nama_bank` AS `tawaran_nama_bank`,`tt`.`tawaran_no_akaun` AS `tawaran_no_akaun`,`tt`.`tawaran_cara_bayaran` AS `tawaran_cara_bayaran`,`tt`.`tawaran_status` AS `tawaran_status`,`tt`.`id_kursus` AS `id_kursus_temuduga_tetapan`,`stk`.`id_kursus` AS `id_kursus`,`stk`.`id_giatmara` AS `id_giatmara`,`stk`.`id_intake` AS `id_intake`,`stk`.`status` AS `status_settings_tawaran_kursus`,`k`.`nama_kursus` AS `nama_kursus`,`k`.`kod_kursus` AS `kod_kursus`,`g`.`kod_giatmara` AS `kod_giatmara`,`g`.`id_type_giatmara` AS `id_type_giatmara`,`g`.`nama_giatmara` AS `nama_giatmara`,`i`.`kod_intake` AS `kod_intake`,`i`.`nama_intake` AS `nama_intake`,`n`.`kod_negeri` AS `kod_negeri`,`n`.`nama_negeri` AS `nama_negeri` from (((((((`temuduga_tetapan` `tt` left join `permohonan_butir_peribadi` `pbp` on((`tt`.`id_permohonan` = `pbp`.`id`))) join `permohonan_kursus_lpp09` `pkl` on((`pbp`.`id` = `pkl`.`id_permohonan`))) left join `settings_tawaran_kursus` `stk` on((`tt`.`id_kursus` = `stk`.`id`))) left join `ref_kursus` `k` on((`stk`.`id_kursus` = `k`.`id`))) left join `ref_giatmara` `g` on((`stk`.`id_giatmara` = `g`.`id`))) left join `ref_intake` `i` on((`stk`.`id_intake` = `i`.`id`))) left join `ref_negeri` `n` on((`g`.`id_negeri` = `i`.`id`))) ;

-- ----------------------------
-- View structure for v_pelatih_p4_lpp04
-- ----------------------------
DROP VIEW IF EXISTS `v_pelatih_p4_lpp04`;
CREATE ALGORITHM=UNDEFINED DEFINER=`gspeluser`@`%` SQL SECURITY DEFINER VIEW `v_pelatih_p4_lpp04` AS select `settings_tawaran_kursus`.`id` AS `id_settings_tawaran_kursus`,`ref_negeri`.`nama_negeri` AS `nama_negeri`,`ref_giatmara`.`nama_giatmara` AS `nama_giatmara`,`ref_kursus`.`nama_kursus` AS `nama_kursus`,`ref_kewarganegaraan`.`kewarganegaraan` AS `kewarganegaraan`,`ref_intake`.`nama_intake` AS `nama_intake`,`permohonan_butir_peribadi`.`nama_penuh` AS `nama_penuh`,`permohonan_butir_peribadi`.`no_mykad` AS `no_mykad`,`temuduga_tetapan`.`tarikh_waktu` AS `tarikh_waktu`,date_format(`temuduga_tetapan`.`tarikh_waktu`,'%d-%m-%Y %r') AS `tarikh_temuduga`,`ref_keputusan_temuduga`.`keputusan_temuduga` AS `ket_keputusan_temuduga`,`temuduga_tetapan`.`keputusan_temuduga` AS `keputusan_temuduga`,`t2`.`nama_intake` AS `nama_tawaran_sesi`,`temuduga_tetapan`.`tawaran_sesi` AS `tawaran_sesi`,`t1`.`nama_kursus` AS `nama_tawaran_kursus`,`temuduga_tetapan`.`tawaran_kursus` AS `tawaran_kursus`,`temuduga_tetapan`.`tawaran_elaun` AS `kelayakan_elaun`,`temuduga_tetapan`.`tawaran_status` AS `tawaran_status`,`temuduga_tetapan`.`tawaran_tarikh_lapordiri` AS `tawaran_tarikh_lapordiri`,`temuduga_tetapan`.`tarikh_cetak` AS `tarikh_cetak`,`temuduga_tetapan`.`tawaran_tarikh_cetak` AS `tawaran_tarikh_cetak`,`temuduga_tetapan`.`tawaran_masa_lapordiri` AS `tawaran_masa_lapordiri`,`temuduga_tetapan`.`catatan` AS `catatan`,`ref_negeri`.`id` AS `id_negeri`,`settings_tawaran_kursus`.`id_giatmara` AS `id_giatmara`,`settings_tawaran_kursus`.`id_kursus` AS `id_kursus`,`permohonan_butir_peribadi`.`kewarganegaraan` AS `id_kewarganegaraan`,`settings_tawaran_kursus`.`id_intake` AS `id_intake`,`ref_intake`.`kod_intake` AS `kod_intake`,`temuduga_tetapan`.`id` AS `id_temuduga_tetapan`,`temuduga_tetapan`.`pendaftaran_status` AS `pendaftaran_status`,`temuduga_tetapan`.`id_kursus_sah` AS `id_kursus_sah`,`ref_kursus`.`id_kluster` AS `id_kluster` from ((((((((((((`temuduga_tetapan` join `permohonan_butir_peribadi` on((`temuduga_tetapan`.`id_permohonan` = `permohonan_butir_peribadi`.`id`))) join `permohonan_kursus` on((`permohonan_butir_peribadi`.`id` = `permohonan_kursus`.`id_permohonan`))) join `ref_kewarganegaraan` on((`permohonan_butir_peribadi`.`kewarganegaraan` = `ref_kewarganegaraan`.`id`))) join `settings_tawaran_kursus` on((`temuduga_tetapan`.`id_kursus` = `settings_tawaran_kursus`.`id`))) join `ref_giatmara` on((`settings_tawaran_kursus`.`id_giatmara` = `ref_giatmara`.`id`))) join `ref_negeri` on((`ref_giatmara`.`id_negeri` = `ref_negeri`.`id`))) join `ref_intake` on((`settings_tawaran_kursus`.`id_intake` = `ref_intake`.`id`))) join `ref_kursus` on((`settings_tawaran_kursus`.`id_kursus` = `ref_kursus`.`id`))) join `ref_keputusan_temuduga` on((`ref_keputusan_temuduga`.`id` = `temuduga_tetapan`.`keputusan_temuduga`))) join `settings_tawaran_kursus` `t0` on((`t0`.`id` = `temuduga_tetapan`.`tukar_kursus`))) join `ref_kursus` `t1` on((`t1`.`id` = `t0`.`id_kursus`))) left join `ref_intake` `t2` on((`t2`.`id` = `temuduga_tetapan`.`tawaran_sesi`))) ;

-- ----------------------------
-- View structure for v_pelatih_p5_screen1_lpp04
-- ----------------------------
DROP VIEW IF EXISTS `v_pelatih_p5_screen1_lpp04`;
CREATE ALGORITHM=UNDEFINED DEFINER=`gspeluser`@`%` SQL SECURITY DEFINER VIEW `v_pelatih_p5_screen1_lpp04` AS select `permohonan_butir_peribadi`.`nama_penuh` AS `nama`,`permohonan_butir_peribadi`.`no_mykad` AS `no_mykad`,`temuduga_tetapan`.`tawaran_tarikh_lapordiri` AS `tarikh_tawaran`,`ref_intake`.`nama_intake` AS `sesi`,`temuduga_tetapan`.`tawaran_elaun` AS `kelayakan_elaun`,`temuduga_tetapan`.`tawaran_nama_bank` AS `nama_bank`,`temuduga_tetapan`.`tawaran_no_akaun` AS `no_akaun`,`temuduga_tetapan`.`tawaran_cara_bayaran` AS `cara_bayar`,`temuduga_tetapan`.`pendaftaran_status` AS `tindakan`,`ref_giatmara`.`id_negeri` AS `id_negeri`,`ref_negeri`.`nama_negeri` AS `nama_negeri`,`settings_tawaran_kursus`.`id_giatmara` AS `id_giatmara`,`ref_giatmara`.`nama_giatmara` AS `nama_giatmara`,`settings_tawaran_kursus`.`id_intake` AS `id_intake`,`settings_tawaran_kursus`.`id_kursus` AS `id_kursus`,`ref_kursus`.`nama_kursus` AS `nama_kursus`,`temuduga_tetapan`.`id` AS `id_temuduga_tetapan`,`permohonan_butir_peribadi`.`id` AS `id_permohonan_butir_peribadi`,`settings_tawaran_kursus`.`id` AS `id_setting_tawaran_kursus`,`temuduga_tetapan`.`id_permohonan` AS `id_permohonan`,`temuduga_tetapan`.`tawaran_mula_elaun` AS `tawaran_mula_elaun`,`temuduga_tetapan`.`tawaran_tamat_elaun` AS `tawaran_tamat_elaun`,`temuduga_tetapan`.`id_kew_kod_kombinasi` AS `id_kew_kod_kombinasi`,`temuduga_tetapan`.`tawaran_tarikh_cetak` AS `tawaran_tarikh_cetak`,`temuduga_tetapan`.`id_kursus_daftar` AS `id_kursus_daftar`,`g`.`nama_giatmara` AS `giatmara_sah`,`k`.`nama_kursus` AS `kursus_sah` from ((((((((((`temuduga_tetapan` join `permohonan_butir_peribadi` on((`temuduga_tetapan`.`id_permohonan` = `permohonan_butir_peribadi`.`id`))) join `ref_kewarganegaraan` on((`permohonan_butir_peribadi`.`kewarganegaraan` = `ref_kewarganegaraan`.`id`))) join `settings_tawaran_kursus` on((`temuduga_tetapan`.`id_kursus` = `settings_tawaran_kursus`.`id`))) join `ref_giatmara` on((`settings_tawaran_kursus`.`id_giatmara` = `ref_giatmara`.`id`))) join `ref_negeri` on((`ref_giatmara`.`id_negeri` = `ref_negeri`.`id`))) join `ref_intake` on((`settings_tawaran_kursus`.`id_intake` = `ref_intake`.`id`))) join `ref_kursus` on((`settings_tawaran_kursus`.`id_kursus` = `ref_kursus`.`id`))) left join `settings_tawaran_kursus` `stk` on((`temuduga_tetapan`.`id_kursus_daftar` = `stk`.`id`))) left join `ref_giatmara` `g` on((`stk`.`id_giatmara` = `g`.`id`))) left join `ref_kursus` `k` on((`stk`.`id_kursus` = `k`.`id`))) where ((`temuduga_tetapan`.`tawaran_status` = 1) and ((`temuduga_tetapan`.`pendaftaran_status` = 0) or (`temuduga_tetapan`.`pendaftaran_status` = 2) or isnull(`temuduga_tetapan`.`pendaftaran_status`))) ;

-- ----------------------------
-- View structure for v_pelatih_p5_screen1_lpp04_bak
-- ----------------------------
DROP VIEW IF EXISTS `v_pelatih_p5_screen1_lpp04_bak`;
CREATE ALGORITHM=UNDEFINED DEFINER=`gspeluser`@`%` SQL SECURITY DEFINER VIEW `v_pelatih_p5_screen1_lpp04_bak` AS select `permohonan_butir_peribadi`.`nama_penuh` AS `nama`,`permohonan_butir_peribadi`.`no_mykad` AS `no_mykad`,`temuduga_tetapan`.`tawaran_tarikh_lapordiri` AS `tarikh_tawaran`,`ref_intake`.`nama_intake` AS `sesi`,`temuduga_tetapan`.`tawaran_elaun` AS `kelayakan_elaun`,`temuduga_tetapan`.`tawaran_nama_bank` AS `nama_bank`,`temuduga_tetapan`.`tawaran_no_akaun` AS `no_akaun`,`temuduga_tetapan`.`tawaran_cara_bayaran` AS `cara_bayar`,`temuduga_tetapan`.`pendaftaran_status` AS `tindakan`,`ref_giatmara`.`id_negeri` AS `id_negeri`,`ref_negeri`.`nama_negeri` AS `nama_negeri`,`settings_tawaran_kursus`.`id_giatmara` AS `id_giatmara`,`ref_giatmara`.`nama_giatmara` AS `nama_giatmara`,`settings_tawaran_kursus`.`id_intake` AS `id_intake`,`settings_tawaran_kursus`.`id_kursus` AS `id_kursus`,`ref_kursus`.`nama_kursus` AS `nama_kursus`,`temuduga_tetapan`.`id` AS `id_temuduga_tetapan`,`permohonan_butir_peribadi`.`id` AS `id_permohonan_butir_peribadi`,`settings_tawaran_kursus`.`id` AS `id_setting_tawaran_kursus`,`temuduga_tetapan`.`id_permohonan` AS `id_permohonan`,`temuduga_tetapan`.`tawaran_mula_elaun` AS `tawaran_mula_elaun`,`temuduga_tetapan`.`tawaran_tamat_elaun` AS `tawaran_tamat_elaun`,`temuduga_tetapan`.`id_kew_kod_kombinasi` AS `id_kew_kod_kombinasi` from ((((((((`temuduga_tetapan` join `permohonan_kursus` on((`temuduga_tetapan`.`id_permohonan` = `permohonan_kursus`.`id`))) join `permohonan_butir_peribadi` on((`permohonan_kursus`.`id_permohonan` = `permohonan_butir_peribadi`.`id`))) join `ref_kewarganegaraan` on((`permohonan_butir_peribadi`.`kewarganegaraan` = `ref_kewarganegaraan`.`id`))) join `settings_tawaran_kursus` on((`temuduga_tetapan`.`id_kursus` = `settings_tawaran_kursus`.`id`))) join `ref_giatmara` on((`settings_tawaran_kursus`.`id_giatmara` = `ref_giatmara`.`id`))) join `ref_negeri` on((`ref_giatmara`.`id_negeri` = `ref_negeri`.`id`))) join `ref_intake` on((`settings_tawaran_kursus`.`id_intake` = `ref_intake`.`id`))) join `ref_kursus` on((`settings_tawaran_kursus`.`id_kursus` = `ref_kursus`.`id`))) where ((`temuduga_tetapan`.`tawaran_status` = 1) and ((`temuduga_tetapan`.`pendaftaran_status` = 0) or (`temuduga_tetapan`.`pendaftaran_status` = 2) or isnull(`temuduga_tetapan`.`pendaftaran_status`))) ;

-- ----------------------------
-- View structure for v_pelatih_p5_screen3_lpp04
-- ----------------------------
DROP VIEW IF EXISTS `v_pelatih_p5_screen3_lpp04`;
CREATE ALGORITHM=UNDEFINED DEFINER=`gspeluser`@`%` SQL SECURITY DEFINER VIEW `v_pelatih_p5_screen3_lpp04` AS select `permohonan_butir_peribadi`.`nama_penuh` AS `nama`,`permohonan_butir_peribadi`.`no_mykad` AS `no_mykad`,`temuduga_tetapan`.`tawaran_tarikh_lapordiri` AS `tarikh_tawaran`,`ref_intake`.`nama_intake` AS `sesi`,`temuduga_tetapan`.`tawaran_elaun` AS `kelayakan_elaun`,`temuduga_tetapan`.`tawaran_nama_bank` AS `nama_bank`,`temuduga_tetapan`.`tawaran_no_akaun` AS `no_akaun`,`temuduga_tetapan`.`tawaran_cara_bayaran` AS `cara_bayar`,`temuduga_tetapan`.`pendaftaran_status` AS `tindakan`,`ref_giatmara`.`id_negeri` AS `id_negeri`,`ref_negeri`.`nama_negeri` AS `nama_negeri`,`settings_tawaran_kursus`.`id_giatmara` AS `id_giatmara`,`ref_giatmara`.`nama_giatmara` AS `nama_giatmara`,`settings_tawaran_kursus`.`id_intake` AS `id_intake`,`settings_tawaran_kursus`.`id_kursus` AS `id_kursus`,`ref_kursus`.`nama_kursus` AS `nama_kursus`,`temuduga_tetapan`.`id` AS `id_temuduga_tetapan`,`permohonan_butir_peribadi`.`id` AS `id_permohonan_butir_peribadi`,`settings_tawaran_kursus`.`id` AS `id_setting_tawaran_kursus`,`temuduga_tetapan`.`id_permohonan` AS `id_permohonan`,`temuduga_tetapan`.`tawaran_mula_elaun` AS `tawaran_mula_elaun`,`temuduga_tetapan`.`tawaran_tamat_elaun` AS `tawaran_tamat_elaun`,`temuduga_tetapan`.`id_kew_kod_kombinasi` AS `id_kew_kod_kombinasi` from (((((((`temuduga_tetapan` join `permohonan_butir_peribadi` on((`temuduga_tetapan`.`id_permohonan` = `permohonan_butir_peribadi`.`id`))) join `ref_kewarganegaraan` on((`permohonan_butir_peribadi`.`kewarganegaraan` = `ref_kewarganegaraan`.`id`))) join `settings_tawaran_kursus` on((`temuduga_tetapan`.`id_kursus` = `settings_tawaran_kursus`.`id`))) join `ref_giatmara` on((`settings_tawaran_kursus`.`id_giatmara` = `ref_giatmara`.`id`))) join `ref_negeri` on((`ref_giatmara`.`id_negeri` = `ref_negeri`.`id`))) join `ref_intake` on((`settings_tawaran_kursus`.`id_intake` = `ref_intake`.`id`))) join `ref_kursus` on((`settings_tawaran_kursus`.`id_kursus` = `ref_kursus`.`id`))) where ((`temuduga_tetapan`.`tawaran_status` = 1) and ((`temuduga_tetapan`.`pendaftaran_status` = 1) or (`temuduga_tetapan`.`pendaftaran_status` = 3))) ;

-- ----------------------------
-- View structure for v_pelatih_p5_screen3_lpp04_bak
-- ----------------------------
DROP VIEW IF EXISTS `v_pelatih_p5_screen3_lpp04_bak`;
CREATE ALGORITHM=UNDEFINED DEFINER=`gspeluser`@`%` SQL SECURITY DEFINER VIEW `v_pelatih_p5_screen3_lpp04_bak` AS select `permohonan_butir_peribadi`.`nama_penuh` AS `nama`,`permohonan_butir_peribadi`.`no_mykad` AS `no_mykad`,`temuduga_tetapan`.`tawaran_tarikh_lapordiri` AS `tarikh_tawaran`,`ref_intake`.`nama_intake` AS `sesi`,`temuduga_tetapan`.`tawaran_elaun` AS `kelayakan_elaun`,`temuduga_tetapan`.`tawaran_nama_bank` AS `nama_bank`,`temuduga_tetapan`.`tawaran_no_akaun` AS `no_akaun`,`temuduga_tetapan`.`tawaran_cara_bayaran` AS `cara_bayar`,`temuduga_tetapan`.`pendaftaran_status` AS `tindakan`,`ref_giatmara`.`id_negeri` AS `id_negeri`,`ref_negeri`.`nama_negeri` AS `nama_negeri`,`settings_tawaran_kursus`.`id_giatmara` AS `id_giatmara`,`ref_giatmara`.`nama_giatmara` AS `nama_giatmara`,`settings_tawaran_kursus`.`id_intake` AS `id_intake`,`settings_tawaran_kursus`.`id_kursus` AS `id_kursus`,`ref_kursus`.`nama_kursus` AS `nama_kursus`,`temuduga_tetapan`.`id` AS `id_temuduga_tetapan`,`permohonan_butir_peribadi`.`id` AS `id_permohonan_butir_peribadi`,`settings_tawaran_kursus`.`id` AS `id_setting_tawaran_kursus`,`temuduga_tetapan`.`id_permohonan` AS `id_permohonan`,`temuduga_tetapan`.`tawaran_mula_elaun` AS `tawaran_mula_elaun`,`temuduga_tetapan`.`tawaran_tamat_elaun` AS `tawaran_tamat_elaun`,`temuduga_tetapan`.`id_kew_kod_kombinasi` AS `id_kew_kod_kombinasi` from ((((((((`temuduga_tetapan` join `permohonan_kursus` on((`temuduga_tetapan`.`id_permohonan` = `permohonan_kursus`.`id`))) join `permohonan_butir_peribadi` on((`permohonan_kursus`.`id_permohonan` = `permohonan_butir_peribadi`.`id`))) join `ref_kewarganegaraan` on((`permohonan_butir_peribadi`.`kewarganegaraan` = `ref_kewarganegaraan`.`id`))) join `settings_tawaran_kursus` on((`temuduga_tetapan`.`id_kursus` = `settings_tawaran_kursus`.`id`))) join `ref_giatmara` on((`settings_tawaran_kursus`.`id_giatmara` = `ref_giatmara`.`id`))) join `ref_negeri` on((`ref_giatmara`.`id_negeri` = `ref_negeri`.`id`))) join `ref_intake` on((`settings_tawaran_kursus`.`id_intake` = `ref_intake`.`id`))) join `ref_kursus` on((`settings_tawaran_kursus`.`id_kursus` = `ref_kursus`.`id`))) where ((`temuduga_tetapan`.`tawaran_status` = 1) and ((`temuduga_tetapan`.`pendaftaran_status` = 1) or (`temuduga_tetapan`.`pendaftaran_status` = 3))) ;

-- ----------------------------
-- View structure for v_pelatih_p5_screen5_lpp04
-- ----------------------------
DROP VIEW IF EXISTS `v_pelatih_p5_screen5_lpp04`;
CREATE ALGORITHM=UNDEFINED DEFINER=`gspeluser`@`%` SQL SECURITY DEFINER VIEW `v_pelatih_p5_screen5_lpp04` AS select `permohonan_butir_peribadi`.`nama_penuh` AS `nama`,`permohonan_butir_peribadi`.`no_mykad` AS `no_mykad`,`temuduga_tetapan`.`tawaran_tarikh_lapordiri` AS `tarikh_tawaran`,`ref_intake`.`nama_intake` AS `sesi`,`temuduga_tetapan`.`tawaran_elaun` AS `kelayakan_elaun`,`temuduga_tetapan`.`tawaran_nama_bank` AS `nama_bank`,`temuduga_tetapan`.`tawaran_no_akaun` AS `no_akaun`,`temuduga_tetapan`.`tawaran_cara_bayaran` AS `cara_bayar`,`temuduga_tetapan`.`pendaftaran_status` AS `tindakan`,`ref_giatmara`.`id_negeri` AS `id_negeri`,`ref_negeri`.`nama_negeri` AS `nama_negeri`,`settings_tawaran_kursus`.`id_giatmara` AS `id_giatmara`,`ref_giatmara`.`nama_giatmara` AS `nama_giatmara`,`settings_tawaran_kursus`.`id_intake` AS `id_intake`,`settings_tawaran_kursus`.`id_kursus` AS `id_kursus`,`ref_kursus`.`nama_kursus` AS `nama_kursus`,`temuduga_tetapan`.`id` AS `id_temuduga_tetapan`,`permohonan_butir_peribadi`.`id` AS `id_permohonan_butir_peribadi`,`settings_tawaran_kursus`.`id` AS `id_setting_tawaran_kursus`,`temuduga_tetapan`.`id_kursus` AS `id_kursus_temuduga_tetapan`,`temuduga_tetapan`.`tawaran_mula_elaun` AS `tawaran_mula_elaun`,`temuduga_tetapan`.`tawaran_tamat_elaun` AS `tawaran_tamat_elaun`,`temuduga_tetapan`.`id_kew_kod_kombinasi` AS `id_kew_kod_kombinasi`,`temuduga_tetapan`.`tawaran_tarikh_cetak` AS `tawaran_tarikh_cetak` from (((((((`temuduga_tetapan` join `permohonan_butir_peribadi` on((`temuduga_tetapan`.`id_permohonan` = `permohonan_butir_peribadi`.`id`))) join `ref_kewarganegaraan` on((`permohonan_butir_peribadi`.`kewarganegaraan` = `ref_kewarganegaraan`.`id`))) join `settings_tawaran_kursus` on((`temuduga_tetapan`.`id_kursus` = `settings_tawaran_kursus`.`id`))) join `ref_giatmara` on((`settings_tawaran_kursus`.`id_giatmara` = `ref_giatmara`.`id`))) join `ref_negeri` on((`ref_giatmara`.`id_negeri` = `ref_negeri`.`id`))) join `ref_intake` on((`settings_tawaran_kursus`.`id_intake` = `ref_intake`.`id`))) join `ref_kursus` on((`settings_tawaran_kursus`.`id_kursus` = `ref_kursus`.`id`))) where ((`temuduga_tetapan`.`pendaftaran_status` = 4) and (`temuduga_tetapan`.`tawaran_status` = 1)) ;

-- ----------------------------
-- View structure for v_pelatih_p5_screen5_lpp04_bak
-- ----------------------------
DROP VIEW IF EXISTS `v_pelatih_p5_screen5_lpp04_bak`;
CREATE ALGORITHM=UNDEFINED DEFINER=`gspeluser`@`%` SQL SECURITY DEFINER VIEW `v_pelatih_p5_screen5_lpp04_bak` AS select `permohonan_butir_peribadi`.`nama_penuh` AS `nama`,`permohonan_butir_peribadi`.`no_mykad` AS `no_mykad`,`temuduga_tetapan`.`tawaran_tarikh_lapordiri` AS `tarikh_tawaran`,`ref_intake`.`nama_intake` AS `sesi`,`temuduga_tetapan`.`tawaran_elaun` AS `kelayakan_elaun`,`temuduga_tetapan`.`tawaran_nama_bank` AS `nama_bank`,`temuduga_tetapan`.`tawaran_no_akaun` AS `no_akaun`,`temuduga_tetapan`.`tawaran_cara_bayaran` AS `cara_bayar`,`temuduga_tetapan`.`pendaftaran_status` AS `tindakan`,`ref_giatmara`.`id_negeri` AS `id_negeri`,`ref_negeri`.`nama_negeri` AS `nama_negeri`,`settings_tawaran_kursus`.`id_giatmara` AS `id_giatmara`,`ref_giatmara`.`nama_giatmara` AS `nama_giatmara`,`settings_tawaran_kursus`.`id_intake` AS `id_intake`,`settings_tawaran_kursus`.`id_kursus` AS `id_kursus`,`ref_kursus`.`nama_kursus` AS `nama_kursus`,`temuduga_tetapan`.`id` AS `id_temuduga_tetapan`,`permohonan_butir_peribadi`.`id` AS `id_permohonan_butir_peribadi`,`settings_tawaran_kursus`.`id` AS `id_setting_tawaran_kursus`,`temuduga_tetapan`.`id_kursus` AS `id_kursus_temuduga_tetapan`,`temuduga_tetapan`.`tawaran_mula_elaun` AS `tawaran_mula_elaun`,`temuduga_tetapan`.`tawaran_tamat_elaun` AS `tawaran_tamat_elaun`,`temuduga_tetapan`.`id_kew_kod_kombinasi` AS `id_kew_kod_kombinasi` from ((((((((`temuduga_tetapan` join `permohonan_kursus` on((`temuduga_tetapan`.`id_permohonan` = `permohonan_kursus`.`id`))) join `permohonan_butir_peribadi` on((`permohonan_kursus`.`id_permohonan` = `permohonan_butir_peribadi`.`id`))) join `ref_kewarganegaraan` on((`permohonan_butir_peribadi`.`kewarganegaraan` = `ref_kewarganegaraan`.`id`))) join `settings_tawaran_kursus` on((`temuduga_tetapan`.`id_kursus` = `settings_tawaran_kursus`.`id`))) join `ref_giatmara` on((`settings_tawaran_kursus`.`id_giatmara` = `ref_giatmara`.`id`))) join `ref_negeri` on((`ref_giatmara`.`id_negeri` = `ref_negeri`.`id`))) join `ref_intake` on((`settings_tawaran_kursus`.`id_intake` = `ref_intake`.`id`))) join `ref_kursus` on((`settings_tawaran_kursus`.`id_kursus` = `ref_kursus`.`id`))) where ((`temuduga_tetapan`.`pendaftaran_status` = 4) and (`temuduga_tetapan`.`tawaran_status` = 1)) ;

-- ----------------------------
-- View structure for v_pelatih_p5_screen6_lpp04
-- ----------------------------
DROP VIEW IF EXISTS `v_pelatih_p5_screen6_lpp04`;
CREATE ALGORITHM=UNDEFINED DEFINER=`gspeluser`@`%` SQL SECURITY DEFINER VIEW `v_pelatih_p5_screen6_lpp04` AS select `permohonan_butir_peribadi`.`nama_penuh` AS `nama`,`permohonan_butir_peribadi`.`no_mykad` AS `no_mykad`,`temuduga_tetapan`.`tawaran_tarikh_lapordiri` AS `tarikh_tawaran`,`ref_intake`.`nama_intake` AS `sesi`,`temuduga_tetapan`.`tawaran_elaun` AS `kelayakan_elaun`,`kew_bank`.`name` AS `nama_bank`,`pelatih`.`no_akaun` AS `no_akaun`,`pelatih`.`cara_bayaran` AS `cara_bayar`,`temuduga_tetapan`.`pendaftaran_status` AS `tindakan`,`ref_giatmara`.`id_negeri` AS `id_negeri`,`ref_negeri`.`nama_negeri` AS `nama_negeri`,`settings_tawaran_kursus`.`id_giatmara` AS `id_giatmara`,`ref_giatmara`.`nama_giatmara` AS `nama_giatmara`,`settings_tawaran_kursus`.`id_intake` AS `id_intake`,`settings_tawaran_kursus`.`id_kursus` AS `id_kursus`,`ref_kursus`.`nama_kursus` AS `nama_kursus`,`temuduga_tetapan`.`id` AS `id_temuduga_tetapan`,`permohonan_butir_peribadi`.`id` AS `id_permohonan_butir_peribadi`,`settings_tawaran_kursus`.`id` AS `id_setting_tawaran_kursus`,`temuduga_tetapan`.`tawaran_mula_elaun` AS `tawaran_mula_elaun`,`temuduga_tetapan`.`tawaran_tamat_elaun` AS `tawaran_tamat_elaun`,`temuduga_tetapan`.`id_kew_kod_kombinasi` AS `id_kew_kod_kombinasi`,`pelatih`.`id_pelatih` AS `id_pelatih`,`pelatih`.`no_pelatih` AS `no_pelatih`,`pelatih`.`tarikh_daftar` AS `tarikh_daftar`,`temuduga_tetapan`.`tawaran_tarikh_cetak_2` AS `tawaran_tarikh_cetak`,`temuduga_tetapan`.`tawaran_tarikh_lapordiri` AS `tawaran_tarikh_lapordiri` from (((((((((`temuduga_tetapan` join `permohonan_butir_peribadi` on((`temuduga_tetapan`.`id_permohonan` = `permohonan_butir_peribadi`.`id`))) join `ref_kewarganegaraan` on((`permohonan_butir_peribadi`.`kewarganegaraan` = `ref_kewarganegaraan`.`id`))) join `pelatih` on((`pelatih`.`id_permohonan` = `permohonan_butir_peribadi`.`id`))) join `settings_tawaran_kursus` on((`pelatih`.`id_kursus` = `settings_tawaran_kursus`.`id`))) join `ref_giatmara` on((`settings_tawaran_kursus`.`id_giatmara` = `ref_giatmara`.`id`))) join `ref_negeri` on((`ref_giatmara`.`id_negeri` = `ref_negeri`.`id`))) join `ref_intake` on((`settings_tawaran_kursus`.`id_intake` = `ref_intake`.`id`))) join `ref_kursus` on((`settings_tawaran_kursus`.`id_kursus` = `ref_kursus`.`id`))) join `kew_bank` on((`pelatih`.`nama_bank` = `kew_bank`.`id`))) where ((`temuduga_tetapan`.`pendaftaran_status` = 5) and (`temuduga_tetapan`.`tawaran_status` = 1)) ;

-- ----------------------------
-- View structure for v_pelatih_p5_screen6_lpp04_bak
-- ----------------------------
DROP VIEW IF EXISTS `v_pelatih_p5_screen6_lpp04_bak`;
CREATE ALGORITHM=UNDEFINED DEFINER=`gspeluser`@`%` SQL SECURITY DEFINER VIEW `v_pelatih_p5_screen6_lpp04_bak` AS select `permohonan_butir_peribadi`.`nama_penuh` AS `nama`,`permohonan_butir_peribadi`.`no_mykad` AS `no_mykad`,`temuduga_tetapan`.`tawaran_tarikh_lapordiri` AS `tarikh_tawaran`,`ref_intake`.`nama_intake` AS `sesi`,`temuduga_tetapan`.`tawaran_elaun` AS `kelayakan_elaun`,`temuduga_tetapan`.`tawaran_nama_bank` AS `nama_bank`,`temuduga_tetapan`.`tawaran_no_akaun` AS `no_akaun`,`temuduga_tetapan`.`tawaran_cara_bayaran` AS `cara_bayar`,`temuduga_tetapan`.`pendaftaran_status` AS `tindakan`,`ref_giatmara`.`id_negeri` AS `id_negeri`,`ref_negeri`.`nama_negeri` AS `nama_negeri`,`settings_tawaran_kursus`.`id_giatmara` AS `id_giatmara`,`ref_giatmara`.`nama_giatmara` AS `nama_giatmara`,`settings_tawaran_kursus`.`id_intake` AS `id_intake`,`settings_tawaran_kursus`.`id_kursus` AS `id_kursus`,`ref_kursus`.`nama_kursus` AS `nama_kursus`,`temuduga_tetapan`.`id` AS `id_temuduga_tetapan`,`permohonan_butir_peribadi`.`id` AS `id_permohonan_butir_peribadi`,`settings_tawaran_kursus`.`id` AS `id_setting_tawaran_kursus`,`temuduga_tetapan`.`tawaran_mula_elaun` AS `tawaran_mula_elaun`,`temuduga_tetapan`.`tawaran_tamat_elaun` AS `tawaran_tamat_elaun`,`temuduga_tetapan`.`id_kew_kod_kombinasi` AS `id_kew_kod_kombinasi`,`pelatih`.`no_pelatih` AS `no_pelatih`,`pelatih`.`tarikh_daftar` AS `tarikh_daftar` from (((((((((`temuduga_tetapan` join `permohonan_kursus` on((`temuduga_tetapan`.`id_permohonan` = `permohonan_kursus`.`id`))) join `permohonan_butir_peribadi` on((`permohonan_kursus`.`id_permohonan` = `permohonan_butir_peribadi`.`id`))) join `ref_kewarganegaraan` on((`permohonan_butir_peribadi`.`kewarganegaraan` = `ref_kewarganegaraan`.`id`))) join `settings_tawaran_kursus` on((`temuduga_tetapan`.`id_kursus` = `settings_tawaran_kursus`.`id`))) join `ref_giatmara` on((`settings_tawaran_kursus`.`id_giatmara` = `ref_giatmara`.`id`))) join `ref_negeri` on((`ref_giatmara`.`id_negeri` = `ref_negeri`.`id`))) join `ref_intake` on((`settings_tawaran_kursus`.`id_intake` = `ref_intake`.`id`))) join `ref_kursus` on((`settings_tawaran_kursus`.`id_kursus` = `ref_kursus`.`id`))) join `pelatih` on((`pelatih`.`id_permohonan` = `temuduga_tetapan`.`id`))) where ((`temuduga_tetapan`.`pendaftaran_status` = 5) and (`temuduga_tetapan`.`tawaran_status` = 1)) ;

-- ----------------------------
-- View structure for v_pelatih_potongan
-- ----------------------------
DROP VIEW IF EXISTS `v_pelatih_potongan`;
CREATE ALGORITHM=UNDEFINED DEFINER=`gspeluser`@`%` SQL SECURITY DEFINER VIEW `v_pelatih_potongan` AS select `pelatih_potongan`.`id_pelatih` AS `id_pelatih`,`pelatih_potongan`.`id_kew_potongan` AS `id_kew_potongan`,`kew_potongan`.`name` AS `name`,`kew_potongan`.`value_per_unit` AS `value_per_unit`,`pelatih_potongan`.`tarikh_ditambah` AS `tarikh_ditambah` from (`pelatih_potongan` join `kew_potongan` on((`pelatih_potongan`.`id_kew_potongan` = `kew_potongan`.`id`))) ;

-- ----------------------------
-- View structure for v_pelatihan_p4
-- ----------------------------
DROP VIEW IF EXISTS `v_pelatihan_p4`;
CREATE ALGORITHM=UNDEFINED DEFINER=`gspeluser`@`%` SQL SECURITY DEFINER VIEW `v_pelatihan_p4` AS select `settings_tawaran_kursus`.`id` AS `id_settings_tawaran_kursus`,`ref_negeri`.`nama_negeri` AS `nama_negeri`,`ref_giatmara`.`nama_giatmara` AS `nama_giatmara`,`ref_kursus`.`nama_kursus` AS `nama_kursus`,`ref_kewarganegaraan`.`kewarganegaraan` AS `kewarganegaraan`,`ref_intake`.`nama_intake` AS `nama_intake`,`permohonan_butir_peribadi`.`nama_penuh` AS `nama_penuh`,`permohonan_butir_peribadi`.`no_mykad` AS `no_mykad`,`temuduga_tetapan`.`tarikh_waktu` AS `tarikh_waktu`,date_format(`temuduga_tetapan`.`tarikh_waktu`,'%d-%m-%Y %r') AS `tarikh_temuduga`,`ref_keputusan_temuduga`.`keputusan_temuduga` AS `ket_keputusan_temuduga`,`temuduga_tetapan`.`keputusan_temuduga` AS `keputusan_temuduga`,`t2`.`nama_intake` AS `nama_tawaran_sesi`,`temuduga_tetapan`.`tawaran_sesi` AS `tawaran_sesi`,`t1`.`nama_kursus` AS `nama_tawaran_kursus`,`temuduga_tetapan`.`tawaran_kursus` AS `tawaran_kursus`,`temuduga_tetapan`.`tawaran_elaun` AS `kelayakan_elaun`,`temuduga_tetapan`.`tawaran_status` AS `tawaran_status`,`temuduga_tetapan`.`tawaran_tarikh_lapordiri` AS `tawaran_tarikh_lapordiri`,`temuduga_tetapan`.`tarikh_cetak` AS `tarikh_cetak`,`temuduga_tetapan`.`tawaran_tarikh_cetak` AS `tawaran_tarikh_cetak`,`temuduga_tetapan`.`tawaran_tarikh_cetak_2` AS `tawaran_tarikh_cetak_2`,`temuduga_tetapan`.`tawaran_masa_lapordiri` AS `tawaran_masa_lapordiri`,`ref_negeri`.`id` AS `id_negeri`,`settings_tawaran_kursus`.`id_giatmara` AS `id_giatmara`,`settings_tawaran_kursus`.`id_kursus` AS `id_kursus`,`permohonan_butir_peribadi`.`kewarganegaraan` AS `id_kewarganegaraan`,`settings_tawaran_kursus`.`id_intake` AS `id_intake`,`ref_intake`.`kod_intake` AS `kod_intake`,`temuduga_tetapan`.`id` AS `id_temuduga_tetapan`,`temuduga_tetapan`.`pendaftaran_status` AS `pendaftaran_status`,`temuduga_tetapan`.`id_kursus_sah` AS `id_kursus_sah`,`ref_kursus`.`id_kluster` AS `id_kluster`,`temuduga_tetapan`.`id_permohonan` AS `id_permohonan` from (((((((((((`temuduga_tetapan` join `permohonan_butir_peribadi` on((`permohonan_butir_peribadi`.`id` = `temuduga_tetapan`.`id_permohonan`))) join `ref_kewarganegaraan` on((`permohonan_butir_peribadi`.`kewarganegaraan` = `ref_kewarganegaraan`.`id`))) join `settings_tawaran_kursus` on((`settings_tawaran_kursus`.`id` = `temuduga_tetapan`.`id_kursus`))) join `ref_giatmara` on((`settings_tawaran_kursus`.`id_giatmara` = `ref_giatmara`.`id`))) join `ref_negeri` on((`ref_giatmara`.`id_negeri` = `ref_negeri`.`id`))) join `ref_intake` on((`settings_tawaran_kursus`.`id_intake` = `ref_intake`.`id`))) join `ref_kursus` on((`settings_tawaran_kursus`.`id_kursus` = `ref_kursus`.`id`))) join `ref_keputusan_temuduga` on((`ref_keputusan_temuduga`.`id` = `temuduga_tetapan`.`keputusan_temuduga`))) join `settings_tawaran_kursus` `t0` on((`t0`.`id` = `temuduga_tetapan`.`tukar_kursus`))) join `ref_kursus` `t1` on((`t1`.`id` = `t0`.`id_kursus`))) left join `ref_intake` `t2` on((`t2`.`id` = `temuduga_tetapan`.`tawaran_sesi`))) ;

-- ----------------------------
-- View structure for v_pelatihan_p4_bak
-- ----------------------------
DROP VIEW IF EXISTS `v_pelatihan_p4_bak`;
CREATE ALGORITHM=UNDEFINED DEFINER=`gspeluser`@`%` SQL SECURITY DEFINER VIEW `v_pelatihan_p4_bak` AS select `gspel1`.`settings_tawaran_kursus`.`id` AS `id_settings_tawaran_kursus`,`gspel1`.`ref_negeri`.`nama_negeri` AS `nama_negeri`,`gspel1`.`ref_giatmara`.`nama_giatmara` AS `nama_giatmara`,`gspel1`.`ref_kursus`.`nama_kursus` AS `nama_kursus`,`gspel1`.`ref_kewarganegaraan`.`kewarganegaraan` AS `kewarganegaraan`,`gspel1`.`ref_intake`.`nama_intake` AS `nama_intake`,`gspel1`.`permohonan_butir_peribadi`.`nama_penuh` AS `nama_penuh`,`gspel1`.`permohonan_butir_peribadi`.`no_mykad` AS `no_mykad`,`gspel1`.`temuduga_tetapan`.`tarikh_waktu` AS `tarikh_waktu`,date_format(`gspel1`.`temuduga_tetapan`.`tarikh_waktu`,'%d %M %Y %r') AS `tarikh_temuduga`,`gspel1`.`ref_keputusan_temuduga`.`keputusan_temuduga` AS `ket_keputusan_temuduga`,`gspel1`.`temuduga_tetapan`.`keputusan_temuduga` AS `keputusan_temuduga`,`t2`.`nama_intake` AS `nama_tawaran_sesi`,`gspel1`.`temuduga_tetapan`.`tawaran_sesi` AS `tawaran_sesi`,`t1`.`nama_kursus` AS `nama_tawaran_kursus`,`gspel1`.`temuduga_tetapan`.`tawaran_kursus` AS `tawaran_kursus`,`gspel1`.`temuduga_tetapan`.`tawaran_elaun` AS `kelayakan_elaun`,`gspel1`.`temuduga_tetapan`.`tawaran_status` AS `tawaran_status`,`gspel1`.`temuduga_tetapan`.`tawaran_tarikh_lapordiri` AS `tawaran_tarikh_lapordiri`,`gspel1`.`temuduga_tetapan`.`tarikh_cetak` AS `tarikh_cetak`,`gspel1`.`temuduga_tetapan`.`tawaran_tarikh_cetak` AS `tawaran_tarikh_cetak`,`gspel1`.`temuduga_tetapan`.`tawaran_masa_lapordiri` AS `tawaran_masa_lapordiri`,`gspel1`.`ref_negeri`.`id` AS `id_negeri`,`gspel1`.`settings_tawaran_kursus`.`id_giatmara` AS `id_giatmara`,`gspel1`.`settings_tawaran_kursus`.`id_kursus` AS `id_kursus`,`gspel1`.`permohonan_butir_peribadi`.`kewarganegaraan` AS `id_kewarganegaraan`,`gspel1`.`settings_tawaran_kursus`.`id_intake` AS `id_intake`,`v_permohonan_kursus`.`id` AS `id_permohonan_kursus`,`gspel1`.`ref_intake`.`kod_intake` AS `kod_intake`,`gspel1`.`temuduga_tetapan`.`id` AS `id_temuduga_tetapan`,`gspel1`.`temuduga_tetapan`.`pendaftaran_status` AS `pendaftaran_status`,`gspel1`.`temuduga_tetapan`.`id_kursus_sah` AS `id_kursus_sah`,`gspel1`.`ref_kursus`.`id_kluster` AS `id_kluster` from ((((((((((((`gspel1`.`v_permohonan_kursus` join `gspel1`.`permohonan_butir_peribadi` on((`gspel1`.`permohonan_butir_peribadi`.`id` = `v_permohonan_kursus`.`id_permohonan`))) join `gspel1`.`ref_kewarganegaraan` on((`gspel1`.`permohonan_butir_peribadi`.`kewarganegaraan` = `gspel1`.`ref_kewarganegaraan`.`id`))) join `gspel1`.`settings_tawaran_kursus` on((`gspel1`.`settings_tawaran_kursus`.`id` = `v_permohonan_kursus`.`kursus`))) join `gspel1`.`ref_giatmara` on((`gspel1`.`settings_tawaran_kursus`.`id_giatmara` = `gspel1`.`ref_giatmara`.`id`))) join `gspel1`.`ref_negeri` on((`gspel1`.`ref_giatmara`.`id_negeri` = `gspel1`.`ref_negeri`.`id`))) join `gspel1`.`ref_intake` on((`gspel1`.`settings_tawaran_kursus`.`id_intake` = `gspel1`.`ref_intake`.`id`))) join `gspel1`.`ref_kursus` on((`gspel1`.`settings_tawaran_kursus`.`id_kursus` = `gspel1`.`ref_kursus`.`id`))) join `gspel1`.`temuduga_tetapan` on(((`gspel1`.`temuduga_tetapan`.`id_permohonan` = `v_permohonan_kursus`.`id`) and (`gspel1`.`temuduga_tetapan`.`id_giatmara` = `gspel1`.`settings_tawaran_kursus`.`id_giatmara`) and (`gspel1`.`temuduga_tetapan`.`id_kursus` = `gspel1`.`settings_tawaran_kursus`.`id`)))) join `gspel1`.`ref_keputusan_temuduga` on((`gspel1`.`ref_keputusan_temuduga`.`id` = `gspel1`.`temuduga_tetapan`.`keputusan_temuduga`))) join `gspel1`.`settings_tawaran_kursus` `t0` on((`t0`.`id` = `gspel1`.`temuduga_tetapan`.`tukar_kursus`))) join `gspel1`.`ref_kursus` `t1` on((`t1`.`id` = `t0`.`id_kursus`))) left join `gspel1`.`ref_intake` `t2` on((`t2`.`id` = `gspel1`.`temuduga_tetapan`.`tawaran_sesi`))) ;

-- ----------------------------
-- View structure for v_pelatihan_p5_screen1
-- ----------------------------
DROP VIEW IF EXISTS `v_pelatihan_p5_screen1`;
CREATE ALGORITHM=UNDEFINED DEFINER=`gspeluser`@`%` SQL SECURITY DEFINER VIEW `v_pelatihan_p5_screen1` AS select `permohonan_butir_peribadi`.`nama_penuh` AS `nama`,`permohonan_butir_peribadi`.`no_mykad` AS `no_mykad`,`temuduga_tetapan`.`tawaran_tarikh_lapordiri` AS `tarikh_tawaran`,`ref_intake`.`nama_intake` AS `sesi`,`temuduga_tetapan`.`tawaran_elaun` AS `kelayakan_elaun`,`temuduga_tetapan`.`tawaran_nama_bank` AS `name_bank`,`temuduga_tetapan`.`tawaran_no_akaun` AS `no_akaun`,`temuduga_tetapan`.`tawaran_cara_bayaran` AS `cara_bayar`,`temuduga_tetapan`.`pendaftaran_status` AS `tindakan`,`ref_giatmara`.`id_negeri` AS `id_negeri`,`ref_negeri`.`nama_negeri` AS `nama_negeri`,`settings_tawaran_kursus`.`id_giatmara` AS `id_giatmara`,`ref_giatmara`.`nama_giatmara` AS `nama_giatmara`,`settings_tawaran_kursus`.`id_intake` AS `id_intake`,`settings_tawaran_kursus`.`id_kursus` AS `id_kursus`,`ref_kursus`.`nama_kursus` AS `nama_kursus`,`temuduga_tetapan`.`id` AS `id_temuduga_tetapan`,`permohonan_butir_peribadi`.`id` AS `id_permohonan_butir_peribadi`,`settings_tawaran_kursus`.`id` AS `id_setting_tawaran_kursus`,`temuduga_tetapan`.`id_permohonan` AS `id_permohonan`,`temuduga_tetapan`.`tawaran_mula_elaun` AS `tawaran_mula_elaun`,`temuduga_tetapan`.`tawaran_tamat_elaun` AS `tawaran_tamat_elaun`,`temuduga_tetapan`.`id_kew_kod_kombinasi` AS `id_kew_kod_kombinasi` from (((((((`temuduga_tetapan` join `permohonan_butir_peribadi` on((`temuduga_tetapan`.`id_permohonan` = `permohonan_butir_peribadi`.`id`))) join `ref_kewarganegaraan` on((`permohonan_butir_peribadi`.`kewarganegaraan` = `ref_kewarganegaraan`.`id`))) join `settings_tawaran_kursus` on((`temuduga_tetapan`.`id_kursus` = `settings_tawaran_kursus`.`id`))) join `ref_giatmara` on((`settings_tawaran_kursus`.`id_giatmara` = `ref_giatmara`.`id`))) join `ref_negeri` on((`ref_giatmara`.`id_negeri` = `ref_negeri`.`id`))) join `ref_intake` on((`settings_tawaran_kursus`.`id_intake` = `ref_intake`.`id`))) join `ref_kursus` on((`settings_tawaran_kursus`.`id_kursus` = `ref_kursus`.`id`))) where ((`temuduga_tetapan`.`tawaran_status` = 1) and ((`temuduga_tetapan`.`pendaftaran_status` = 0) or (`temuduga_tetapan`.`pendaftaran_status` = 2) or isnull(`temuduga_tetapan`.`pendaftaran_status`))) ;

-- ----------------------------
-- View structure for v_pelatihan_p5_screen1_ori
-- ----------------------------
DROP VIEW IF EXISTS `v_pelatihan_p5_screen1_ori`;
CREATE ALGORITHM=UNDEFINED DEFINER=`gspeluser`@`%` SQL SECURITY DEFINER VIEW `v_pelatihan_p5_screen1_ori` AS select `permohonan_butir_peribadi`.`nama_penuh` AS `nama`,`permohonan_butir_peribadi`.`no_mykad` AS `no_mykad`,`temuduga_tetapan`.`tawaran_tarikh_lapordiri` AS `tarikh_tawaran`,`ref_intake`.`nama_intake` AS `sesi`,`temuduga_tetapan`.`tawaran_elaun` AS `kelayakan_elaun`,`temuduga_tetapan`.`tawaran_nama_bank` AS `nama_bank`,`temuduga_tetapan`.`tawaran_no_akaun` AS `no_akaun`,`temuduga_tetapan`.`tawaran_cara_bayaran` AS `cara_bayar`,`temuduga_tetapan`.`pendaftaran_status` AS `tindakan`,`ref_giatmara`.`id_negeri` AS `id_negeri`,`ref_negeri`.`nama_negeri` AS `nama_negeri`,`settings_tawaran_kursus`.`id_giatmara` AS `id_giatmara`,`ref_giatmara`.`nama_giatmara` AS `nama_giatmara`,`settings_tawaran_kursus`.`id_intake` AS `id_intake`,`settings_tawaran_kursus`.`id_kursus` AS `id_kursus`,`ref_kursus`.`nama_kursus` AS `nama_kursus`,`temuduga_tetapan`.`id` AS `id_temuduga_tetapan`,`permohonan_butir_peribadi`.`id` AS `id_permohonan_butir_peribadi`,`permohonan_kursus`.`id` AS `id_permohonan_kursus`,`settings_tawaran_kursus`.`id` AS `id_setting_tawaran_kursus`,`temuduga_tetapan`.`tawaran_mula_elaun` AS `tawaran_mula_elaun`,`temuduga_tetapan`.`tawaran_tamat_elaun` AS `tawaran_tamat_elaun`,`temuduga_tetapan`.`id_kew_kod_kombinasi` AS `id_kew_kod_kombinasi` from (((((((`permohonan_butir_peribadi` join `permohonan_kursus` on((`permohonan_kursus`.`id_permohonan` = `permohonan_butir_peribadi`.`id`))) join `temuduga_tetapan` on((`temuduga_tetapan`.`id_permohonan` = `permohonan_kursus`.`id`))) join `settings_tawaran_kursus` on(((`temuduga_tetapan`.`id_kursus` = `settings_tawaran_kursus`.`id`) and (`temuduga_tetapan`.`id_giatmara` = `settings_tawaran_kursus`.`id_giatmara`)))) join `ref_intake` on((`settings_tawaran_kursus`.`id_intake` = `ref_intake`.`id`))) join `ref_giatmara` on((`settings_tawaran_kursus`.`id_giatmara` = `ref_giatmara`.`id`))) join `ref_negeri` on((`ref_giatmara`.`id_negeri` = `ref_negeri`.`id`))) join `ref_kursus` on((`settings_tawaran_kursus`.`id_kursus` = `ref_kursus`.`id`))) where (isnull(`temuduga_tetapan`.`tawaran_status`) or (`temuduga_tetapan`.`tawaran_status` = 0) or (`temuduga_tetapan`.`tawaran_status` = 2)) ;

-- ----------------------------
-- View structure for v_pelatihan_p5_screen3
-- ----------------------------
DROP VIEW IF EXISTS `v_pelatihan_p5_screen3`;
CREATE ALGORITHM=UNDEFINED DEFINER=`gspeluser`@`%` SQL SECURITY DEFINER VIEW `v_pelatihan_p5_screen3` AS select `permohonan_butir_peribadi`.`nama_penuh` AS `nama`,`permohonan_butir_peribadi`.`no_mykad` AS `no_mykad`,`temuduga_tetapan`.`tawaran_tarikh_lapordiri` AS `tarikh_tawaran`,`ref_intake`.`nama_intake` AS `sesi`,`temuduga_tetapan`.`tawaran_elaun` AS `kelayakan_elaun`,`temuduga_tetapan`.`tawaran_nama_bank` AS `nama_bank`,`temuduga_tetapan`.`tawaran_no_akaun` AS `no_akaun`,`temuduga_tetapan`.`tawaran_cara_bayaran` AS `cara_bayar`,`temuduga_tetapan`.`pendaftaran_status` AS `tindakan`,`ref_giatmara`.`id_negeri` AS `id_negeri`,`ref_negeri`.`nama_negeri` AS `nama_negeri`,`settings_tawaran_kursus`.`id_giatmara` AS `id_giatmara`,`ref_giatmara`.`nama_giatmara` AS `nama_giatmara`,`settings_tawaran_kursus`.`id_intake` AS `id_intake`,`settings_tawaran_kursus`.`id_kursus` AS `id_kursus`,`ref_kursus`.`nama_kursus` AS `nama_kursus`,`temuduga_tetapan`.`id` AS `id_temuduga_tetapan`,`permohonan_butir_peribadi`.`id` AS `id_permohonan_butir_peribadi`,`settings_tawaran_kursus`.`id` AS `id_setting_tawaran_kursus`,`temuduga_tetapan`.`id_permohonan` AS `id_permohonan`,`temuduga_tetapan`.`tawaran_mula_elaun` AS `tawaran_mula_elaun`,`temuduga_tetapan`.`tawaran_tamat_elaun` AS `tawaran_tamat_elaun`,`temuduga_tetapan`.`id_kew_kod_kombinasi` AS `id_kew_kod_kombinasi` from (((((((`temuduga_tetapan` join `permohonan_butir_peribadi` on((`temuduga_tetapan`.`id_permohonan` = `permohonan_butir_peribadi`.`id`))) join `ref_kewarganegaraan` on((`permohonan_butir_peribadi`.`kewarganegaraan` = `ref_kewarganegaraan`.`id`))) join `settings_tawaran_kursus` on((`temuduga_tetapan`.`id_kursus` = `settings_tawaran_kursus`.`id`))) join `ref_giatmara` on((`settings_tawaran_kursus`.`id_giatmara` = `ref_giatmara`.`id`))) join `ref_negeri` on((`ref_giatmara`.`id_negeri` = `ref_negeri`.`id`))) join `ref_intake` on((`settings_tawaran_kursus`.`id_intake` = `ref_intake`.`id`))) join `ref_kursus` on((`settings_tawaran_kursus`.`id_kursus` = `ref_kursus`.`id`))) where ((`temuduga_tetapan`.`tawaran_status` = 1) and ((`temuduga_tetapan`.`pendaftaran_status` = 1) or (`temuduga_tetapan`.`pendaftaran_status` = 3))) ;

-- ----------------------------
-- View structure for v_pelatihan_p5_screen3_ori
-- ----------------------------
DROP VIEW IF EXISTS `v_pelatihan_p5_screen3_ori`;
CREATE ALGORITHM=UNDEFINED DEFINER=`gspeluser`@`%` SQL SECURITY DEFINER VIEW `v_pelatihan_p5_screen3_ori` AS select `v_pelatihan_p5_screen1`.`nama` AS `nama`,`v_pelatihan_p5_screen1`.`no_mykad` AS `no_mykad`,`v_pelatihan_p5_screen1`.`tarikh_tawaran` AS `tarikh_tawaran`,`v_pelatihan_p5_screen1`.`sesi` AS `sesi`,`v_pelatihan_p5_screen1`.`kelayakan_elaun` AS `kelayakan_elaun`,`v_pelatihan_p5_screen1`.`nama_bank` AS `nama_bank`,`v_pelatihan_p5_screen1`.`no_akaun` AS `no_akaun`,`v_pelatihan_p5_screen1`.`cara_bayar` AS `cara_bayar`,`v_pelatihan_p5_screen1`.`tindakan` AS `tindakan`,`v_pelatihan_p5_screen1`.`id_negeri` AS `id_negeri`,`v_pelatihan_p5_screen1`.`nama_negeri` AS `nama_negeri`,`v_pelatihan_p5_screen1`.`id_giatmara` AS `id_giatmara`,`v_pelatihan_p5_screen1`.`nama_giatmara` AS `nama_giatmara`,`v_pelatihan_p5_screen1`.`id_intake` AS `id_intake`,`v_pelatihan_p5_screen1`.`id_kursus` AS `id_kursus`,`v_pelatihan_p5_screen1`.`nama_kursus` AS `nama_kursus`,`v_pelatihan_p5_screen1`.`id_temuduga_tetapan` AS `id_temuduga_tetapan`,`v_pelatihan_p5_screen1`.`id_permohonan_butir_peribadi` AS `id_permohonan_butir_peribadi`,`v_pelatihan_p5_screen1`.`id_permohonan_kursus` AS `id_permohonan_kursus`,`v_pelatihan_p5_screen1`.`id_setting_tawaran_kursus` AS `id_setting_tawaran_kursus` from `v_pelatihan_p5_screen1` where ((`v_pelatihan_p5_screen1`.`tindakan` = 1) or (`v_pelatihan_p5_screen1`.`tindakan` = 3)) ;

-- ----------------------------
-- View structure for v_pelatihan_p5_screen5
-- ----------------------------
DROP VIEW IF EXISTS `v_pelatihan_p5_screen5`;
CREATE ALGORITHM=UNDEFINED DEFINER=`gspeluser`@`%` SQL SECURITY DEFINER VIEW `v_pelatihan_p5_screen5` AS select `permohonan_butir_peribadi`.`nama_penuh` AS `nama`,`permohonan_butir_peribadi`.`no_mykad` AS `no_mykad`,`temuduga_tetapan`.`tawaran_tarikh_lapordiri` AS `tarikh_tawaran`,`ref_intake`.`nama_intake` AS `sesi`,`temuduga_tetapan`.`tawaran_elaun` AS `kelayakan_elaun`,`temuduga_tetapan`.`tawaran_nama_bank` AS `nama_bank`,`temuduga_tetapan`.`tawaran_no_akaun` AS `no_akaun`,`temuduga_tetapan`.`tawaran_cara_bayaran` AS `cara_bayar`,`temuduga_tetapan`.`pendaftaran_status` AS `tindakan`,`ref_giatmara`.`id_negeri` AS `id_negeri`,`ref_negeri`.`nama_negeri` AS `nama_negeri`,`settings_tawaran_kursus`.`id_giatmara` AS `id_giatmara`,`ref_giatmara`.`nama_giatmara` AS `nama_giatmara`,`settings_tawaran_kursus`.`id_intake` AS `id_intake`,`settings_tawaran_kursus`.`id_kursus` AS `id_kursus`,`ref_kursus`.`nama_kursus` AS `nama_kursus`,`temuduga_tetapan`.`id` AS `id_temuduga_tetapan`,`permohonan_butir_peribadi`.`id` AS `id_permohonan_butir_peribadi`,`settings_tawaran_kursus`.`id` AS `id_setting_tawaran_kursus`,`temuduga_tetapan`.`tawaran_mula_elaun` AS `tawaran_mula_elaun`,`temuduga_tetapan`.`tawaran_tamat_elaun` AS `tawaran_tamat_elaun`,`temuduga_tetapan`.`id_kew_kod_kombinasi` AS `id_kew_kod_kombinasi` from (((((((`temuduga_tetapan` join `permohonan_butir_peribadi` on((`temuduga_tetapan`.`id_permohonan` = `permohonan_butir_peribadi`.`id`))) join `ref_kewarganegaraan` on((`permohonan_butir_peribadi`.`kewarganegaraan` = `ref_kewarganegaraan`.`id`))) join `settings_tawaran_kursus` on((`temuduga_tetapan`.`id_kursus` = `settings_tawaran_kursus`.`id`))) join `ref_giatmara` on((`settings_tawaran_kursus`.`id_giatmara` = `ref_giatmara`.`id`))) join `ref_negeri` on((`ref_giatmara`.`id_negeri` = `ref_negeri`.`id`))) join `ref_intake` on((`settings_tawaran_kursus`.`id_intake` = `ref_intake`.`id`))) join `ref_kursus` on((`settings_tawaran_kursus`.`id_kursus` = `ref_kursus`.`id`))) where ((`temuduga_tetapan`.`pendaftaran_status` = 4) and (`temuduga_tetapan`.`tawaran_status` = 1)) ;

-- ----------------------------
-- View structure for v_pelatihan_p5_screen6
-- ----------------------------
DROP VIEW IF EXISTS `v_pelatihan_p5_screen6`;
CREATE ALGORITHM=UNDEFINED DEFINER=`gspeluser`@`%` SQL SECURITY DEFINER VIEW `v_pelatihan_p5_screen6` AS select `permohonan_butir_peribadi`.`nama_penuh` AS `nama`,`permohonan_butir_peribadi`.`no_mykad` AS `no_mykad`,`temuduga_tetapan`.`tawaran_tarikh_lapordiri` AS `tawaran_tarikh_lapordiri`,`ref_intake`.`nama_intake` AS `sesi`,`temuduga_tetapan`.`tawaran_elaun` AS `kelayakan_elaun`,`temuduga_tetapan`.`tawaran_nama_bank` AS `nama_bank`,`temuduga_tetapan`.`tawaran_no_akaun` AS `no_akaun`,`temuduga_tetapan`.`tawaran_cara_bayaran` AS `cara_bayar`,`temuduga_tetapan`.`pendaftaran_status` AS `tindakan`,`ref_giatmara`.`id_negeri` AS `id_negeri`,`ref_negeri`.`nama_negeri` AS `nama_negeri`,`settings_tawaran_kursus`.`id_giatmara` AS `id_giatmara`,`ref_giatmara`.`nama_giatmara` AS `nama_giatmara`,`settings_tawaran_kursus`.`id_intake` AS `id_intake`,`settings_tawaran_kursus`.`id_kursus` AS `id_kursus`,`ref_kursus`.`nama_kursus` AS `nama_kursus`,`temuduga_tetapan`.`id` AS `id_temuduga_tetapan`,`permohonan_butir_peribadi`.`id` AS `id_permohonan_butir_peribadi`,`settings_tawaran_kursus`.`id` AS `id_setting_tawaran_kursus`,`temuduga_tetapan`.`tawaran_mula_elaun` AS `tawaran_mula_elaun`,`temuduga_tetapan`.`tawaran_tamat_elaun` AS `tawaran_tamat_elaun`,`temuduga_tetapan`.`id_kew_kod_kombinasi` AS `id_kew_kod_kombinasi`,`pelatih`.`no_pelatih` AS `no_pelatih` from ((((((((`temuduga_tetapan` join `permohonan_butir_peribadi` on((`temuduga_tetapan`.`id_permohonan` = `permohonan_butir_peribadi`.`id`))) join `ref_kewarganegaraan` on((`permohonan_butir_peribadi`.`kewarganegaraan` = `ref_kewarganegaraan`.`id`))) join `settings_tawaran_kursus` on((`temuduga_tetapan`.`id_kursus` = `settings_tawaran_kursus`.`id`))) join `ref_giatmara` on((`settings_tawaran_kursus`.`id_giatmara` = `ref_giatmara`.`id`))) join `ref_negeri` on((`ref_giatmara`.`id_negeri` = `ref_negeri`.`id`))) join `ref_intake` on((`settings_tawaran_kursus`.`id_intake` = `ref_intake`.`id`))) join `ref_kursus` on((`settings_tawaran_kursus`.`id_kursus` = `ref_kursus`.`id`))) left join `pelatih` on(((`pelatih`.`id_kursus` = `settings_tawaran_kursus`.`id`) and (`pelatih`.`id_giatmara` = `settings_tawaran_kursus`.`id_giatmara`) and (`pelatih`.`id_permohonan` = `permohonan_butir_peribadi`.`id`)))) where ((`temuduga_tetapan`.`pendaftaran_status` in (4,5)) and (`temuduga_tetapan`.`tawaran_status` = 1)) ;

-- ----------------------------
-- View structure for v_pelatihan_p6
-- ----------------------------
DROP VIEW IF EXISTS `v_pelatihan_p6`;
CREATE ALGORITHM=UNDEFINED DEFINER=`gspeluser`@`%` SQL SECURITY DEFINER VIEW `v_pelatihan_p6` AS select `pbp`.`nama_penuh` AS `nama_penuh`,`pbp`.`no_mykad` AS `no_mykad`,`p`.`no_pelatih` AS `no_pelatih`,`k`.`nama_kursus` AS `nama_kursus`,`g`.`nama_giatmara` AS `nama_giatmara`,`tt`.`jenis_pelatih` AS `jenis_pelatih`,`tt`.`tawaran_tarikh_lapordiri` AS `tawaran_tarikh_lapordiri`,`tt`.`tawaran_mula_elaun` AS `tawaran_mula_elaun`,`tt`.`tawaran_tamat_elaun` AS `tawaran_tamat_elaun`,`kt`.`keputusan_temuduga` AS `keputusan_temuduga`,`tt`.`pendaftaran_status` AS `pendaftaran_status`,`pbp`.`id` AS `id_permohonan_butir_peribadi`,`tt`.`id` AS `id_temuduga_tetapan`,`stk`.`id` AS `id_settings_tawaran_kursus`,`p`.`id_pelatih` AS `id_pelatih`,`g`.`id` AS `id_giatmara`,`kt`.`id` AS `id_keputusan_temuduga` from ((((((`permohonan_butir_peribadi` `pbp` left join `temuduga_tetapan` `tt` on((`pbp`.`id` = `tt`.`id_permohonan`))) left join `pelatih` `p` on((`pbp`.`id` = `p`.`id_permohonan`))) left join `settings_tawaran_kursus` `stk` on((`tt`.`id_kursus` = `stk`.`id`))) left join `ref_kursus` `k` on((`stk`.`id_kursus` = `k`.`id`))) left join `ref_giatmara` `g` on((`stk`.`id_giatmara` = `g`.`id`))) left join `ref_keputusan_temuduga` `kt` on((`tt`.`keputusan_temuduga` = `kt`.`id`))) ;

-- ----------------------------
-- View structure for v_pelatihan_p6_bak
-- ----------------------------
DROP VIEW IF EXISTS `v_pelatihan_p6_bak`;
CREATE ALGORITHM=UNDEFINED DEFINER=`gspeluser`@`%` SQL SECURITY DEFINER VIEW `v_pelatihan_p6_bak` AS select `settings_tawaran_kursus`.`id` AS `id_settings_tawaran_kursus`,`ref_negeri`.`nama_negeri` AS `nama_negeri`,`ref_giatmara`.`nama_giatmara` AS `nama_giatmara`,`ref_kursus`.`nama_kursus` AS `nama_kursus`,`ref_kewarganegaraan`.`kewarganegaraan` AS `kewarganegaraan`,`ref_intake`.`nama_intake` AS `nama_intake`,`permohonan_butir_peribadi`.`jenis_lpp` AS `jenis_pengambilan`,`permohonan_butir_peribadi`.`nama_penuh` AS `nama_penuh`,`permohonan_butir_peribadi`.`no_mykad` AS `no_mykad`,`pelatih`.`no_pelatih` AS `no_pelatih`,`temuduga_tetapan`.`tarikh_waktu` AS `tarikh_waktu`,date_format(`temuduga_tetapan`.`tarikh_waktu`,'%d-%m-%Y %r') AS `tarikh_temuduga`,`temuduga_tetapan`.`tawaran_tarikh_lapordiri` AS `daftar`,`temuduga_tetapan`.`tawaran_mula_elaun` AS `mula`,`temuduga_tetapan`.`tawaran_tamat_elaun` AS `tamat`,`ref_keputusan_temuduga`.`keputusan_temuduga` AS `status_temuduga`,`temuduga_tetapan`.`keputusan_temuduga` AS `keputusan_temuduga`,`temuduga_tetapan`.`pendaftaran_status` AS `pendaftaran_status`,`ref_poskod_bandar_negeri`.`negeri` AS `id_negeri`,`settings_tawaran_kursus`.`id_giatmara` AS `id_giatmara`,`settings_tawaran_kursus`.`id_kursus` AS `id_kursus`,`permohonan_butir_peribadi`.`kewarganegaraan` AS `id_kewarganegaraan`,`settings_tawaran_kursus`.`id_intake` AS `id_intake`,`pelatih`.`id_permohonan` AS `id_permohonan_kursus` from ((((((((((`settings_tawaran_kursus` join `ref_giatmara` on((`settings_tawaran_kursus`.`id_giatmara` = `ref_giatmara`.`id`))) join `ref_negeri` on((`ref_giatmara`.`id_negeri` = `ref_negeri`.`id`))) join `ref_kursus` on((`settings_tawaran_kursus`.`id_kursus` = `ref_kursus`.`id`))) join `ref_poskod_bandar_negeri` on((`ref_poskod_bandar_negeri`.`negeri` = `ref_negeri`.`id`))) join `permohonan_butir_peribadi` on((`permohonan_butir_peribadi`.`poskod` = `ref_poskod_bandar_negeri`.`id`))) join `ref_kewarganegaraan` on((`permohonan_butir_peribadi`.`kewarganegaraan` = `ref_kewarganegaraan`.`id`))) join `ref_intake` on((`settings_tawaran_kursus`.`id_intake` = `ref_intake`.`id`))) join `pelatih` on((`permohonan_butir_peribadi`.`id` = `pelatih`.`id_permohonan`))) left join `temuduga_tetapan` on(((`permohonan_butir_peribadi`.`id` = `temuduga_tetapan`.`id_permohonan`) and (`temuduga_tetapan`.`id_giatmara` = `settings_tawaran_kursus`.`id_giatmara`) and (`temuduga_tetapan`.`id_kursus` = `settings_tawaran_kursus`.`id`)))) join `ref_keputusan_temuduga` on((`ref_keputusan_temuduga`.`id` = `temuduga_tetapan`.`keputusan_temuduga`))) ;

-- ----------------------------
-- View structure for v_pengurusan_kursus
-- ----------------------------
DROP VIEW IF EXISTS `v_pengurusan_kursus`;
CREATE ALGORITHM=UNDEFINED DEFINER=`gspeluser`@`%` SQL SECURITY DEFINER VIEW `v_pengurusan_kursus` AS select `ref_kluster`.`nama_kluster` AS `nama_kluster`,`ref_kursus`.`jenis_kursus` AS `jenis_kursus`,`ref_kursus`.`kod_kursus` AS `kod_kursus`,`ref_kursus`.`nama_kursus` AS `nama_kursus`,`ref_kursus`.`nama_kursus_sijil` AS `nama_kursus_sijil`,`ref_kursus`.`kod_skm` AS `kod_skm`,`ref_kursus`.`tempoh_pusat` AS `tempoh_pusat`,`ref_kursus`.`tempoh_industri` AS `tempoh_industri`,(select count(`ref_modul`.`id_modul`) from `ref_modul` where (`ref_kursus`.`id` = `ref_modul`.`id_kursus`)) AS `bil_modul`,(select count(`settings_tawaran_kursus`.`id_giatmara`) from `settings_tawaran_kursus` where (`settings_tawaran_kursus`.`id_kursus` = `ref_kursus`.`id`)) AS `bil_pusat`,`ref_kursus`.`tarikh_dikuatkuasa` AS `tarikh_dikuatkuasa`,if((`ref_kursus`.`status_kursus` = 1),'Aktif','Tidak Aktif') AS `status`,`ref_kursus`.`status_kursus` AS `status_kursus`,`ref_kursus`.`id` AS `id`,`ref_kursus`.`id_kluster` AS `id_kluster` from (`ref_kursus` join `ref_kluster` on((`ref_kursus`.`id_kluster` = `ref_kluster`.`id`))) ;

-- ----------------------------
-- View structure for v_pengurusan_settings_tawaran_kursus
-- ----------------------------
DROP VIEW IF EXISTS `v_pengurusan_settings_tawaran_kursus`;
CREATE ALGORITHM=UNDEFINED DEFINER=`gspeluser`@`%` SQL SECURITY DEFINER VIEW `v_pengurusan_settings_tawaran_kursus` AS select `ref_kluster`.`nama_kluster` AS `nama_kluster`,`ref_kursus`.`jenis_kursus` AS `jenis_kursus`,`ref_kursus`.`kod_kursus` AS `kod_kursus`,`ref_kursus`.`nama_kursus` AS `nama_kursus`,`ref_kursus`.`nama_kursus_sijil` AS `nama_kursus_sijil`,`ref_kursus`.`tempoh_pusat` AS `tempoh_pusat`,`ref_kursus`.`tempoh_industri` AS `tempoh_industri`,`ref_giatmara`.`nama_giatmara` AS `nama_giatmara`,(select count(`ref_modul`.`id_modul`) from `ref_modul` where (`ref_modul`.`id_kursus` = `settings_tawaran_kursus`.`id_kursus`)) AS `bil_modul`,if((`settings_tawaran_kursus`.`status` = 1),'Aktif','Tidak Aktif') AS `status`,`settings_tawaran_kursus`.`status` AS `status_kursus`,`ref_intake`.`nama_intake` AS `nama_intake`,`ref_giatmara`.`id_negeri` AS `id_negeri`,`settings_tawaran_kursus`.`id_giatmara` AS `id_giatmara`,`settings_tawaran_kursus`.`id_kursus` AS `id_kursus`,`settings_tawaran_kursus`.`id_intake` AS `id_intake`,`settings_tawaran_kursus`.`markah_lulus_modul` AS `markah_lulus_modul`,`ref_kursus`.`id_kluster` AS `id_kluster` from ((((`settings_tawaran_kursus` join `ref_kursus` on((`settings_tawaran_kursus`.`id_kursus` = `ref_kursus`.`id`))) join `ref_kluster` on((`ref_kursus`.`id_kluster` = `ref_kluster`.`id`))) join `ref_giatmara` on((`settings_tawaran_kursus`.`id_giatmara` = `ref_giatmara`.`id`))) join `ref_intake` on((`settings_tawaran_kursus`.`id_intake` = `ref_intake`.`id`))) ;

-- ----------------------------
-- View structure for v_permohonan_kursus
-- ----------------------------
DROP VIEW IF EXISTS `v_permohonan_kursus`;
CREATE ALGORITHM=UNDEFINED DEFINER=`gspeluser`@`%` SQL SECURITY DEFINER VIEW `v_permohonan_kursus` AS select `permohonan_kursus_row`.`id` AS `id`,`permohonan_kursus_row`.`id_permohonan` AS `id_permohonan`,`permohonan_kursus_row`.`kursus` AS `kursus`,`permohonan_kursus_row`.`pilihan` AS `pilihan` from (select `pk`.`id` AS `id`,`pk`.`id_permohonan` AS `id_permohonan`,`pk`.`kursus1` AS `kursus`,'1' AS `pilihan` from `gspel1`.`permohonan_kursus` `pk` union all select `pk`.`id` AS `id`,`pk`.`id_permohonan` AS `id_permohonan`,`pk`.`kursus2` AS `kursus`,'2' AS `pilihan` from `gspel1`.`permohonan_kursus` `pk` union all select `pk`.`id` AS `id`,`pk`.`id_permohonan` AS `id_permohonan`,`pk`.`kursus3` AS `kursus`,'3' AS `pilihan` from `gspel1`.`permohonan_kursus` `pk`) `permohonan_kursus_row` order by `permohonan_kursus_row`.`id_permohonan` ;

-- ----------------------------
-- View structure for v_permohonan_kursus_baru
-- ----------------------------
DROP VIEW IF EXISTS `v_permohonan_kursus_baru`;
CREATE ALGORITHM=UNDEFINED DEFINER=`gspeluser`@`%` SQL SECURITY DEFINER VIEW `v_permohonan_kursus_baru` AS select `a`.`id` AS `id`,`a`.`id_permohonan` AS `id_permohonan`,`b`.`nama_kursus` AS `kursus_1`,`c`.`nama_kursus` AS `kursus_2`,`d`.`nama_kursus` AS `kursus_3`,`h`.`nama_giatmara` AS `giatmara_1`,`i`.`nama_giatmara` AS `giatmara_2`,`j`.`nama_giatmara` AS `giatmara_3` from (((((((((`permohonan_kursus` `a` left join `settings_tawaran_kursus` `e` on((`a`.`kursus1` = `e`.`id`))) left join `settings_tawaran_kursus` `f` on((`a`.`kursus2` = `f`.`id`))) left join `settings_tawaran_kursus` `g` on((`a`.`kursus3` = `g`.`id`))) left join `ref_kursus` `b` on((`e`.`id_kursus` = `b`.`id`))) left join `ref_kursus` `c` on((`f`.`id_kursus` = `c`.`id`))) left join `ref_kursus` `d` on((`g`.`id_kursus` = `d`.`id`))) left join `ref_giatmara` `h` on((`e`.`id_giatmara` = `h`.`id`))) left join `ref_giatmara` `i` on((`f`.`id_giatmara` = `i`.`id`))) left join `ref_giatmara` `j` on((`g`.`id_giatmara` = `j`.`id`))) ;

-- ----------------------------
-- View structure for v_permohonan_kursus_lpp09
-- ----------------------------
DROP VIEW IF EXISTS `v_permohonan_kursus_lpp09`;
CREATE ALGORITHM=UNDEFINED DEFINER=`gspeluser`@`%` SQL SECURITY DEFINER VIEW `v_permohonan_kursus_lpp09` AS select `pkl`.`id` AS `id`,`pkl`.`id_permohonan` AS `id_permohonan`,`pkl`.`kategori_program` AS `kategori_program`,`pkl`.`id_settings_tawaran_kursus` AS `id_settings_tawaran_kursus`,`pkl`.`id_kluster` AS `id_kluster`,`pkl`.`no_ssm` AS `no_ssm`,`pkl`.`alamat_perniagaan` AS `alamat_perniagaan`,`pkl`.`id_program_pertandingan` AS `id_program_pertandingan`,`pkl`.`id_program_khas` AS `id_program_khas`,`pkl`.`tawaran_terus` AS `tawaran_terus`,`pbp`.`nama_penuh` AS `nama_penuh`,`pbp`.`no_mykad` AS `no_mykad`,`pbp`.`no_hp` AS `no_hp`,`pbp`.`tarikh_hantar` AS `tarikh_hantar`,`stk1`.`id_giatmara` AS `id_giatmara`,`rg`.`nama_giatmara` AS `nama_giatmara`,`rk`.`nama_kursus` AS `nama_kursus` from (((((`permohonan_kursus_lpp09` `pkl` join `permohonan_butir_peribadi` `pbp` on((`pkl`.`id_permohonan` = `pbp`.`id`))) join `settings_tawaran_kursus` `stk1` on((`pkl`.`id_settings_tawaran_kursus` = `stk1`.`id`))) join `ref_giatmara` `rg` on((`stk1`.`id_giatmara` = `rg`.`id`))) join `ref_negeri` `rn` on((`rg`.`id_negeri` = `rn`.`id`))) join `ref_kursus` `rk` on((`stk1`.`id_kursus` = `rk`.`id`))) ;

-- ----------------------------
-- View structure for v_permohonan_penjaga
-- ----------------------------
DROP VIEW IF EXISTS `v_permohonan_penjaga`;
CREATE ALGORITHM=UNDEFINED DEFINER=`gspeluser`@`%` SQL SECURITY DEFINER VIEW `v_permohonan_penjaga` AS select `a`.`id_permohonan` AS `id_permohonan`,`a`.`a_nama_penuh` AS `a_nama_penuh`,`b`.`hubungan` AS `a_hubungan`,`a`.`a_jenis_pengenalan` AS `a_jenis_pengenalan`,`a`.`a_mykad` AS `a_mykad`,`c`.`kewarganegaraan` AS `a_kewarganegaraan`,`d`.`kategori_penjaga` AS `a_kategori_penjaga`,`a`.`a_no_tel` AS `a_no_tel`,`a`.`a_no_hp` AS `a_no_hp`,`e`.`agama` AS `a_agama`,`f`.`etnik` AS `a_etnik`,`g`.`bangsa` AS `a_bangsa`,`a`.`a_alamat` AS `a_alamat`,`a`.`a_poskod` AS `a_poskod`,`apbn`.`bandar` AS `a_bandar`,`na`.`nama_negeri` AS `a_nama_negeri`,`a`.`a_pekerjaan` AS `a_pekerjaan`,`pa`.`nama_pekerjaan` AS `pekerjaan_a`,`h`.`pendapatan` AS `a_pendapatan`,`a`.`a_majikan` AS `a_majikan`,`a`.`a_no_tel_pejabat` AS `a_no_tel_pejabat`,`a`.`a_samb` AS `a_samb`,`a`.`a_alamat_pejabat` AS `a_alamat_pejabat`,`a`.`a_alamat_pejabat_poskod` AS `a_alamat_pejabat_poskod`,`pbn_a`.`bandar` AS `a_alamat_pejabat_bandar`,`n_a`.`nama_negeri` AS `a_alamat_pejabat_negeri`,`a`.`b_nama_penuh` AS `b_nama_penuh`,`a`.`b_jenis_pengenalan` AS `b_jenis_pengenalan`,`a`.`b_mykad` AS `b_mykad`,`i`.`kewarganegaraan` AS `b_kewarganegaraan`,`j`.`kategori_penjaga` AS `b_kategori_penjaga`,`a`.`b_no_tel` AS `b_no_tel`,`a`.`b_no_hp` AS `b_no_hp`,`k`.`agama` AS `b_agama`,`l`.`etnik` AS `b_etnik`,`m`.`bangsa` AS `b_bangsa`,`a`.`b_alamat` AS `b_alamat`,`a`.`b_poskod` AS `b_poskod`,`bpbn`.`bandar` AS `b_bandar`,`nb`.`nama_negeri` AS `b_nama_negeri`,`a`.`b_pekerjaan` AS `b_pekerjaan`,`pb`.`nama_pekerjaan` AS `pekerjaan_b`,`n`.`pendapatan` AS `b_pendapatan`,`a`.`b_majikan` AS `b_majikan`,`a`.`b_no_tel_pejabat` AS `b_no_tel_pejabat`,`a`.`b_samb` AS `b_samb`,`a`.`b_alamat_pejabat` AS `b_alamat_pejabat`,`a`.`c_nama_penuh` AS `c_nama_penuh`,`a`.`c_jenis_pengenalan` AS `c_jenis_pengenalan`,`a`.`c_mykad` AS `c_mykad`,`o`.`kewarganegaraan` AS `c_kewarganegaraan`,`p`.`kategori_penjaga` AS `c_kategori_penjaga`,`a`.`c_no_tel` AS `c_no_tel`,`a`.`c_no_hp` AS `c_no_hp`,`q`.`agama` AS `c_agama`,`r`.`etnik` AS `c_etnik`,`s`.`bangsa` AS `c_bangsa`,`a`.`c_alamat` AS `c_alamat`,`a`.`c_poskod` AS `c_poskod`,`cpbn`.`bandar` AS `c_bandar`,`nc`.`nama_negeri` AS `c_nama_negeri`,`a`.`c_pekerjaan` AS `c_pekerjaan`,`pc`.`nama_pekerjaan` AS `pekerjaan_c`,`t`.`pendapatan` AS `c_pendapatan`,`a`.`c_majikan` AS `c_majikan`,`a`.`c_no_tel_pejabat` AS `c_no_tel_pejabat`,`a`.`c_samb` AS `c_samb`,`a`.`c_alamat_pejabat` AS `c_alamat_pejabat` from ((((((((((((((((((((((((((((((((((`permohonan_penjaga` `a` left join `ref_hubungan` `b` on((`a`.`a_hubungan` = `b`.`id`))) left join `ref_kewarganegaraan` `c` on((`a`.`a_kewarganegaraan` = `c`.`id`))) left join `ref_kategori_penjaga` `d` on((`a`.`a_kategori_penjaga` = `d`.`id`))) left join `ref_agama` `e` on((`a`.`a_agama` = `e`.`id`))) left join `ref_etnik` `f` on((`a`.`a_etnik` = `f`.`id`))) left join `ref_bangsa` `g` on((`a`.`a_bangsa` = `g`.`id`))) left join `ref_pendapatan` `h` on((`a`.`a_pendapatan` = `h`.`id`))) left join `ref_kewarganegaraan` `i` on((`a`.`a_kewarganegaraan` = `i`.`id`))) left join `ref_kategori_penjaga` `j` on((`a`.`a_kategori_penjaga` = `j`.`id`))) left join `ref_agama` `k` on((`a`.`a_agama` = `k`.`id`))) left join `ref_etnik` `l` on((`a`.`a_etnik` = `l`.`id`))) left join `ref_bangsa` `m` on((`a`.`a_bangsa` = `m`.`id`))) left join `ref_pendapatan` `n` on((`a`.`a_pendapatan` = `n`.`id`))) left join `ref_kewarganegaraan` `o` on((`a`.`a_kewarganegaraan` = `o`.`id`))) left join `ref_kategori_penjaga` `p` on((`a`.`a_kategori_penjaga` = `p`.`id`))) left join `ref_agama` `q` on((`a`.`a_agama` = `q`.`id`))) left join `ref_etnik` `r` on((`a`.`a_etnik` = `r`.`id`))) left join `ref_bangsa` `s` on((`a`.`a_bangsa` = `s`.`id`))) left join `ref_pendapatan` `t` on((`a`.`a_pendapatan` = `t`.`id`))) left join `ref_poskod_bandar_negeri` `pbn_a` on((`a`.`a_alamat_pejabat_poskod` = `pbn_a`.`poskod`))) left join `ref_poskod_bandar_negeri` `pbn_b` on((`a`.`b_alamat_pejabat_poskod` = `pbn_b`.`poskod`))) left join `ref_poskod_bandar_negeri` `pbn_c` on((`a`.`c_alamat_pejabat_poskod` = `pbn_c`.`poskod`))) left join `ref_negeri` `n_a` on((`pbn_a`.`negeri` = `n_a`.`id`))) left join `ref_negeri` `n_b` on((`pbn_b`.`negeri` = `n_b`.`id`))) left join `ref_negeri` `n_c` on((`pbn_c`.`negeri` = `n_c`.`id`))) left join `ref_pekerjaan` `pa` on((`a`.`a_pekerjaan` = `pa`.`id`))) left join `ref_pekerjaan` `pb` on((`a`.`b_pekerjaan` = `pb`.`id`))) left join `ref_pekerjaan` `pc` on((`a`.`c_pekerjaan` = `pc`.`id`))) left join `ref_poskod_bandar_negeri` `apbn` on((`a`.`a_poskod` = `apbn`.`poskod`))) left join `ref_negeri` `na` on((`apbn`.`negeri` = `na`.`id`))) left join `ref_poskod_bandar_negeri` `bpbn` on((`a`.`b_poskod` = `bpbn`.`poskod`))) left join `ref_negeri` `nb` on((`bpbn`.`negeri` = `nb`.`id`))) left join `ref_poskod_bandar_negeri` `cpbn` on((`a`.`c_poskod` = `cpbn`.`poskod`))) left join `ref_negeri` `nc` on((`cpbn`.`negeri` = `nc`.`id`))) ;

-- ----------------------------
-- View structure for v_permohonan_peribadi
-- ----------------------------
DROP VIEW IF EXISTS `v_permohonan_peribadi`;
CREATE ALGORITHM=UNDEFINED DEFINER=`gspeluser`@`%` SQL SECURITY DEFINER VIEW `v_permohonan_peribadi` AS select `permohonan_butir_peribadi`.`nama_penuh` AS `nama_penuh`,`permohonan_butir_peribadi`.`no_mykad` AS `no_mykad`,`permohonan_butir_peribadi`.`tarikh_lahir` AS `tarikh_lahir`,`ref_kewarganegaraan`.`kewarganegaraan` AS `kewarganegaraan`,`permohonan_butir_peribadi`.`umur` AS `umur`,`permohonan_butir_peribadi`.`no_telefon` AS `no_telefon`,`permohonan_butir_peribadi`.`no_hp` AS `no_hp`,`permohonan_butir_peribadi`.`alamat` AS `alamat`,`ref_poskod_bandar_negeri`.`poskod` AS `poskod`,`ref_poskod_bandar_negeri`.`bandar` AS `bandar`,`ref_negeri`.`nama_negeri` AS `nama_negeri`,`permohonan_butir_peribadi`.`emel` AS `emel`,`ref_bangsa`.`bangsa` AS `bangsa`,`ref_etnik`.`etnik` AS `etnik`,`ref_agama`.`agama` AS `agama`,`ref_taraf_perkahwinan`.`taraf_perkahwinan` AS `taraf_perkahwinan`,`permohonan_butir_peribadi`.`kategori_pemohon` AS `id_kategori_pemohon`,`ref_kategori_pemohon`.`kategori_pemohon` AS `kategori_pemohon`,`ref_kelulusan`.`kelulusan` AS `kelulusan`,`permohonan_butir_peribadi`.`matlamat` AS `matlamat`,`permohonan_butir_peribadi`.`id` AS `id`,`permohonan_butir_peribadi`.`kewarganegaraan` AS `id_kewarganegaraan`,`permohonan_butir_peribadi`.`poskod` AS `id_poskod`,`permohonan_butir_peribadi`.`negara` AS `negara`,`ref_negara`.`nama_negara` AS `nama_negara`,`permohonan_butir_peribadi`.`jantina` AS `jantina`,`permohonan_butir_peribadi`.`bangsa` AS `id_bangsa`,`permohonan_butir_peribadi`.`etnik` AS `id_etnik`,`permohonan_butir_peribadi`.`agama` AS `id_agama`,`permohonan_butir_peribadi`.`taraf_perkahwinan` AS `id_taraf_perkawinan`,`permohonan_butir_peribadi`.`kelulusan` AS `id_kelulusan`,`permohonan_butir_peribadi`.`kelulusan_kemahiran` AS `id_kelulusan_kemahiran`,`ref_kemahiran`.`keterangan` AS `kelulusan_kemahiran`,`permohonan_butir_peribadi`.`no_rujukan_permohonan` AS `no_rujukan_permohonan`,`permohonan_butir_peribadi`.`pengesahan` AS `pengesahan`,`permohonan_butir_peribadi`.`pengakuan` AS `pengakuan`,`permohonan_butir_peribadi`.`tarikh_hantar` AS `tarikh_hantar`,`permohonan_butir_peribadi`.`id_admin_user` AS `id_admin_user`,`permohonan_butir_peribadi`.`jenis_lpp` AS `jenis_lpp` from (((((((((((`permohonan_butir_peribadi` join `ref_kewarganegaraan` on((`permohonan_butir_peribadi`.`kewarganegaraan` = `ref_kewarganegaraan`.`id`))) join `ref_poskod_bandar_negeri` on((`permohonan_butir_peribadi`.`poskod` = `ref_poskod_bandar_negeri`.`id`))) join `ref_negeri` on((`ref_poskod_bandar_negeri`.`negeri` = `ref_negeri`.`id`))) join `ref_bangsa` on((`permohonan_butir_peribadi`.`bangsa` = `ref_bangsa`.`id`))) join `ref_etnik` on((`permohonan_butir_peribadi`.`etnik` = `ref_etnik`.`id`))) join `ref_agama` on((`permohonan_butir_peribadi`.`agama` = `ref_agama`.`id`))) join `ref_taraf_perkahwinan` on((`permohonan_butir_peribadi`.`taraf_perkahwinan` = `ref_taraf_perkahwinan`.`id`))) join `ref_kelulusan` on(((`permohonan_butir_peribadi`.`kelulusan` = `ref_kelulusan`.`id`) and (`permohonan_butir_peribadi`.`kelulusan` = `ref_kelulusan`.`id`)))) left join `ref_kemahiran` on((`permohonan_butir_peribadi`.`kelulusan_kemahiran` = `ref_kemahiran`.`id`))) left join `ref_kategori_pemohon` on((`permohonan_butir_peribadi`.`kategori_pemohon` = `ref_kategori_pemohon`.`id`))) left join `ref_negara` on((`permohonan_butir_peribadi`.`negara` = `ref_negara`.`id`))) ;

-- ----------------------------
-- View structure for v_poskod
-- ----------------------------
DROP VIEW IF EXISTS `v_poskod`;
CREATE ALGORITHM=UNDEFINED DEFINER=`gspeluser`@`%` SQL SECURITY DEFINER VIEW `v_poskod` AS select `ref_poskod_bandar_negeri`.`id` AS `id`,`ref_poskod_bandar_negeri`.`poskod` AS `poskod`,`ref_poskod_bandar_negeri`.`bandar` AS `bandar`,`ref_poskod_bandar_negeri`.`negeri` AS `negeri`,`ref_negeri`.`nama_negeri` AS `nama_negeri`,`ref_negeri`.`kod_negeri` AS `kod_negeri`,concat(`ref_poskod_bandar_negeri`.`poskod`,' | ',convert(`ref_negeri`.`nama_negeri` using utf8mb4),' - ',`ref_poskod_bandar_negeri`.`bandar`) AS `poskodfull` from (`ref_poskod_bandar_negeri` join `ref_negeri` on((`ref_poskod_bandar_negeri`.`negeri` = `ref_negeri`.`id`))) ;

-- ----------------------------
-- View structure for v_pusat_giatmara
-- ----------------------------
DROP VIEW IF EXISTS `v_pusat_giatmara`;
CREATE ALGORITHM=UNDEFINED DEFINER=`gspeluser`@`%` SQL SECURITY DEFINER VIEW `v_pusat_giatmara` AS select `ref_giatmara`.`id` AS `id`,`ref_giatmara`.`kod_giatmara` AS `kod_giatmara`,`ref_giatmara`.`id_type_giatmara` AS `id_type_giatmara`,`ref_giatmara`.`nama_giatmara` AS `nama_giatmara`,`ref_giatmara`.`alamat` AS `alamat`,`ref_giatmara`.`tel_no` AS `tel_no`,`ref_giatmara`.`fax_no` AS `fax_no`,`ref_giatmara`.`email` AS `email`,`ref_giatmara`.`registered` AS `registered`,`ref_giatmara`.`co_status` AS `co_status`,`ref_giatmara`.`id_bandar` AS `id_bandar`,`ref_giatmara`.`company_type` AS `company_type`,`ref_giatmara`.`updatedon` AS `updatedon`,`ref_giatmara`.`updatedby` AS `updatedby`,`ref_giatmara`.`id_negeri` AS `id_negeri` from `ref_giatmara` where (`ref_giatmara`.`id_type_giatmara` = 1) ;

-- ----------------------------
-- View structure for v_staff
-- ----------------------------
DROP VIEW IF EXISTS `v_staff`;
CREATE ALGORITHM=UNDEFINED DEFINER=`gspeluser`@`%` SQL SECURITY DEFINER VIEW `v_staff` AS select `a`.`id` AS `id_staff`,`a`.`nama` AS `nama`,`a`.`no_mykad` AS `no_mykad`,`a`.`alamat` AS `alamat`,`a`.`no_tel` AS `no_tel`,`a`.`no_hp` AS `no_hp`,`a`.`jantina` AS `jantina`,`a`.`status_perkahwinan` AS `status_perkahwinan`,`a`.`tarikh_lahir` AS `tarikh_lahir`,`a`.`umur` AS `umur`,`a`.`tempat_lahir` AS `tempat_lahir`,`a`.`no_gaji` AS `no_gaji`,`a`.`emel` AS `emel`,`b`.`id` AS `id_staff_info_pangku_tugas`,`b`.`status_jawatan` AS `status_jawatan`,`b`.`tarikh_mula_tugas` AS `tarikh_mula_tugas`,`b`.`tarikh_tamat_tugas` AS `tarikh_tamat_tugas`,`b`.`status` AS `status_info_pangku_tugas`,`b`.`id_jabatan` AS `id_jabatan`,`c`.`nama_jabatan` AS `nama_jabatan`,`b`.`id_jawatan` AS `id_jawatan`,`d`.`nama_jawatan` AS `nama_jawatan`,`b`.`id_jenis_jawatan` AS `id_jenis_jawatan`,`e`.`nama_jenis_jawatan` AS `nama_jenis_jawatan`,`b`.`id_negeri` AS `id_negeri`,`f`.`kod_negeri` AS `kod_negeri`,`f`.`nama_negeri` AS `nama_negeri`,`b`.`id_giatmara` AS `id_giatmara`,`g`.`kod_giatmara` AS `kod_giatmara`,`g`.`nama_giatmara` AS `nama_giatmara`,`g`.`id_type_giatmara` AS `id_type_giatmara`,`b`.`id_kursus` AS `id_kursus`,`h`.`kod_kursus` AS `kod_kursus`,`h`.`nama_kursus` AS `nama_kursus` from (((((((`staff_info_pangku_tugas` `b` join `staff` `a` on((`b`.`id_staff` = `a`.`id`))) left join `ref_jabatan` `c` on((`c`.`id` = `b`.`id_jabatan`))) left join `ref_jawatan` `d` on((`d`.`id` = `b`.`id_jawatan`))) left join `ref_jenis_jawatan` `e` on((`e`.`id` = `b`.`id_jenis_jawatan`))) left join `ref_negeri` `f` on((`f`.`id` = `b`.`id_negeri`))) left join `ref_giatmara` `g` on((`g`.`id` = `b`.`id_giatmara`))) left join `ref_kursus` `h` on((`h`.`id` = `b`.`id_kursus`))) ;

-- ----------------------------
-- View structure for v_staff_admin_users
-- ----------------------------
DROP VIEW IF EXISTS `v_staff_admin_users`;
CREATE ALGORITHM=UNDEFINED DEFINER=`gspeluser`@`%` SQL SECURITY DEFINER VIEW `v_staff_admin_users` AS select `staff`.`id` AS `id`,`admin_users`.`id` AS `id_admin`,`staff`.`nama` AS `nama`,`admin_users`.`username` AS `username` from (`admin_users` join `staff` on((`admin_users`.`id_staff` = `staff`.`id`))) where 1 ;

-- ----------------------------
-- View structure for v_staff_editable
-- ----------------------------
DROP VIEW IF EXISTS `v_staff_editable`;
CREATE ALGORITHM=UNDEFINED DEFINER=`gspeluser`@`%` SQL SECURITY DEFINER VIEW `v_staff_editable` AS select `a`.`nama` AS `nama`,`b`.`id` AS `id`,`b`.`agama` AS `agama` from (`staff` `a` join `ref_agama` `b` on((`a`.`id_agama` = `b`.`id`))) where 1 ;

-- ----------------------------
-- View structure for v_staff_vs_pangku_tugas
-- ----------------------------
DROP VIEW IF EXISTS `v_staff_vs_pangku_tugas`;
CREATE ALGORITHM=UNDEFINED DEFINER=`gspeluser`@`%` SQL SECURITY DEFINER VIEW `v_staff_vs_pangku_tugas` AS select `a`.`id` AS `id_staff`,`a`.`nama` AS `nama`,`b`.`id` AS `id_staff_info_pangku_tugas` from (`staff` `a` join `staff_info_pangku_tugas` `b` on((`a`.`id` = `b`.`id_staff`))) ;

-- ----------------------------
-- View structure for v_temuduga_tetapan_lpp09
-- ----------------------------
DROP VIEW IF EXISTS `v_temuduga_tetapan_lpp09`;
CREATE ALGORITHM=UNDEFINED DEFINER=`gspeluser`@`%` SQL SECURITY DEFINER VIEW `v_temuduga_tetapan_lpp09` AS select `pbp`.`id` AS `id_permohonan_butir_peribadi`,`pbp`.`nama_penuh` AS `nama_penuh`,`pbp`.`no_mykad` AS `no_mykad`,`pbp`.`tarikh_lahir` AS `tarikh_lahir`,`pbp`.`no_telefon` AS `no_telefon`,`pbp`.`no_hp` AS `no_hp`,`pbp`.`alamat` AS `alamat`,`pbp`.`poskod` AS `poskod`,`pbp`.`emel` AS `emel`,`pbp`.`jantina` AS `jantina`,`pbp`.`tarikh_hantar` AS `tarikh_hantar`,`pbp`.`no_rujukan_permohonan` AS `no_rujukan_permohonan`,`pbp`.`pengakuan` AS `pengakuan`,`pbp`.`pengesahan` AS `pengesahan`,`tt`.`id` AS `id_temuduga_tetapan`,`tt`.`tarikh_waktu` AS `tarikh_waktu`,`tt`.`tempat` AS `tempat`,`tt`.`tawaran_status` AS `tawaran_status`,`tt`.`pendaftaran_status` AS `pendaftaran_status`,`tt`.`tawaran_tarikh_lapordiri` AS `tawaran_tarikh_lapordiri`,`tt`.`tawaran_elaun` AS `tawaran_elaun`,`tt`.`tawaran_nama_bank` AS `tawaran_nama_bank`,`tt`.`tawaran_no_akaun` AS `tawaran_no_akaun`,`tt`.`tawaran_cara_bayaran` AS `tawaran_cara_bayaran`,`i`.`id` AS `id_intake`,`i`.`nama_intake` AS `nama_intake`,`n`.`id` AS `id_negeri`,`n`.`nama_negeri` AS `nama_negeri`,`g`.`id` AS `id_giatmara`,`g`.`nama_giatmara` AS `nama_giatmara`,`k`.`id` AS `id_kursus`,`k`.`nama_kursus` AS `nama_kursus`,`kw`.`id` AS `id_kewarganegaraan`,`kw`.`kewarganegaraan` AS `kewarganegaraan`,`pkl`.`id` AS `id_permohonan_kursus_lpp09`,`pkl`.`kategori_program` AS `kategori_program`,`stk`.`id` AS `id_settings_tawaran_kursus` from ((((((((`temuduga_tetapan` `tt` left join `permohonan_butir_peribadi` `pbp` on((`tt`.`id_permohonan` = `pbp`.`id`))) join `permohonan_kursus_lpp09` `pkl` on((`pbp`.`id` = `pkl`.`id_permohonan`))) left join `settings_tawaran_kursus` `stk` on((`stk`.`id` = `pkl`.`id_settings_tawaran_kursus`))) left join `ref_kursus` `k` on((`k`.`id` = `stk`.`id_kursus`))) left join `ref_giatmara` `g` on((`g`.`id` = `stk`.`id_giatmara`))) left join `ref_negeri` `n` on((`n`.`id` = `g`.`id_negeri`))) left join `ref_intake` `i` on((`i`.`id` = `stk`.`id_intake`))) left join `ref_kewarganegaraan` `kw` on((`kw`.`id` = `pbp`.`kewarganegaraan`))) where (`tt`.`jenis_pelatih` = 'LPP09') ;

-- ----------------------------
-- View structure for v_tetapan_temuduga
-- ----------------------------
DROP VIEW IF EXISTS `v_tetapan_temuduga`;
CREATE ALGORITHM=UNDEFINED DEFINER=`gspeluser`@`%` SQL SECURITY DEFINER VIEW `v_tetapan_temuduga` AS select `v_permohonan_kursus`.`id` AS `id_permohonan_kursus`,`v_permohonan_kursus`.`pilihan` AS `pilihan`,`gspel1`.`permohonan_butir_peribadi`.`id` AS `id_permohonan_butir_peribadi`,`gspel1`.`permohonan_butir_peribadi`.`nama_penuh` AS `nama_penuh`,`gspel1`.`permohonan_butir_peribadi`.`no_mykad` AS `no_mykad`,`gspel1`.`permohonan_butir_peribadi`.`no_hp` AS `no_hp`,`gspel1`.`permohonan_butir_peribadi`.`kewarganegaraan` AS `id_kewarganegaraan`,`gspel1`.`ref_kewarganegaraan`.`kewarganegaraan` AS `kewarganegaraan`,`gspel1`.`permohonan_butir_peribadi`.`tarikh_hantar` AS `tarikh_hantar`,date_format(`gspel1`.`permohonan_butir_peribadi`.`tarikh_hantar`,'%d-%m-%Y') AS `tarikh_mohon`,`gspel1`.`permohonan_butir_peribadi`.`pengakuan` AS `pengakuan`,`gspel1`.`settings_tawaran_kursus`.`id` AS `id_settings_tawaran_kursus`,`gspel1`.`temuduga_tetapan`.`id_kursus` AS `id_kursus_temudugatetapan`,`gspel1`.`settings_tawaran_kursus`.`id_giatmara` AS `id_giatmara`,`gspel1`.`temuduga_tetapan`.`id_giatmara` AS `id_giatmara_temudugatetapan`,`gspel1`.`ref_giatmara`.`nama_giatmara` AS `nama_giatmara`,`gspel1`.`ref_negeri`.`id` AS `id_negeri`,`gspel1`.`ref_negeri`.`nama_negeri` AS `nama_negeri`,`gspel1`.`settings_tawaran_kursus`.`id_kursus` AS `id_kursus`,`gspel1`.`ref_kursus`.`nama_kursus` AS `nama_kursus`,`gspel1`.`settings_tawaran_kursus`.`id_intake` AS `id_intake`,`gspel1`.`ref_intake`.`nama_intake` AS `nama_intake`,`gspel1`.`temuduga_tetapan`.`id` AS `id_temuduga_tetapan`,`gspel1`.`temuduga_tetapan`.`keputusan_temuduga` AS `keputusan_temuduga`,`gspel1`.`settings_tawaran_kursus`.`status` AS `status_settings_tawaran_kursus` from ((((((((`gspel1`.`v_permohonan_kursus` join `gspel1`.`permohonan_butir_peribadi` on((`gspel1`.`permohonan_butir_peribadi`.`id` = `v_permohonan_kursus`.`id_permohonan`))) join `gspel1`.`ref_kewarganegaraan` on((`gspel1`.`permohonan_butir_peribadi`.`kewarganegaraan` = `gspel1`.`ref_kewarganegaraan`.`id`))) join `gspel1`.`settings_tawaran_kursus` on((`gspel1`.`settings_tawaran_kursus`.`id` = `v_permohonan_kursus`.`kursus`))) join `gspel1`.`ref_giatmara` on((`gspel1`.`settings_tawaran_kursus`.`id_giatmara` = `gspel1`.`ref_giatmara`.`id`))) join `gspel1`.`ref_negeri` on((`gspel1`.`ref_giatmara`.`id_negeri` = `gspel1`.`ref_negeri`.`id`))) join `gspel1`.`ref_intake` on((`gspel1`.`settings_tawaran_kursus`.`id_intake` = `gspel1`.`ref_intake`.`id`))) join `gspel1`.`ref_kursus` on((`gspel1`.`settings_tawaran_kursus`.`id_kursus` = `gspel1`.`ref_kursus`.`id`))) left join `gspel1`.`temuduga_tetapan` on(((`gspel1`.`temuduga_tetapan`.`id_permohonan` = `gspel1`.`permohonan_butir_peribadi`.`id`) and (`gspel1`.`temuduga_tetapan`.`id_giatmara` = `gspel1`.`settings_tawaran_kursus`.`id_giatmara`) and (`gspel1`.`temuduga_tetapan`.`id_kursus` = `gspel1`.`settings_tawaran_kursus`.`id`)))) ;

-- ----------------------------
-- View structure for v_tetapan_temuduga_lpp09
-- ----------------------------
DROP VIEW IF EXISTS `v_tetapan_temuduga_lpp09`;
CREATE ALGORITHM=UNDEFINED DEFINER=`gspeluser`@`%` SQL SECURITY DEFINER VIEW `v_tetapan_temuduga_lpp09` AS select `a`.`id` AS `id_permohonan_kursus_lpp09`,`a`.`kategori_program` AS `kategori_program`,`a`.`no_ssm` AS `no_ssm`,`a`.`alamat_perniagaan` AS `alamat_perniagaan`,`a`.`tawaran_terus` AS `tawaran_terus`,`b`.`id` AS `id_permohonan_butir_peribadi`,`b`.`nama_penuh` AS `nama_penuh`,`b`.`no_mykad` AS `no_mykad`,`b`.`tarikh_hantar` AS `tarikh_hantar`,`b`.`no_telefon` AS `no_telefon`,`a`.`status_pengakuan` AS `pengakuan`,`a`.`id_settings_tawaran_kursus` AS `id_settings_tawaran_kursus`,`c`.`markah_lulus_modul` AS `markah_lulus_modul`,`c`.`status` AS `status`,`c`.`id_kursus` AS `id_kursus`,`d`.`kod_kursus` AS `kod_kursus`,`d`.`nama_kursus` AS `nama_kursus`,`c`.`id_giatmara` AS `id_giatmara`,`e`.`kod_giatmara` AS `kod_giatmara`,`e`.`nama_giatmara` AS `nama_giatmara`,`c`.`id_intake` AS `id_intake`,`f`.`kod_intake` AS `kod_intake`,`f`.`nama_intake` AS `nama_intake`,`f`.`tarikh_mula` AS `tarikh_mula`,`f`.`tarikh_tamat` AS `tarikh_tamat`,`a`.`id_kluster` AS `id_kluster`,`g`.`kod_kluster` AS `kod_kluster`,`g`.`nama_kluster` AS `nama_kluster`,`a`.`id_program_pertandingan` AS `id_program_pertandingan`,`h`.`nama_program` AS `nama_program_pertandingan`,`h`.`status` AS `status_program_pertandingan`,`a`.`id_program_khas` AS `id_program_khas`,`i`.`nama_program` AS `nama_program_khas`,`i`.`status` AS `status_program_khas`,`e`.`id_negeri` AS `id_negeri`,`j`.`kod_negeri` AS `kod_negeri`,`j`.`nama_negeri` AS `nama_negeri`,`b`.`kewarganegaraan` AS `kewarganegaraan`,`k`.`kewarganegaraan` AS `ket_warganegara`,`l`.`id` AS `id_temuduga_tetapan`,`l`.`keputusan_temuduga` AS `keputusan_temuduga`,`l`.`jenis_pelatih` AS `jenis_pelatih` from (((((((((((`permohonan_kursus_lpp09` `a` join `permohonan_butir_peribadi` `b` on((`a`.`id_permohonan` = `b`.`id`))) join `settings_tawaran_kursus` `c` on((`a`.`id_settings_tawaran_kursus` = `c`.`id`))) join `ref_kursus` `d` on((`c`.`id_kursus` = `d`.`id`))) join `ref_giatmara` `e` on((`c`.`id_giatmara` = `e`.`id`))) join `ref_intake` `f` on((`c`.`id_intake` = `f`.`id`))) left join `ref_kluster` `g` on((`a`.`id_kluster` = `g`.`id`))) left join `ref_lpp09_program_pertandingan` `h` on((`a`.`id_program_pertandingan` = `h`.`id`))) left join `ref_lpp09_program_khas` `i` on((`a`.`id_program_khas` = `i`.`id`))) left join `ref_negeri` `j` on((`e`.`id_negeri` = `j`.`id`))) left join `ref_kewarganegaraan` `k` on((`b`.`kewarganegaraan` = `k`.`id`))) left join `temuduga_tetapan` `l` on(((`b`.`id` = `l`.`id_pemohon`) and (`l`.`jenis_pelatih` = 'LPP09')))) where (`a`.`tawaran_terus` = 0) ;

-- ----------------------------
-- View structure for v_tetapan_temuduga_ori
-- ----------------------------
DROP VIEW IF EXISTS `v_tetapan_temuduga_ori`;
CREATE ALGORITHM=UNDEFINED DEFINER=`gspeluser`@`%` SQL SECURITY DEFINER VIEW `v_tetapan_temuduga_ori` AS select `settings_tawaran_kursus`.`id` AS `id_settings_tawaran_kursus`,`ref_negeri`.`nama_negeri` AS `nama_negeri`,`ref_giatmara`.`nama_giatmara` AS `nama_giatmara`,`ref_kursus`.`nama_kursus` AS `nama_kursus`,`ref_kewarganegaraan`.`kewarganegaraan` AS `kewarganegaraan`,`ref_intake`.`nama_intake` AS `nama_intake`,`permohonan_butir_peribadi`.`nama_penuh` AS `nama_penuh`,`permohonan_butir_peribadi`.`no_mykad` AS `no_mykad`,`permohonan_butir_peribadi`.`tarikh_hantar` AS `tarikh_hantar`,`permohonan_butir_peribadi`.`no_hp` AS `no_hp`,`ref_poskod_bandar_negeri`.`negeri` AS `id_negeri`,`settings_tawaran_kursus`.`id_giatmara` AS `id_giatmara`,`settings_tawaran_kursus`.`id_kursus` AS `id_kursus`,`permohonan_butir_peribadi`.`kewarganegaraan` AS `id_kewarganegaraan`,`settings_tawaran_kursus`.`id_intake` AS `id_intake`,`pelatih`.`id_permohonan` AS `id_permohonan_kursus`,`permohonan_butir_peribadi`.`id` AS `id_permohonan_butir_peribadi`,date_format(`permohonan_butir_peribadi`.`tarikh_hantar`,'%d %M %Y') AS `tarikh_mohon`,`temuduga_tetapan`.`id` AS `id_temuduga_tetapan`,`permohonan_butir_peribadi`.`pengakuan` AS `pengakuan` from (((((((((`settings_tawaran_kursus` join `ref_giatmara` on((`settings_tawaran_kursus`.`id_giatmara` = `ref_giatmara`.`id`))) join `ref_negeri` on((`ref_giatmara`.`id_negeri` = `ref_negeri`.`id`))) join `ref_kursus` on((`settings_tawaran_kursus`.`id_kursus` = `ref_kursus`.`id`))) join `ref_poskod_bandar_negeri` on((`ref_poskod_bandar_negeri`.`negeri` = `ref_negeri`.`id`))) join `permohonan_butir_peribadi` on((`permohonan_butir_peribadi`.`poskod` = `ref_poskod_bandar_negeri`.`id`))) join `ref_kewarganegaraan` on((`permohonan_butir_peribadi`.`kewarganegaraan` = `ref_kewarganegaraan`.`id`))) join `pelatih` on((`pelatih`.`no_mykad` = `permohonan_butir_peribadi`.`no_mykad`))) join `ref_intake` on((`settings_tawaran_kursus`.`id_intake` = `ref_intake`.`id`))) left join `temuduga_tetapan` on(((`temuduga_tetapan`.`id_permohonan` = `pelatih`.`id_permohonan`) and (`temuduga_tetapan`.`id_giatmara` = `settings_tawaran_kursus`.`id_giatmara`) and (`temuduga_tetapan`.`id_kursus` = `settings_tawaran_kursus`.`id`)))) ;

-- ----------------------------
-- Procedure structure for proc_borang_03
-- ----------------------------
DROP PROCEDURE IF EXISTS `proc_borang_03`;
DELIMITER ;;
CREATE DEFINER=`gspeluser`@`%` PROCEDURE `proc_borang_03`(IN butir_peribadi_id int, IN `pelatih_id` int, IN giatmara_id int, IN kursus_id int)
BEGIN
	(SELECT
		`kod_modul`,
	`nama_modul`,
	`jam_kredit`,
`pb`,
`pam`,
`markah`,
`gred_keterampilan`,
	`gredpoin_keterampilan`,
	`poin_keterampilan`,
	`tahap_keterampilan`
FROM
	v_kurikulum_p1_screen2_detail
WHERE
	v_kurikulum_p1_screen2_detail.id_permohonan_butir_peribadi = butir_peribadi_id AND v_kurikulum_p1_screen2_detail.id_pelatih = pelatih_id AND v_kurikulum_p1_screen2_detail.id_giatmara = giatmara_id AND v_kurikulum_p1_screen2_detail.id_ref_kursus = kursus_id) 
UNION
(SELECT
'GCPA',
	'',
	`gcpa`,
'',
'',
'',
'',
	'',
	'',
	`tahap_keterampilan`
FROM
v_kurikulum_p1_screen4_detail
WHERE
v_kurikulum_p1_screen4_detail.id_permohonan_butir_peribadi = butir_peribadi_id AND v_kurikulum_p1_screen4_detail.id_pelatih = pelatih_id AND v_kurikulum_p1_screen4_detail.id_giatmara = giatmara_id AND v_kurikulum_p1_screen4_detail.id_ref_kursus = kursus_id
)
; END
;;
DELIMITER ;

-- ----------------------------
-- Procedure structure for proc_giatmara_kursus
-- ----------------------------
DROP PROCEDURE IF EXISTS `proc_giatmara_kursus`;
DELIMITER ;;
CREATE DEFINER=`gspeluser`@`%` PROCEDURE `proc_giatmara_kursus`()
BEGIN
	DECLARE bDone INT;

  DECLARE varA VARCHAR(250);
  DECLARE varB VARCHAR(250);
  DECLARE varC VARCHAR(30);

  DECLARE var1 VARCHAR(250);
  DECLARE var2 VARCHAR(250);
  DECLARE var3 VARCHAR(30);
  DECLARE var4 VARCHAR(60);

	DECLARE curs CURSOR FOR SELECT DISTINCT nama_kluster, nama_kursus, nama_negeri, nama_giatmara FROM `v_giatmara_kursus` ORDER BY 1, 2, 3, 4;
  DECLARE CONTINUE HANDLER FOR NOT FOUND SET bDone = 1;

  DROP TEMPORARY TABLE IF EXISTS tblResults;
  CREATE TEMPORARY TABLE IF NOT EXISTS tblResults  (
    nama_klusterT VARCHAR(250), nama_kursusT VARCHAR(250), nama_negeriT VARCHAR(30), nama_kluster VARCHAR(250), nama_kursus VARCHAR(250), nama_negeri VARCHAR(30), nama_giatmara VARCHAR(60)
  );

  OPEN curs;

  SET bDone = 0;
	SET varA = '';
	SET varB = '';
	SET varC = '';
  REPEAT
    FETCH curs INTO var1, var2, var3, var4;

		IF varC = var3 THEN
			SET varC = '';
		ELSE
			SET varC = var3;
		END IF;

		IF varB = var2 THEN
			SET varB = '';
		ELSE
			SET varB = var2;
			SET varC = var3;
		END IF;

		IF varA = var1 THEN
			SET varA = '';
		ELSE
			SET varA = var1;
			SET varB = var2;
			SET varC = var3;
		END IF;

    INSERT INTO tblResults VALUES (var1, var2, var3, varA, varB, varC, var4);

		SET varA = var1;
		SET varB = var2;
		SET varC = var3;

  UNTIL bDone END REPEAT;

  CLOSE curs;
  SELECT nama_kluster, nama_kursus, nama_negeri, nama_giatmara FROM tblResults;
END
;;
DELIMITER ;

-- ----------------------------
-- Procedure structure for proc_pemarkahan_modul
-- ----------------------------
DROP PROCEDURE IF EXISTS `proc_pemarkahan_modul`;
DELIMITER ;;
CREATE DEFINER=`gspeluser`@`%` PROCEDURE `proc_pemarkahan_modul`(IN `giatmara` int, IN `kursus` int, IN `jeniskursus` varchar(16), IN `sesi` int)
BEGIN
	(SELECT
ref_giatmara.nama_giatmara,
ref_kursus.nama_kursus,
ref_kursus.jenis_kursus AS jenis,
markah_modul.id_modul,
pelatih.jenis_pelatih AS jenis_kursus,
ref_intake.nama_intake,
ref_modul.kod_modul,
ref_modul.nama_modul,
COUNT(pelatih.id_pelatih) AS jumlah_pelatih,
	SUM(
		CASE
		WHEN markah_modul.status_terampil = 1 THEN
			1
		ELSE
			0
		END
	) AS terampil,
	SUM(
		CASE
		WHEN markah_modul.status_terampil = 2 THEN
			1
		ELSE
			0
		END
	) AS tidak_terampil,
Sum(CASE WHEN (markah_modul.status_isi_markah = 0) THEN 1 ELSE 0 END) AS belum_isi,
Sum(CASE WHEN (markah_modul.status_isi_markah = 1) THEN 1 ELSE 0 END) AS telah_disimpan,
Sum(CASE WHEN (markah_modul.status_isi_markah = 2) THEN 1 ELSE 0 END) AS hantar_ke_pengurus,
Sum(CASE WHEN (markah_modul.status_isi_markah = 3) THEN 1 ELSE 0 END) AS dikembalikan,
Sum(CASE WHEN (markah_modul.status_isi_markah = 4) THEN 1 ELSE 0 END) AS hantar_ke_pgn,
Sum(CASE WHEN (markah_modul.status_isi_markah = 5) THEN 1 ELSE 0 END) AS dikembalikan_oleh_pgn,
Sum(CASE WHEN (markah_modul.status_isi_markah = 6) THEN 1 ELSE 0 END) AS hantar_ke_ppkl,
Sum(CASE WHEN (markah_modul.status_isi_markah = 7) THEN 1 ELSE 0 END) AS disahkan_oleh_ppkl,
Sum(CASE WHEN (markah_modul.status_isi_markah = 8) THEN 1 ELSE 0 END) AS dikembalikan_oleh_ppkl,
settings_tawaran_kursus.id_giatmara,
settings_tawaran_kursus.id AS id_kursus,
ref_kursus.id AS id_ref_kursus,
settings_tawaran_kursus.id_intake
FROM
settings_tawaran_kursus
LEFT JOIN (SELECT * FROM pelatih WHERE (
			CASE
			WHEN jeniskursus = "" THEN
				TRUE
			ELSE
				pelatih.jenis_pelatih = jeniskursus
			END
		)
) pelatih ON pelatih.id_kursus = settings_tawaran_kursus.id
INNER JOIN ref_kursus ON settings_tawaran_kursus.id_kursus = ref_kursus.id
INNER JOIN ref_modul ON ref_modul.id_kursus = settings_tawaran_kursus.id_kursus
INNER JOIN ref_giatmara ON settings_tawaran_kursus.id_giatmara = ref_giatmara.id AND pelatih.id_giatmara = ref_giatmara.id
INNER JOIN ref_intake ON settings_tawaran_kursus.id_intake = ref_intake.id
LEFT JOIN (SELECT * FROM markah_modul WHERE markah_modul.id_modul IS NOT NULL) markah_modul ON markah_modul.id_pelatih = pelatih.id_pelatih AND ref_modul.id_modul = markah_modul.id_modul AND settings_tawaran_kursus.id = markah_modul.id_kursus
WHERE
	settings_tawaran_kursus.id_giatmara = giatmara
AND settings_tawaran_kursus.id_kursus = kursus
AND settings_tawaran_kursus.status = 1
-- AND settings_tawaran_kursus.id_intake = `sesi`
GROUP BY
	ref_giatmara.nama_giatmara,
ref_kursus.nama_kursus,
ref_kursus.jenis_kursus,
markah_modul.id_modul,
pelatih.jenis_pelatih,
ref_intake.nama_intake,
ref_modul.kod_modul,
ref_modul.nama_modul,
settings_tawaran_kursus.id_giatmara,
settings_tawaran_kursus.id,
ref_kursus.id,
settings_tawaran_kursus.id_intake) 
UNION
(SELECT
ref_giatmara.nama_giatmara,
ref_kursus.nama_kursus,
ref_kursus.jenis_kursus AS jenis,
null AS id_modul,
null AS jenis_kursus,
ref_intake.nama_intake,
'BAHAGIAN B' AS kod_modul,
'PENILAIAN SUBJEK' AS nama_modul,
Count(t1.id_pelatih) AS jumlah_pelatih,
null AS terampil,
null AS tidak_terampil,
Sum(CASE WHEN (markah_modul_2.status_isi_markah = 0) THEN 1 ELSE 0 END) AS belum_isi,
Sum(CASE WHEN (markah_modul_2.status_isi_markah = 1) THEN 1 ELSE 0 END) AS telah_disimpan,
Sum(CASE WHEN (markah_modul_2.status_isi_markah = 2) THEN 1 ELSE 0 END) AS hantar_ke_pengurus,
Sum(CASE WHEN (markah_modul_2.status_isi_markah = 3) THEN 1 ELSE 0 END) AS dikembalikan,
Sum(CASE WHEN (markah_modul_2.status_isi_markah = 4) THEN 1 ELSE 0 END) AS hantar_ke_pgn,
Sum(CASE WHEN (markah_modul_2.status_isi_markah = 5) THEN 1 ELSE 0 END) AS dikembalikan_oleh_pgn,
Sum(CASE WHEN (markah_modul_2.status_isi_markah = 6) THEN 1 ELSE 0 END) AS hantar_ke_ppkl,
Sum(CASE WHEN (markah_modul_2.status_isi_markah = 7) THEN 1 ELSE 0 END) AS disahkan_oleh_ppkl,
Sum(CASE WHEN (markah_modul_2.status_isi_markah = 8) THEN 1 ELSE 0 END) AS dikembalikan_oleh_ppkl,
settings_tawaran_kursus.id_giatmara,
settings_tawaran_kursus.id AS id_kursus,
settings_tawaran_kursus.id_kursus AS id_ref_kursus,
settings_tawaran_kursus.id_intake
FROM
settings_tawaran_kursus
INNER JOIN (
	SELECT
		*
	FROM
		pelatih
	WHERE
		(
			CASE
			WHEN jeniskursus = "" THEN
				TRUE
			ELSE
				pelatih.jenis_pelatih = jeniskursus
			END
		)
) t1 ON t1.id_kursus = settings_tawaran_kursus.id AND t1.id_giatmara = settings_tawaran_kursus.id_giatmara
LEFT JOIN markah_modul_2 ON t1.id_pelatih = markah_modul_2.id_pelatih AND t1.id_kursus = markah_modul_2.id_kursus
INNER JOIN ref_kursus ON settings_tawaran_kursus.id_kursus = ref_kursus.id
INNER JOIN ref_giatmara ON settings_tawaran_kursus.id_giatmara = ref_giatmara.id
INNER JOIN ref_intake ON settings_tawaran_kursus.id_intake = ref_intake.id
WHERE
settings_tawaran_kursus.id_giatmara = giatmara AND
settings_tawaran_kursus.id_kursus = kursus AND
settings_tawaran_kursus.status = 1 AND
settings_tawaran_kursus.id_intake = sesi
GROUP BY
settings_tawaran_kursus.id,
settings_tawaran_kursus.id_kursus,
settings_tawaran_kursus.id_giatmara,
settings_tawaran_kursus.status,
settings_tawaran_kursus.id_intake,
ref_giatmara.nama_giatmara,
ref_kursus.nama_kursus,
ref_kursus.jenis_kursus,
ref_intake.nama_intake
)
; END
;;
DELIMITER ;

-- ----------------------------
-- Function structure for get_no_pelatih_baru
-- ----------------------------
DROP FUNCTION IF EXISTS `get_no_pelatih_baru`;
DELIMITER ;;
CREATE DEFINER=`gspeluser`@`%` FUNCTION `get_no_pelatih_baru`() RETURNS varchar(45) CHARSET utf8mb4 COLLATE utf8mb4_unicode_ci
BEGIN
	DECLARE hasil VARCHAR(45);

	SET hasil = (SELECT CONCAT(DATE_FORMAT(NOW(), "%Y%m"), LPAD(COALESCE(MAX(CAST(SUBSTR(no_pelatih,7,4) AS signed)), NULL, 0) + 1,4,'0')) AS no_pelatih_baru FROM pelatih WHERE SUBSTR(no_pelatih,1,6) = DATE_FORMAT(NOW(), "%Y%m"));

	RETURN hasil;
END
;;
DELIMITER ;
DROP TRIGGER IF EXISTS `lpp06_after_update`;
DELIMITER ;;
CREATE TRIGGER `lpp06_after_update` AFTER UPDATE ON `lpp_06` FOR EACH ROW BEGIN

UPDATE 
pelatih t1
JOIN lpp_06 t2 ON t2.id_pelatih = t1.id_pelatih 
JOIN kew_bank t3 ON t3.`name` = t2.nama_bank_baru
SET t1.cara_bayaran = t2.cara_bayaran_baru, t1.nama_bank = t3.id, t1.no_akaun = t2.no_akaun_baru
WHERE t2.id = new.id AND t2.status_jana = 1;

END
;;
DELIMITER ;
DROP TRIGGER IF EXISTS `lpp08_after_update`;
DELIMITER ;;
CREATE TRIGGER `lpp08_after_update` AFTER UPDATE ON `lpp_08` FOR EACH ROW BEGIN

UPDATE 
pelatih t1
JOIN lpp_08 t2 ON t2.id_pelatih = t1.id_pelatih 
SET t1.status_pelatih = t2.status_baru
WHERE t2.id = new.id AND t2.status_jana = 1;

END
;;
DELIMITER ;
DROP TRIGGER IF EXISTS `lpp10_after_update`;
DELIMITER ;;
CREATE TRIGGER `lpp10_after_update` AFTER UPDATE ON `lpp_10` FOR EACH ROW BEGIN

DECLARE var1 int;
DECLARE var2 int;
DECLARE var3 int;
DECLARE var4 int;

if (new.status_jana = 1) then
select id_kursus, id_giatmara into var3, var4 from settings_tawaran_kursus where id = (select p.id_kursus from pelatih p where p.id_pelatih = new.id_pelatih);

IF (new.giatmara_baru is not null) and (new.kursus_baru is not null) then
SELECT id, id_giatmara into var1, var2 FROM settings_tawaran_kursus WHERE id_giatmara = new.giatmara_baru AND id_kursus = new.kursus_baru;
update pelatih set id_kursus = var1, id_giatmara = new.giatmara_baru where id_pelatih = new.id_pelatih;
elseif new.giatmara_baru is not null then
SELECT id, id_giatmara into var1, var2 FROM settings_tawaran_kursus WHERE id_giatmara = new.giatmara_baru AND id_kursus = var3;
update pelatih set id_kursus = var1, id_giatmara = new.giatmara_baru where id_pelatih = new.id_pelatih;
elseif new.kursus_baru is not null then
SELECT id, id_giatmara into var1, var2 FROM settings_tawaran_kursus WHERE id_giatmara = var4 AND id_kursus = new.kursus_baru;
update pelatih set id_kursus = var1 where id_pelatih = new.id_pelatih;
end if;

DELETE FROM markah_modul WHERE id_pelatih = new.id_pelatih;

INSERT INTO markah_modul (
	id_pelatih,
	id_kursus,
	id_modul,
	status_isi_markah
) SELECT
	pelatih.id_pelatih,
	settings_tawaran_kursus.id_kursus,
	ref_modul.id_modul,
	0
FROM
	pelatih
INNER JOIN settings_tawaran_kursus ON pelatih.id_kursus = settings_tawaran_kursus.id
INNER JOIN ref_modul ON ref_modul.id_kursus = settings_tawaran_kursus.id_kursus
WHERE
	pelatih.id_pelatih = new.id_pelatih;


DELETE FROM markah_modul_2 WHERE id_pelatih = new.id_pelatih;

INSERT INTO markah_modul_2 (
	id_pelatih,
	id_kursus,
	status_isi_markah
) SELECT
	pelatih.id_pelatih,
	settings_tawaran_kursus.id_kursus,
	0
FROM
	pelatih
INNER JOIN settings_tawaran_kursus ON pelatih.id_kursus = settings_tawaran_kursus.id
WHERE
	pelatih.id_pelatih = new.id_pelatih;

DELETE FROM markah_modul_status WHERE id_pelatih = new.id_pelatih;

INSERT INTO markah_modul_status (
	id_pelatih
) VALUES (new.id_pelatih);

end if;

END
;;
DELIMITER ;
DROP TRIGGER IF EXISTS `lpp5a_after_update`;
DELIMITER ;;
CREATE TRIGGER `lpp5a_after_update` AFTER UPDATE ON `lpp_5a` FOR EACH ROW BEGIN

UPDATE 
`permohonan_butir_peribadi` t0
JOIN pelatih t1 ON t1.no_mykad = t0.no_mykad 
JOIN lpp_5a t2 ON t2.id_pelatih = t1.id_pelatih 
SET t0.nama_penuh = t2.nama_baru 
WHERE t2.id = new.id AND t2.status_jana = 1;

END
;;
DELIMITER ;
DROP TRIGGER IF EXISTS `lpp5b_before_insert`;
DELIMITER ;;
CREATE TRIGGER `lpp5b_before_insert` BEFORE INSERT ON `lpp_5b` FOR EACH ROW BEGIN

set new.umur_baru = (SELECT TIMESTAMPDIFF(YEAR, new.tarikh_lahir_baru, CURDATE()));

END
;;
DELIMITER ;
DROP TRIGGER IF EXISTS `lpp5b_before_update`;
DELIMITER ;;
CREATE TRIGGER `lpp5b_before_update` BEFORE UPDATE ON `lpp_5b` FOR EACH ROW BEGIN

set new.umur_baru = (SELECT TIMESTAMPDIFF(YEAR, new.tarikh_lahir_baru, CURDATE()));

END
;;
DELIMITER ;
DROP TRIGGER IF EXISTS `lpp5b_after_update`;
DELIMITER ;;
CREATE TRIGGER `lpp5b_after_update` AFTER UPDATE ON `lpp_5b` FOR EACH ROW BEGIN

if (new.status_jana = 1) then
UPDATE 
`permohonan_butir_peribadi` t0
JOIN pelatih t1 ON t1.no_mykad = t0.no_mykad 
JOIN lpp_5b t2 ON t2.id_pelatih = t1.id_pelatih 
SET t0.no_mykad = t2.mykad_baru, t0.tarikh_lahir = t2.tarikh_lahir_baru, t0.umur = t2.umur_baru, t0.jantina = t2.jantina_baru
WHERE t2.id = new.id AND t2.status_jana = 1;

UPDATE pelatih set no_mykad = new.mykad_baru where id_pelatih = new.id_pelatih;

end if;

END
;;
DELIMITER ;
DROP TRIGGER IF EXISTS `lpp5d_after_update`;
DELIMITER ;;
CREATE TRIGGER `lpp5d_after_update` AFTER UPDATE ON `lpp_5d` FOR EACH ROW BEGIN

UPDATE 
`permohonan_butir_peribadi` t0
JOIN pelatih t1 ON t1.no_mykad = t0.no_mykad 
JOIN lpp_5d t2 ON t2.id_pelatih = t1.id_pelatih 
SET t0.alamat = t2.alamat_baru,
t0.poskod = t2.poskod_baru,
t0.kewarganegaraan = t2.kewarganegaraan_baru,
t0.taraf_perkahwinan = t2.taraf_perkahwinan_baru,
t0.no_hp = t2.no_hp_baru
WHERE t2.id = new.id AND t2.status_jana = 1;

-- UPDATE pelatih set no_mykad = new.mykad_baru where id_pelatih = new.id_pelatih;

END
;;
DELIMITER ;
DROP TRIGGER IF EXISTS `markah_modul_before_insert`;
DELIMITER ;;
CREATE TRIGGER `markah_modul_before_insert` BEFORE INSERT ON `markah_modul` FOR EACH ROW BEGIN

-- SET new.markah = (
--	(
--		new.pb_teori * 20 / 100 + new.pb_amali * 80 / 100
--	) * 70 / 100 + (
--		new.pam_teori * 20 / 100 + new.pam_amali * 80 / 100
--	) * 30 / 100
-- ) ;

if (select pb_teori from ref_markah) < new.pb_teori then
     set @message_text = concat('pb_teori tidak boleh lebih dari ',  (select pb_teori from ref_markah));
     SIGNAL SQLSTATE '45000'
                    SET MESSAGE_TEXT = @message_text;
elseif (select pb_amali from ref_markah) < new.pb_amali then
     set @message_text = concat('pb_amali tidak boleh lebih dari ',  (select pb_amali from ref_markah));
     SIGNAL SQLSTATE '45000'
                    SET MESSAGE_TEXT = @message_text;
elseif (select pam_teori from ref_markah) < new.pam_teori then
     set @message_text = concat('pam_teori tidak boleh lebih dari ',  (select pam_teori from ref_markah));
     SIGNAL SQLSTATE '45000'
                    SET MESSAGE_TEXT = @message_text;
elseif (select pam_amali from ref_markah) < new.pam_amali then
     set @message_text = concat('pam_amali tidak boleh lebih dari ',  (select pam_amali from ref_markah));
     SIGNAL SQLSTATE '45000'
                    SET MESSAGE_TEXT = @message_text;
else
     SET new.markah = (
	(
		new.pb_teori + new.pb_amali
	) * 70 / 100 + (
		new.pam_teori + new.pam_amali
	) * 30 / 100
) ;
end if;
END
;;
DELIMITER ;
DROP TRIGGER IF EXISTS `markah_modul_after_insert`;
DELIMITER ;;
CREATE TRIGGER `markah_modul_after_insert` AFTER INSERT ON `markah_modul` FOR EACH ROW BEGIN

SELECT SUM((poin_keterampilan))/SUM(jam_kredit) into @vargcpa FROM v_kurikulum_p1_screen2_detail WHERE id_kursus = new.id_kursus AND id_pelatih = new.id_pelatih;

UPDATE markah_modul_2 SET gcpa = @vargcpa WHERE id_kursus = new.id_kursus AND id_pelatih = new.id_pelatih;

 END
;;
DELIMITER ;
DROP TRIGGER IF EXISTS `markah_modul_before_update`;
DELIMITER ;;
CREATE TRIGGER `markah_modul_before_update` BEFORE UPDATE ON `markah_modul` FOR EACH ROW BEGIN

-- SET new.markah = (
--	(
--		new.pb_teori * 20 / 100 + new.pb_amali * 80 / 100
--	) * 70 / 100 + (
--		new.pam_teori * 20 / 100 + new.pam_amali * 80 / 100
--	) * 30 / 100
-- ) ;
if (select pb_teori from ref_markah) < new.pb_teori then
     set @message_text = concat('pb_teori tidak boleh lebih dari ',  (select pb_teori from ref_markah));
     SIGNAL SQLSTATE '45000'
                    SET MESSAGE_TEXT = @message_text;
elseif (select pb_amali from ref_markah) < new.pb_amali then
     set @message_text = concat('pb_amali tidak boleh lebih dari ',  (select pb_amali from ref_markah));
     SIGNAL SQLSTATE '45000'
                    SET MESSAGE_TEXT = @message_text;
elseif (select pam_teori from ref_markah) < new.pam_teori then
     set @message_text = concat('pam_teori tidak boleh lebih dari ',  (select pam_teori from ref_markah));
     SIGNAL SQLSTATE '45000'
                    SET MESSAGE_TEXT = @message_text;
elseif (select pam_amali from ref_markah) < new.pam_amali then
     set @message_text = concat('pam_amali tidak boleh lebih dari ',  (select pam_amali from ref_markah));
     SIGNAL SQLSTATE '45000'
                    SET MESSAGE_TEXT = @message_text;
else
     SET new.markah = (
	(
		new.pb_teori + new.pb_amali
	) * 70 / 100 + (
		new.pam_teori + new.pam_amali
	) * 30 / 100
) ;
end if;

 END
;;
DELIMITER ;
DROP TRIGGER IF EXISTS `markah_modul_after_update`;
DELIMITER ;;
CREATE TRIGGER `markah_modul_after_update` AFTER UPDATE ON `markah_modul` FOR EACH ROW BEGIN

SELECT SUM((poin_keterampilan))/SUM(jam_kredit) into @vargcpa FROM v_kurikulum_p1_screen2_detail WHERE id_kursus = new.id_kursus AND id_pelatih = new.id_pelatih;

UPDATE markah_modul_2 SET gcpa = @vargcpa WHERE id_kursus = new.id_kursus AND id_pelatih = new.id_pelatih;

 END
;;
DELIMITER ;
DROP TRIGGER IF EXISTS `markah_modul2_before_insert`;
DELIMITER ;;
CREATE TRIGGER `markah_modul2_before_insert` BEFORE INSERT ON `markah_modul_2` FOR EACH ROW BEGIN

SELECT SUM((poin_keterampilan))/SUM(jam_kredit) into @vargcpa FROM v_kurikulum_p1_screen2_detail WHERE id_kursus = new.id_kursus AND id_pelatih = new.id_pelatih;

SET new.gcpa = @vargcpa;

 END
;;
DELIMITER ;
DROP TRIGGER IF EXISTS `pelatih_after_insert`;
DELIMITER ;;
CREATE TRIGGER `pelatih_after_insert` AFTER INSERT ON `pelatih` FOR EACH ROW BEGIN

  DECLARE bDone INT;

  DECLARE var1 INT;
  
  -- DECLARE curs CURSOR FOR SELECT ref_modul.id_modul FROM ref_modul WHERE ref_modul.id_kursus = (SELECT settings_tawaran_kursus.id_kursus FROM settings_tawaran_kursus WHERE settings_tawaran_kursus.id = new.id_kursus);
  -- DECLARE CONTINUE HANDLER FOR NOT FOUND SET bDone = 1;

  -- SET @idtemuduga = (SELECT temuduga_tetapan.id FROM temuduga_tetapan WHERE temuduga_tetapan.id_permohonan = new.id_permohonan);
  -- SET @idkewpotongan = (SELECT temuduga_tetapan_potongan.id_kew_potongan FROM temuduga_tetapan_potongan WHERE temuduga_tetapan_potongan.id_temudga_tetapan = @idtemuduga);

-- INSERT INTO pelatih_potongan (id_pelatih, id_kew_potongan) VALUES (new.id_pelatih, @idkewpotongan);

  -- OPEN curs;

  -- REPEAT
    -- FETCH curs INTO var1;

    -- INSERT INTO markah_modul (id_pelatih, id_kursus, id_modul) VALUES (new.id_pelatih, new.id_kursus, var1);

  -- UNTIL bDone END REPEAT;

  -- CLOSE curs;

  -- INSERT INTO markah_modul_2 (id_pelatih, id_kursus) VALUES (new.id_pelatih, new.id_kursus);

END
;;
DELIMITER ;
DROP TRIGGER IF EXISTS `ref_markah_before_insert`;
DELIMITER ;;
CREATE TRIGGER `ref_markah_before_insert` BEFORE INSERT ON `ref_markah` FOR EACH ROW BEGIN
          IF NOT ((NEW.pb_teori + NEW.pb_amali = 100) AND (NEW.pam_teori + NEW.pam_amali = 100))
          THEN
               SIGNAL SQLSTATE '45000'
                    SET MESSAGE_TEXT = 'pb_teori + pb_amali harus 100 dan pam_teori + pam_amali juga harus 100';
          END IF;
     END
;;
DELIMITER ;
DROP TRIGGER IF EXISTS `ref_markah_before_update`;
DELIMITER ;;
CREATE TRIGGER `ref_markah_before_update` BEFORE UPDATE ON `ref_markah` FOR EACH ROW BEGIN
          IF NOT ((NEW.pb_teori + NEW.pb_amali = 100) AND (NEW.pam_teori + NEW.pam_amali = 100))
          THEN
               SIGNAL SQLSTATE '45000'
                    SET MESSAGE_TEXT = 'pb_teori + pb_amali harus 100 dan pam_teori + pam_amali juga harus 100';
          END IF;
     END
;;
DELIMITER ;
DROP TRIGGER IF EXISTS `temuduga_tetapan_after_insert`;
DELIMITER ;;
CREATE TRIGGER `temuduga_tetapan_after_insert` AFTER UPDATE ON `temuduga_tetapan` FOR EACH ROW BEGIN

IF new.pendaftaran_status = 5000000 THEN
SET @newidpermohonan = new.id_permohonan;
SET @idpermohonan = (SELECT permohonan_kursus.id_permohonan FROM permohonan_kursus WHERE permohonan_kursus.id = @newidpermohonan);
SET @varnomykad = (SELECT permohonan_butir_peribadi.no_mykad FROM permohonan_butir_peribadi WHERE permohonan_butir_peribadi.id = @idpermohonan);

	INSERT INTO pelatih (
		id_permohonan,
		no_pelatih,
		no_mykad,
		id_giatmara,
		id_kursus,
		status_pelatih,
		kelayakan_elaun,
		nama_bank,
		no_akaun,
		cara_bayaran,
		id_kew_kod_kombinasi,
		tarikh_mula_kursus,
		tarikh_tamat_kursus
	)
VALUES
	(
		new.id_permohonan,
		(
			SELECT
				get_no_pelatih_baru ()
		),
		@varnomykad,
		new.id_giatmara,
		(
			CASE
			WHEN new.id_kursus_sah > 0 THEN
				new.id_kursus_sah
			ELSE
				new.id_kursus
			END
		),
		1,
		new.tawaran_elaun,
		new.tawaran_nama_bank,
		new.tawaran_no_akaun,
		new.tawaran_cara_bayaran,
		new.id_kew_kod_kombinasi,
		new.tawaran_mula_elaun, 
new.tawaran_tamat_elaun
);

END IF;

END
;;
DELIMITER ;
